[{"angle":292.5,"time":1,"type":"block","tap":true},{"angle":337.5,"time":2.5,"type":"block"},{"angle":0,"time":4.3016095161438,"angle2":67.5,"startTap":true,"type":"hold","duration":1.4550000429153},{"angle":135,"time":7.5,"type":"block","tap":true},{"angle":67.5,"time":9.2119131088257,"angle2":-22.5,"duration":1.5,"type":"hold","endTap":true},{"angle":22.5,"time":4.3016095161438,"angle2":67.5,"startTap":true,"type":"hold","duration":1.4550000429153},{"angle":45,"time":9.2119131088257,"angle2":-22.5,"duration":1.5,"type":"hold"},{"angle":360,"time":14,"speedMult":9,"type":"mine"},{"angle":330,"time":14,"speedMult":9,"type":"mine"},{"angle":300,"time":14,"speedMult":9,"type":"mine"},{"angle":270,"time":14,"speedMult":9,"type":"mine"},{"angle":240,"time":14,"speedMult":9,"type":"mine"},{"angle":210,"time":14,"speedMult":9,"type":"mine"},{"angle":180,"time":14,"speedMult":9,"type":"mine"},{"angle":150,"time":14,"speedMult":9,"type":"mine"},{"angle":120,"time":14,"speedMult":9,"type":"mine"},{"angle":90,"time":14,"speedMult":9,"type":"mine"},{"angle":60,"time":14,"speedMult":9,"type":"mine"},{"angle":30,"time":14,"speedMult":9,"type":"mine"},{"angle":375,"time":14,"speedMult":9,"type":"mine"},{"angle":345,"time":14,"speedMult":9,"type":"mine"},{"angle":315,"time":14,"speedMult":9,"type":"mine"},{"angle":285,"time":14,"speedMult":9,"type":"mine"},{"angle":255,"time":14,"speedMult":9,"type":"mine"},{"angle":225,"time":14,"speedMult":9,"type":"mine"},{"angle":195,"time":14,"speedMult":9,"type":"mine"},{"angle":165,"time":14,"speedMult":9,"type":"mine"},{"angle":135,"time":14,"speedMult":9,"type":"mine"},{"angle":105,"time":14,"speedMult":9,"type":"mine"},{"angle":75,"time":14,"speedMult":9,"type":"mine"},{"angle":45,"time":14,"speedMult":9,"type":"mine"},{"angle":360,"time":14.5,"speedMult":9,"type":"mine"},{"angle":330,"time":14.5,"speedMult":9,"type":"mine"},{"angle":300,"time":14.5,"speedMult":9,"type":"mine"},{"angle":270,"time":14.5,"speedMult":9,"type":"mine"},{"angle":240,"time":14.5,"speedMult":9,"type":"mine"},{"angle":210,"time":14.5,"speedMult":9,"type":"mine"},{"angle":180,"time":14.5,"speedMult":9,"type":"mine"},{"angle":150,"time":14.5,"speedMult":9,"type":"mine"},{"angle":120,"time":14.5,"speedMult":9,"type":"mine"},{"angle":90,"time":14.5,"speedMult":9,"type":"mine"},{"angle":60,"time":14.5,"speedMult":9,"type":"mine"},{"angle":30,"time":14.5,"speedMult":9,"type":"mine"},{"angle":375,"time":14.5,"speedMult":9,"type":"mine"},{"angle":345,"time":14.5,"speedMult":9,"type":"mine"},{"angle":315,"time":14.5,"speedMult":9,"type":"mine"},{"angle":285,"time":14.5,"speedMult":9,"type":"mine"},{"angle":255,"time":14.5,"speedMult":9,"type":"mine"},{"angle":225,"time":14.5,"speedMult":9,"type":"mine"},{"angle":195,"time":14.5,"speedMult":9,"type":"mine"},{"angle":165,"time":14.5,"speedMult":9,"type":"mine"},{"angle":135,"time":14.5,"speedMult":9,"type":"mine"},{"angle":105,"time":14.5,"speedMult":9,"type":"mine"},{"angle":75,"time":14.5,"speedMult":9,"type":"mine"},{"angle":45,"time":14.5,"speedMult":9,"type":"mine"},{"angle":367.5,"time":14.25,"speedMult":9,"type":"mine"},{"angle":337.5,"time":14.25,"speedMult":9,"type":"mine"},{"angle":307.5,"time":14.25,"speedMult":9,"type":"mine"},{"angle":277.5,"time":14.25,"speedMult":9,"type":"mine"},{"angle":247.5,"time":14.25,"speedMult":9,"type":"mine"},{"angle":217.5,"time":14.25,"speedMult":9,"type":"mine"},{"angle":187.5,"time":14.25,"speedMult":9,"type":"mine"},{"angle":157.5,"time":14.25,"speedMult":9,"type":"mine"},{"angle":127.5,"time":14.25,"speedMult":9,"type":"mine"},{"angle":97.5,"time":14.25,"speedMult":9,"type":"mine"},{"angle":67.5,"time":14.25,"speedMult":9,"type":"mine"},{"angle":37.5,"time":14.25,"speedMult":9,"type":"mine"},{"angle":382.5,"time":14.25,"speedMult":9,"type":"mine"},{"angle":352.5,"time":14.25,"speedMult":9,"type":"mine"},{"angle":322.5,"time":14.25,"speedMult":9,"type":"mine"},{"angle":292.5,"time":14.25,"speedMult":9,"type":"mine"},{"angle":262.5,"time":14.25,"speedMult":9,"type":"mine"},{"angle":232.5,"time":14.25,"speedMult":9,"type":"mine"},{"angle":202.5,"time":14.25,"speedMult":9,"type":"mine"},{"angle":172.5,"time":14.25,"speedMult":9,"type":"mine"},{"angle":142.5,"time":14.25,"speedMult":9,"type":"mine"},{"angle":112.5,"time":14.25,"speedMult":9,"type":"mine"},{"angle":82.5,"time":14.25,"speedMult":9,"type":"mine"},{"angle":52.5,"time":14.25,"speedMult":9,"type":"mine"},{"angle":367.5,"time":14.75,"speedMult":9,"type":"mine"},{"angle":337.5,"time":14.75,"speedMult":9,"type":"mine"},{"angle":307.5,"time":14.75,"speedMult":9,"type":"mine"},{"angle":277.5,"time":14.75,"speedMult":9,"type":"mine"},{"angle":247.5,"time":14.75,"speedMult":9,"type":"mine"},{"angle":217.5,"time":14.75,"speedMult":9,"type":"mine"},{"angle":187.5,"time":14.75,"speedMult":9,"type":"mine"},{"angle":157.5,"time":14.75,"speedMult":9,"type":"mine"},{"angle":127.5,"time":14.75,"speedMult":9,"type":"mine"},{"angle":97.5,"time":14.75,"speedMult":9,"type":"mine"},{"angle":67.5,"time":14.75,"speedMult":9,"type":"mine"},{"angle":37.5,"time":14.75,"speedMult":9,"type":"mine"},{"angle":382.5,"time":14.75,"speedMult":9,"type":"mine"},{"angle":352.5,"time":14.75,"speedMult":9,"type":"mine"},{"angle":322.5,"time":14.75,"speedMult":9,"type":"mine"},{"angle":292.5,"time":14.75,"speedMult":9,"type":"mine"},{"angle":262.5,"time":14.75,"speedMult":9,"type":"mine"},{"angle":232.5,"time":14.75,"speedMult":9,"type":"mine"},{"angle":202.5,"time":14.75,"speedMult":9,"type":"mine"},{"angle":172.5,"time":14.75,"speedMult":9,"type":"mine"},{"angle":142.5,"time":14.75,"speedMult":9,"type":"mine"},{"angle":112.5,"time":14.75,"speedMult":9,"type":"mine"},{"angle":82.5,"time":14.75,"speedMult":9,"type":"mine"},{"angle":52.5,"time":14.75,"speedMult":9,"type":"mine"},{"angle":360,"time":15,"speedMult":9,"type":"mine"},{"angle":330,"time":15,"speedMult":9,"type":"mine"},{"angle":300,"time":15,"speedMult":9,"type":"mine"},{"angle":270,"time":15,"speedMult":9,"type":"mine"},{"angle":240,"time":15,"speedMult":9,"type":"mine"},{"angle":210,"time":15,"speedMult":9,"type":"mine"},{"angle":180,"time":15,"speedMult":9,"type":"mine"},{"angle":150,"time":15,"speedMult":9,"type":"mine"},{"angle":120,"time":15,"speedMult":9,"type":"mine"},{"angle":90,"time":15,"speedMult":9,"type":"mine"},{"angle":60,"time":15,"speedMult":9,"type":"mine"},{"angle":30,"time":15,"speedMult":9,"type":"mine"},{"angle":375,"time":15,"speedMult":9,"type":"mine"},{"angle":345,"time":15,"speedMult":9,"type":"mine"},{"angle":315,"time":15,"speedMult":9,"type":"mine"},{"angle":285,"time":15,"speedMult":9,"type":"mine"},{"angle":255,"time":15,"speedMult":9,"type":"mine"},{"angle":225,"time":15,"speedMult":9,"type":"mine"},{"angle":195,"time":15,"speedMult":9,"type":"mine"},{"angle":165,"time":15,"speedMult":9,"type":"mine"},{"angle":135,"time":15,"speedMult":9,"type":"mine"},{"angle":105,"time":15,"speedMult":9,"type":"mine"},{"angle":75,"time":15,"speedMult":9,"type":"mine"},{"angle":45,"time":15,"speedMult":9,"type":"mine"},{"angle":360,"time":15.5,"speedMult":9,"type":"mine"},{"angle":330,"time":15.5,"speedMult":9,"type":"mine"},{"angle":300,"time":15.5,"speedMult":9,"type":"mine"},{"angle":270,"time":15.5,"speedMult":9,"type":"mine"},{"angle":240,"time":15.5,"speedMult":9,"type":"mine"},{"angle":210,"time":15.5,"speedMult":9,"type":"mine"},{"angle":180,"time":15.5,"speedMult":9,"type":"mine"},{"angle":150,"time":15.5,"speedMult":9,"type":"mine"},{"angle":120,"time":15.5,"speedMult":9,"type":"mine"},{"angle":90,"time":15.5,"speedMult":9,"type":"mine"},{"angle":60,"time":15.5,"speedMult":9,"type":"mine"},{"angle":30,"time":15.5,"speedMult":9,"type":"mine"},{"angle":375,"time":15.5,"speedMult":9,"type":"mine"},{"angle":345,"time":15.5,"speedMult":9,"type":"mine"},{"angle":315,"time":15.5,"speedMult":9,"type":"mine"},{"angle":285,"time":15.5,"speedMult":9,"type":"mine"},{"angle":255,"time":15.5,"speedMult":9,"type":"mine"},{"angle":225,"time":15.5,"speedMult":9,"type":"mine"},{"angle":195,"time":15.5,"speedMult":9,"type":"mine"},{"angle":165,"time":15.5,"speedMult":9,"type":"mine"},{"angle":135,"time":15.5,"speedMult":9,"type":"mine"},{"angle":105,"time":15.5,"speedMult":9,"type":"mine"},{"angle":75,"time":15.5,"speedMult":9,"type":"mine"},{"angle":45,"time":15.5,"speedMult":9,"type":"mine"},{"angle":367.5,"time":15.25,"speedMult":9,"type":"mine"},{"angle":337.5,"time":15.25,"speedMult":9,"type":"mine"},{"angle":307.5,"time":15.25,"speedMult":9,"type":"mine"},{"angle":277.5,"time":15.25,"speedMult":9,"type":"mine"},{"angle":247.5,"time":15.25,"speedMult":9,"type":"mine"},{"angle":217.5,"time":15.25,"speedMult":9,"type":"mine"},{"angle":187.5,"time":15.25,"speedMult":9,"type":"mine"},{"angle":157.5,"time":15.25,"speedMult":9,"type":"mine"},{"angle":127.5,"time":15.25,"speedMult":9,"type":"mine"},{"angle":97.5,"time":15.25,"speedMult":9,"type":"mine"},{"angle":67.5,"time":15.25,"speedMult":9,"type":"mine"},{"angle":37.5,"time":15.25,"speedMult":9,"type":"mine"},{"angle":382.5,"time":15.25,"speedMult":9,"type":"mine"},{"angle":352.5,"time":15.25,"speedMult":9,"type":"mine"},{"angle":322.5,"time":15.25,"speedMult":9,"type":"mine"},{"angle":292.5,"time":15.25,"speedMult":9,"type":"mine"},{"angle":262.5,"time":15.25,"speedMult":9,"type":"mine"},{"angle":232.5,"time":15.25,"speedMult":9,"type":"mine"},{"angle":202.5,"time":15.25,"speedMult":9,"type":"mine"},{"angle":172.5,"time":15.25,"speedMult":9,"type":"mine"},{"angle":142.5,"time":15.25,"speedMult":9,"type":"mine"},{"angle":112.5,"time":15.25,"speedMult":9,"type":"mine"},{"angle":82.5,"time":15.25,"speedMult":9,"type":"mine"},{"angle":52.5,"time":15.25,"speedMult":9,"type":"mine"},{"angle":367.5,"time":15.75,"speedMult":9,"type":"mine"},{"angle":337.5,"time":15.75,"speedMult":9,"type":"mine"},{"angle":307.5,"time":15.75,"speedMult":9,"type":"mine"},{"angle":277.5,"time":15.75,"speedMult":9,"type":"mine"},{"angle":247.5,"time":15.75,"speedMult":9,"type":"mine"},{"angle":217.5,"time":15.75,"speedMult":9,"type":"mine"},{"angle":187.5,"time":15.75,"speedMult":9,"type":"mine"},{"angle":157.5,"time":15.75,"speedMult":9,"type":"mine"},{"angle":127.5,"time":15.75,"speedMult":9,"type":"mine"},{"angle":97.5,"time":15.75,"speedMult":9,"type":"mine"},{"angle":67.5,"time":15.75,"speedMult":9,"type":"mine"},{"angle":37.5,"time":15.75,"speedMult":9,"type":"mine"},{"angle":382.5,"time":15.75,"speedMult":9,"type":"mine"},{"angle":352.5,"time":15.75,"speedMult":9,"type":"mine"},{"angle":322.5,"time":15.75,"speedMult":9,"type":"mine"},{"angle":292.5,"time":15.75,"speedMult":9,"type":"mine"},{"angle":262.5,"time":15.75,"speedMult":9,"type":"mine"},{"angle":232.5,"time":15.75,"speedMult":9,"type":"mine"},{"angle":202.5,"time":15.75,"speedMult":9,"type":"mine"},{"angle":172.5,"time":15.75,"speedMult":9,"type":"mine"},{"angle":142.5,"time":15.75,"speedMult":9,"type":"mine"},{"angle":112.5,"time":15.75,"speedMult":9,"type":"mine"},{"angle":82.5,"time":15.75,"speedMult":9,"type":"mine"},{"angle":52.5,"time":15.75,"speedMult":9,"type":"mine"},{"angle":360,"time":16,"speedMult":9,"type":"mine"},{"angle":330,"time":16,"speedMult":9,"type":"mine"},{"angle":300,"time":16,"speedMult":9,"type":"mine"},{"angle":270,"time":16,"speedMult":9,"type":"mine"},{"angle":240,"time":16,"speedMult":9,"type":"mine"},{"angle":210,"time":16,"speedMult":9,"type":"mine"},{"angle":180,"time":16,"speedMult":9,"type":"mine"},{"angle":150,"time":16,"speedMult":9,"type":"mine"},{"angle":120,"time":16,"speedMult":9,"type":"mine"},{"angle":90,"time":16,"speedMult":9,"type":"mine"},{"angle":60,"time":16,"speedMult":9,"type":"mine"},{"angle":30,"time":16,"speedMult":9,"type":"mine"},{"angle":375,"time":16,"speedMult":9,"type":"mine"},{"angle":345,"time":16,"speedMult":9,"type":"mine"},{"angle":315,"time":16,"speedMult":9,"type":"mine"},{"angle":285,"time":16,"speedMult":9,"type":"mine"},{"angle":255,"time":16,"speedMult":9,"type":"mine"},{"angle":225,"time":16,"speedMult":9,"type":"mine"},{"angle":195,"time":16,"speedMult":9,"type":"mine"},{"angle":165,"time":16,"speedMult":9,"type":"mine"},{"angle":135,"time":16,"speedMult":9,"type":"mine"},{"angle":105,"time":16,"speedMult":9,"type":"mine"},{"angle":75,"time":16,"speedMult":9,"type":"mine"},{"angle":45,"time":16,"speedMult":9,"type":"mine"},{"angle":360,"time":16.5,"speedMult":9,"type":"mine"},{"angle":330,"time":16.5,"speedMult":9,"type":"mine"},{"angle":300,"time":16.5,"speedMult":9,"type":"mine"},{"angle":270,"time":16.5,"speedMult":9,"type":"mine"},{"angle":240,"time":16.5,"speedMult":9,"type":"mine"},{"angle":210,"time":16.5,"speedMult":9,"type":"mine"},{"angle":180,"time":16.5,"speedMult":9,"type":"mine"},{"angle":150,"time":16.5,"speedMult":9,"type":"mine"},{"angle":120,"time":16.5,"speedMult":9,"type":"mine"},{"angle":90,"time":16.5,"speedMult":9,"type":"mine"},{"angle":60,"time":16.5,"speedMult":9,"type":"mine"},{"angle":30,"time":16.5,"speedMult":9,"type":"mine"},{"angle":375,"time":16.5,"speedMult":9,"type":"mine"},{"angle":345,"time":16.5,"speedMult":9,"type":"mine"},{"angle":315,"time":16.5,"speedMult":9,"type":"mine"},{"angle":285,"time":16.5,"speedMult":9,"type":"mine"},{"angle":255,"time":16.5,"speedMult":9,"type":"mine"},{"angle":225,"time":16.5,"speedMult":9,"type":"mine"},{"angle":195,"time":16.5,"speedMult":9,"type":"mine"},{"angle":165,"time":16.5,"speedMult":9,"type":"mine"},{"angle":135,"time":16.5,"speedMult":9,"type":"mine"},{"angle":105,"time":16.5,"speedMult":9,"type":"mine"},{"angle":75,"time":16.5,"speedMult":9,"type":"mine"},{"angle":45,"time":16.5,"speedMult":9,"type":"mine"},{"angle":367.5,"time":16.25,"speedMult":9,"type":"mine"},{"angle":337.5,"time":16.25,"speedMult":9,"type":"mine"},{"angle":307.5,"time":16.25,"speedMult":9,"type":"mine"},{"angle":277.5,"time":16.25,"speedMult":9,"type":"mine"},{"angle":247.5,"time":16.25,"speedMult":9,"type":"mine"},{"angle":217.5,"time":16.25,"speedMult":9,"type":"mine"},{"angle":187.5,"time":16.25,"speedMult":9,"type":"mine"},{"angle":157.5,"time":16.25,"speedMult":9,"type":"mine"},{"angle":127.5,"time":16.25,"speedMult":9,"type":"mine"},{"angle":97.5,"time":16.25,"speedMult":9,"type":"mine"},{"angle":67.5,"time":16.25,"speedMult":9,"type":"mine"},{"angle":37.5,"time":16.25,"speedMult":9,"type":"mine"},{"angle":382.5,"time":16.25,"speedMult":9,"type":"mine"},{"angle":352.5,"time":16.25,"speedMult":9,"type":"mine"},{"angle":322.5,"time":16.25,"speedMult":9,"type":"mine"},{"angle":292.5,"time":16.25,"speedMult":9,"type":"mine"},{"angle":262.5,"time":16.25,"speedMult":9,"type":"mine"},{"angle":232.5,"time":16.25,"speedMult":9,"type":"mine"},{"angle":202.5,"time":16.25,"speedMult":9,"type":"mine"},{"angle":172.5,"time":16.25,"speedMult":9,"type":"mine"},{"angle":142.5,"time":16.25,"speedMult":9,"type":"mine"},{"angle":112.5,"time":16.25,"speedMult":9,"type":"mine"},{"angle":82.5,"time":16.25,"speedMult":9,"type":"mine"},{"angle":52.5,"time":16.25,"speedMult":9,"type":"mine"},{"angle":367.5,"time":16.75,"speedMult":9,"type":"mine"},{"angle":337.5,"time":16.75,"speedMult":9,"type":"mine"},{"angle":307.5,"time":16.75,"speedMult":9,"type":"mine"},{"angle":277.5,"time":16.75,"speedMult":9,"type":"mine"},{"angle":247.5,"time":16.75,"speedMult":9,"type":"mine"},{"angle":217.5,"time":16.75,"speedMult":9,"type":"mine"},{"angle":187.5,"time":16.75,"speedMult":9,"type":"mine"},{"angle":157.5,"time":16.75,"speedMult":9,"type":"mine"},{"angle":127.5,"time":16.75,"speedMult":9,"type":"mine"},{"angle":97.5,"time":16.75,"speedMult":9,"type":"mine"},{"angle":67.5,"time":16.75,"speedMult":9,"type":"mine"},{"angle":37.5,"time":16.75,"speedMult":9,"type":"mine"},{"angle":382.5,"time":16.75,"speedMult":9,"type":"mine"},{"angle":352.5,"time":16.75,"speedMult":9,"type":"mine"},{"angle":322.5,"time":16.75,"speedMult":9,"type":"mine"},{"angle":292.5,"time":16.75,"speedMult":9,"type":"mine"},{"angle":262.5,"time":16.75,"speedMult":9,"type":"mine"},{"angle":232.5,"time":16.75,"speedMult":9,"type":"mine"},{"angle":202.5,"time":16.75,"speedMult":9,"type":"mine"},{"angle":172.5,"time":16.75,"speedMult":9,"type":"mine"},{"angle":142.5,"time":16.75,"speedMult":9,"type":"mine"},{"angle":112.5,"time":16.75,"speedMult":9,"type":"mine"},{"angle":82.5,"time":16.75,"speedMult":9,"type":"mine"},{"angle":52.5,"time":16.75,"speedMult":9,"type":"mine"},{"angle":360,"time":17,"speedMult":9,"type":"mine"},{"angle":330,"time":17,"speedMult":9,"type":"mine"},{"angle":300,"time":17,"speedMult":9,"type":"mine"},{"angle":270,"time":17,"speedMult":9,"type":"mine"},{"angle":240,"time":17,"speedMult":9,"type":"mine"},{"angle":210,"time":17,"speedMult":9,"type":"mine"},{"angle":180,"time":17,"speedMult":9,"type":"mine"},{"angle":150,"time":17,"speedMult":9,"type":"mine"},{"angle":120,"time":17,"speedMult":9,"type":"mine"},{"angle":90,"time":17,"speedMult":9,"type":"mine"},{"angle":60,"time":17,"speedMult":9,"type":"mine"},{"angle":30,"time":17,"speedMult":9,"type":"mine"},{"angle":375,"time":17,"speedMult":9,"type":"mine"},{"angle":345,"time":17,"speedMult":9,"type":"mine"},{"angle":315,"time":17,"speedMult":9,"type":"mine"},{"angle":285,"time":17,"speedMult":9,"type":"mine"},{"angle":255,"time":17,"speedMult":9,"type":"mine"},{"angle":225,"time":17,"speedMult":9,"type":"mine"},{"angle":195,"time":17,"speedMult":9,"type":"mine"},{"angle":165,"time":17,"speedMult":9,"type":"mine"},{"angle":135,"time":17,"speedMult":9,"type":"mine"},{"angle":105,"time":17,"speedMult":9,"type":"mine"},{"angle":75,"time":17,"speedMult":9,"type":"mine"},{"angle":45,"time":17,"speedMult":9,"type":"mine"},{"angle":360,"time":17.5,"speedMult":9,"type":"mine"},{"angle":330,"time":17.5,"speedMult":9,"type":"mine"},{"angle":300,"time":17.5,"speedMult":9,"type":"mine"},{"angle":270,"time":17.5,"speedMult":9,"type":"mine"},{"angle":240,"time":17.5,"speedMult":9,"type":"mine"},{"angle":210,"time":17.5,"speedMult":9,"type":"mine"},{"angle":180,"time":17.5,"speedMult":9,"type":"mine"},{"angle":150,"time":17.5,"speedMult":9,"type":"mine"},{"angle":120,"time":17.5,"speedMult":9,"type":"mine"},{"angle":90,"time":17.5,"speedMult":9,"type":"mine"},{"angle":60,"time":17.5,"speedMult":9,"type":"mine"},{"angle":30,"time":17.5,"speedMult":9,"type":"mine"},{"angle":375,"time":17.5,"speedMult":9,"type":"mine"},{"angle":345,"time":17.5,"speedMult":9,"type":"mine"},{"angle":315,"time":17.5,"speedMult":9,"type":"mine"},{"angle":285,"time":17.5,"speedMult":9,"type":"mine"},{"angle":255,"time":17.5,"speedMult":9,"type":"mine"},{"angle":225,"time":17.5,"speedMult":9,"type":"mine"},{"angle":195,"time":17.5,"speedMult":9,"type":"mine"},{"angle":165,"time":17.5,"speedMult":9,"type":"mine"},{"angle":135,"time":17.5,"speedMult":9,"type":"mine"},{"angle":105,"time":17.5,"speedMult":9,"type":"mine"},{"angle":75,"time":17.5,"speedMult":9,"type":"mine"},{"angle":45,"time":17.5,"speedMult":9,"type":"mine"},{"angle":367.5,"time":17.25,"speedMult":9,"type":"mine"},{"angle":337.5,"time":17.25,"speedMult":9,"type":"mine"},{"angle":307.5,"time":17.25,"speedMult":9,"type":"mine"},{"angle":277.5,"time":17.25,"speedMult":9,"type":"mine"},{"angle":247.5,"time":17.25,"speedMult":9,"type":"mine"},{"angle":217.5,"time":17.25,"speedMult":9,"type":"mine"},{"angle":187.5,"time":17.25,"speedMult":9,"type":"mine"},{"angle":157.5,"time":17.25,"speedMult":9,"type":"mine"},{"angle":127.5,"time":17.25,"speedMult":9,"type":"mine"},{"angle":97.5,"time":17.25,"speedMult":9,"type":"mine"},{"angle":67.5,"time":17.25,"speedMult":9,"type":"mine"},{"angle":37.5,"time":17.25,"speedMult":9,"type":"mine"},{"angle":382.5,"time":17.25,"speedMult":9,"type":"mine"},{"angle":352.5,"time":17.25,"speedMult":9,"type":"mine"},{"angle":322.5,"time":17.25,"speedMult":9,"type":"mine"},{"angle":292.5,"time":17.25,"speedMult":9,"type":"mine"},{"angle":262.5,"time":17.25,"speedMult":9,"type":"mine"},{"angle":232.5,"time":17.25,"speedMult":9,"type":"mine"},{"angle":202.5,"time":17.25,"speedMult":9,"type":"mine"},{"angle":172.5,"time":17.25,"speedMult":9,"type":"mine"},{"angle":142.5,"time":17.25,"speedMult":9,"type":"mine"},{"angle":112.5,"time":17.25,"speedMult":9,"type":"mine"},{"angle":82.5,"time":17.25,"speedMult":9,"type":"mine"},{"angle":52.5,"time":17.25,"speedMult":9,"type":"mine"},{"angle":363.75,"time":14.125,"speedMult":9,"type":"mine"},{"angle":333.75,"time":14.125,"speedMult":9,"type":"mine"},{"angle":303.75,"time":14.125,"speedMult":9,"type":"mine"},{"angle":273.75,"time":14.125,"speedMult":9,"type":"mine"},{"angle":243.75,"time":14.125,"speedMult":9,"type":"mine"},{"angle":213.75,"time":14.125,"speedMult":9,"type":"mine"},{"angle":183.75,"time":14.125,"speedMult":9,"type":"mine"},{"angle":153.75,"time":14.125,"speedMult":9,"type":"mine"},{"angle":123.75,"time":14.125,"speedMult":9,"type":"mine"},{"angle":93.75,"time":14.125,"speedMult":9,"type":"mine"},{"angle":63.75,"time":14.125,"speedMult":9,"type":"mine"},{"angle":33.75,"time":14.125,"speedMult":9,"type":"mine"},{"angle":378.75,"time":14.125,"speedMult":9,"type":"mine"},{"angle":348.75,"time":14.125,"speedMult":9,"type":"mine"},{"angle":318.75,"time":14.125,"speedMult":9,"type":"mine"},{"angle":288.75,"time":14.125,"speedMult":9,"type":"mine"},{"angle":258.75,"time":14.125,"speedMult":9,"type":"mine"},{"angle":228.75,"time":14.125,"speedMult":9,"type":"mine"},{"angle":198.75,"time":14.125,"speedMult":9,"type":"mine"},{"angle":168.75,"time":14.125,"speedMult":9,"type":"mine"},{"angle":138.75,"time":14.125,"speedMult":9,"type":"mine"},{"angle":108.75,"time":14.125,"speedMult":9,"type":"mine"},{"angle":78.75,"time":14.125,"speedMult":9,"type":"mine"},{"angle":48.75,"time":14.125,"speedMult":9,"type":"mine"},{"angle":363.75,"time":14.625,"speedMult":9,"type":"mine"},{"angle":333.75,"time":14.625,"speedMult":9,"type":"mine"},{"angle":303.75,"time":14.625,"speedMult":9,"type":"mine"},{"angle":273.75,"time":14.625,"speedMult":9,"type":"mine"},{"angle":243.75,"time":14.625,"speedMult":9,"type":"mine"},{"angle":213.75,"time":14.625,"speedMult":9,"type":"mine"},{"angle":183.75,"time":14.625,"speedMult":9,"type":"mine"},{"angle":153.75,"time":14.625,"speedMult":9,"type":"mine"},{"angle":123.75,"time":14.625,"speedMult":9,"type":"mine"},{"angle":93.75,"time":14.625,"speedMult":9,"type":"mine"},{"angle":63.75,"time":14.625,"speedMult":9,"type":"mine"},{"angle":33.75,"time":14.625,"speedMult":9,"type":"mine"},{"angle":378.75,"time":14.625,"speedMult":9,"type":"mine"},{"angle":348.75,"time":14.625,"speedMult":9,"type":"mine"},{"angle":318.75,"time":14.625,"speedMult":9,"type":"mine"},{"angle":288.75,"time":14.625,"speedMult":9,"type":"mine"},{"angle":258.75,"time":14.625,"speedMult":9,"type":"mine"},{"angle":228.75,"time":14.625,"speedMult":9,"type":"mine"},{"angle":198.75,"time":14.625,"speedMult":9,"type":"mine"},{"angle":168.75,"time":14.625,"speedMult":9,"type":"mine"},{"angle":138.75,"time":14.625,"speedMult":9,"type":"mine"},{"angle":108.75,"time":14.625,"speedMult":9,"type":"mine"},{"angle":78.75,"time":14.625,"speedMult":9,"type":"mine"},{"angle":48.75,"time":14.625,"speedMult":9,"type":"mine"},{"angle":371.25,"time":14.375,"speedMult":9,"type":"mine"},{"angle":341.25,"time":14.375,"speedMult":9,"type":"mine"},{"angle":311.25,"time":14.375,"speedMult":9,"type":"mine"},{"angle":281.25,"time":14.375,"speedMult":9,"type":"mine"},{"angle":251.25,"time":14.375,"speedMult":9,"type":"mine"},{"angle":221.25,"time":14.375,"speedMult":9,"type":"mine"},{"angle":191.25,"time":14.375,"speedMult":9,"type":"mine"},{"angle":161.25,"time":14.375,"speedMult":9,"type":"mine"},{"angle":131.25,"time":14.375,"speedMult":9,"type":"mine"},{"angle":101.25,"time":14.375,"speedMult":9,"type":"mine"},{"angle":71.25,"time":14.375,"speedMult":9,"type":"mine"},{"angle":41.25,"time":14.375,"speedMult":9,"type":"mine"},{"angle":386.25,"time":14.375,"speedMult":9,"type":"mine"},{"angle":356.25,"time":14.375,"speedMult":9,"type":"mine"},{"angle":326.25,"time":14.375,"speedMult":9,"type":"mine"},{"angle":296.25,"time":14.375,"speedMult":9,"type":"mine"},{"angle":266.25,"time":14.375,"speedMult":9,"type":"mine"},{"angle":236.25,"time":14.375,"speedMult":9,"type":"mine"},{"angle":206.25,"time":14.375,"speedMult":9,"type":"mine"},{"angle":176.25,"time":14.375,"speedMult":9,"type":"mine"},{"angle":146.25,"time":14.375,"speedMult":9,"type":"mine"},{"angle":116.25,"time":14.375,"speedMult":9,"type":"mine"},{"angle":86.25,"time":14.375,"speedMult":9,"type":"mine"},{"angle":56.25,"time":14.375,"speedMult":9,"type":"mine"},{"angle":371.25,"time":14.875,"speedMult":9,"type":"mine"},{"angle":341.25,"time":14.875,"speedMult":9,"type":"mine"},{"angle":311.25,"time":14.875,"speedMult":9,"type":"mine"},{"angle":281.25,"time":14.875,"speedMult":9,"type":"mine"},{"angle":251.25,"time":14.875,"speedMult":9,"type":"mine"},{"angle":221.25,"time":14.875,"speedMult":9,"type":"mine"},{"angle":191.25,"time":14.875,"speedMult":9,"type":"mine"},{"angle":161.25,"time":14.875,"speedMult":9,"type":"mine"},{"angle":131.25,"time":14.875,"speedMult":9,"type":"mine"},{"angle":101.25,"time":14.875,"speedMult":9,"type":"mine"},{"angle":71.25,"time":14.875,"speedMult":9,"type":"mine"},{"angle":41.25,"time":14.875,"speedMult":9,"type":"mine"},{"angle":386.25,"time":14.875,"speedMult":9,"type":"mine"},{"angle":356.25,"time":14.875,"speedMult":9,"type":"mine"},{"angle":326.25,"time":14.875,"speedMult":9,"type":"mine"},{"angle":296.25,"time":14.875,"speedMult":9,"type":"mine"},{"angle":266.25,"time":14.875,"speedMult":9,"type":"mine"},{"angle":236.25,"time":14.875,"speedMult":9,"type":"mine"},{"angle":206.25,"time":14.875,"speedMult":9,"type":"mine"},{"angle":176.25,"time":14.875,"speedMult":9,"type":"mine"},{"angle":146.25,"time":14.875,"speedMult":9,"type":"mine"},{"angle":116.25,"time":14.875,"speedMult":9,"type":"mine"},{"angle":86.25,"time":14.875,"speedMult":9,"type":"mine"},{"angle":56.25,"time":14.875,"speedMult":9,"type":"mine"},{"angle":363.75,"time":15.125,"speedMult":9,"type":"mine"},{"angle":333.75,"time":15.125,"speedMult":9,"type":"mine"},{"angle":303.75,"time":15.125,"speedMult":9,"type":"mine"},{"angle":273.75,"time":15.125,"speedMult":9,"type":"mine"},{"angle":243.75,"time":15.125,"speedMult":9,"type":"mine"},{"angle":213.75,"time":15.125,"speedMult":9,"type":"mine"},{"angle":183.75,"time":15.125,"speedMult":9,"type":"mine"},{"angle":153.75,"time":15.125,"speedMult":9,"type":"mine"},{"angle":123.75,"time":15.125,"speedMult":9,"type":"mine"},{"angle":93.75,"time":15.125,"speedMult":9,"type":"mine"},{"angle":63.75,"time":15.125,"speedMult":9,"type":"mine"},{"angle":33.75,"time":15.125,"speedMult":9,"type":"mine"},{"angle":378.75,"time":15.125,"speedMult":9,"type":"mine"},{"angle":348.75,"time":15.125,"speedMult":9,"type":"mine"},{"angle":318.75,"time":15.125,"speedMult":9,"type":"mine"},{"angle":288.75,"time":15.125,"speedMult":9,"type":"mine"},{"angle":258.75,"time":15.125,"speedMult":9,"type":"mine"},{"angle":228.75,"time":15.125,"speedMult":9,"type":"mine"},{"angle":198.75,"time":15.125,"speedMult":9,"type":"mine"},{"angle":168.75,"time":15.125,"speedMult":9,"type":"mine"},{"angle":138.75,"time":15.125,"speedMult":9,"type":"mine"},{"angle":108.75,"time":15.125,"speedMult":9,"type":"mine"},{"angle":78.75,"time":15.125,"speedMult":9,"type":"mine"},{"angle":48.75,"time":15.125,"speedMult":9,"type":"mine"},{"angle":363.75,"time":15.625,"speedMult":9,"type":"mine"},{"angle":333.75,"time":15.625,"speedMult":9,"type":"mine"},{"angle":303.75,"time":15.625,"speedMult":9,"type":"mine"},{"angle":273.75,"time":15.625,"speedMult":9,"type":"mine"},{"angle":243.75,"time":15.625,"speedMult":9,"type":"mine"},{"angle":213.75,"time":15.625,"speedMult":9,"type":"mine"},{"angle":183.75,"time":15.625,"speedMult":9,"type":"mine"},{"angle":153.75,"time":15.625,"speedMult":9,"type":"mine"},{"angle":123.75,"time":15.625,"speedMult":9,"type":"mine"},{"angle":93.75,"time":15.625,"speedMult":9,"type":"mine"},{"angle":63.75,"time":15.625,"speedMult":9,"type":"mine"},{"angle":33.75,"time":15.625,"speedMult":9,"type":"mine"},{"angle":378.75,"time":15.625,"speedMult":9,"type":"mine"},{"angle":348.75,"time":15.625,"speedMult":9,"type":"mine"},{"angle":318.75,"time":15.625,"speedMult":9,"type":"mine"},{"angle":288.75,"time":15.625,"speedMult":9,"type":"mine"},{"angle":258.75,"time":15.625,"speedMult":9,"type":"mine"},{"angle":228.75,"time":15.625,"speedMult":9,"type":"mine"},{"angle":198.75,"time":15.625,"speedMult":9,"type":"mine"},{"angle":168.75,"time":15.625,"speedMult":9,"type":"mine"},{"angle":138.75,"time":15.625,"speedMult":9,"type":"mine"},{"angle":108.75,"time":15.625,"speedMult":9,"type":"mine"},{"angle":78.75,"time":15.625,"speedMult":9,"type":"mine"},{"angle":48.75,"time":15.625,"speedMult":9,"type":"mine"},{"angle":371.25,"time":15.375,"speedMult":9,"type":"mine"},{"angle":341.25,"time":15.375,"speedMult":9,"type":"mine"},{"angle":311.25,"time":15.375,"speedMult":9,"type":"mine"},{"angle":281.25,"time":15.375,"speedMult":9,"type":"mine"},{"angle":251.25,"time":15.375,"speedMult":9,"type":"mine"},{"angle":221.25,"time":15.375,"speedMult":9,"type":"mine"},{"angle":191.25,"time":15.375,"speedMult":9,"type":"mine"},{"angle":161.25,"time":15.375,"speedMult":9,"type":"mine"},{"angle":131.25,"time":15.375,"speedMult":9,"type":"mine"},{"angle":101.25,"time":15.375,"speedMult":9,"type":"mine"},{"angle":71.25,"time":15.375,"speedMult":9,"type":"mine"},{"angle":41.25,"time":15.375,"speedMult":9,"type":"mine"},{"angle":386.25,"time":15.375,"speedMult":9,"type":"mine"},{"angle":356.25,"time":15.375,"speedMult":9,"type":"mine"},{"angle":326.25,"time":15.375,"speedMult":9,"type":"mine"},{"angle":296.25,"time":15.375,"speedMult":9,"type":"mine"},{"angle":266.25,"time":15.375,"speedMult":9,"type":"mine"},{"angle":236.25,"time":15.375,"speedMult":9,"type":"mine"},{"angle":206.25,"time":15.375,"speedMult":9,"type":"mine"},{"angle":176.25,"time":15.375,"speedMult":9,"type":"mine"},{"angle":146.25,"time":15.375,"speedMult":9,"type":"mine"},{"angle":116.25,"time":15.375,"speedMult":9,"type":"mine"},{"angle":86.25,"time":15.375,"speedMult":9,"type":"mine"},{"angle":56.25,"time":15.375,"speedMult":9,"type":"mine"},{"angle":371.25,"time":15.875,"speedMult":9,"type":"mine"},{"angle":341.25,"time":15.875,"speedMult":9,"type":"mine"},{"angle":311.25,"time":15.875,"speedMult":9,"type":"mine"},{"angle":281.25,"time":15.875,"speedMult":9,"type":"mine"},{"angle":251.25,"time":15.875,"speedMult":9,"type":"mine"},{"angle":221.25,"time":15.875,"speedMult":9,"type":"mine"},{"angle":191.25,"time":15.875,"speedMult":9,"type":"mine"},{"angle":161.25,"time":15.875,"speedMult":9,"type":"mine"},{"angle":131.25,"time":15.875,"speedMult":9,"type":"mine"},{"angle":101.25,"time":15.875,"speedMult":9,"type":"mine"},{"angle":71.25,"time":15.875,"speedMult":9,"type":"mine"},{"angle":41.25,"time":15.875,"speedMult":9,"type":"mine"},{"angle":386.25,"time":15.875,"speedMult":9,"type":"mine"},{"angle":356.25,"time":15.875,"speedMult":9,"type":"mine"},{"angle":326.25,"time":15.875,"speedMult":9,"type":"mine"},{"angle":296.25,"time":15.875,"speedMult":9,"type":"mine"},{"angle":266.25,"time":15.875,"speedMult":9,"type":"mine"},{"angle":236.25,"time":15.875,"speedMult":9,"type":"mine"},{"angle":206.25,"time":15.875,"speedMult":9,"type":"mine"},{"angle":176.25,"time":15.875,"speedMult":9,"type":"mine"},{"angle":146.25,"time":15.875,"speedMult":9,"type":"mine"},{"angle":116.25,"time":15.875,"speedMult":9,"type":"mine"},{"angle":86.25,"time":15.875,"speedMult":9,"type":"mine"},{"angle":56.25,"time":15.875,"speedMult":9,"type":"mine"},{"angle":363.75,"time":16.125,"speedMult":9,"type":"mine"},{"angle":333.75,"time":16.125,"speedMult":9,"type":"mine"},{"angle":303.75,"time":16.125,"speedMult":9,"type":"mine"},{"angle":273.75,"time":16.125,"speedMult":9,"type":"mine"},{"angle":243.75,"time":16.125,"speedMult":9,"type":"mine"},{"angle":213.75,"time":16.125,"speedMult":9,"type":"mine"},{"angle":183.75,"time":16.125,"speedMult":9,"type":"mine"},{"angle":153.75,"time":16.125,"speedMult":9,"type":"mine"},{"angle":123.75,"time":16.125,"speedMult":9,"type":"mine"},{"angle":93.75,"time":16.125,"speedMult":9,"type":"mine"},{"angle":63.75,"time":16.125,"speedMult":9,"type":"mine"},{"angle":33.75,"time":16.125,"speedMult":9,"type":"mine"},{"angle":378.75,"time":16.125,"speedMult":9,"type":"mine"},{"angle":348.75,"time":16.125,"speedMult":9,"type":"mine"},{"angle":318.75,"time":16.125,"speedMult":9,"type":"mine"},{"angle":288.75,"time":16.125,"speedMult":9,"type":"mine"},{"angle":258.75,"time":16.125,"speedMult":9,"type":"mine"},{"angle":228.75,"time":16.125,"speedMult":9,"type":"mine"},{"angle":198.75,"time":16.125,"speedMult":9,"type":"mine"},{"angle":168.75,"time":16.125,"speedMult":9,"type":"mine"},{"angle":138.75,"time":16.125,"speedMult":9,"type":"mine"},{"angle":108.75,"time":16.125,"speedMult":9,"type":"mine"},{"angle":78.75,"time":16.125,"speedMult":9,"type":"mine"},{"angle":48.75,"time":16.125,"speedMult":9,"type":"mine"},{"angle":363.75,"time":16.625,"speedMult":9,"type":"mine"},{"angle":333.75,"time":16.625,"speedMult":9,"type":"mine"},{"angle":303.75,"time":16.625,"speedMult":9,"type":"mine"},{"angle":273.75,"time":16.625,"speedMult":9,"type":"mine"},{"angle":243.75,"time":16.625,"speedMult":9,"type":"mine"},{"angle":213.75,"time":16.625,"speedMult":9,"type":"mine"},{"angle":183.75,"time":16.625,"speedMult":9,"type":"mine"},{"angle":153.75,"time":16.625,"speedMult":9,"type":"mine"},{"angle":123.75,"time":16.625,"speedMult":9,"type":"mine"},{"angle":93.75,"time":16.625,"speedMult":9,"type":"mine"},{"angle":63.75,"time":16.625,"speedMult":9,"type":"mine"},{"angle":33.75,"time":16.625,"speedMult":9,"type":"mine"},{"angle":378.75,"time":16.625,"speedMult":9,"type":"mine"},{"angle":348.75,"time":16.625,"speedMult":9,"type":"mine"},{"angle":318.75,"time":16.625,"speedMult":9,"type":"mine"},{"angle":288.75,"time":16.625,"speedMult":9,"type":"mine"},{"angle":258.75,"time":16.625,"speedMult":9,"type":"mine"},{"angle":228.75,"time":16.625,"speedMult":9,"type":"mine"},{"angle":198.75,"time":16.625,"speedMult":9,"type":"mine"},{"angle":168.75,"time":16.625,"speedMult":9,"type":"mine"},{"angle":138.75,"time":16.625,"speedMult":9,"type":"mine"},{"angle":108.75,"time":16.625,"speedMult":9,"type":"mine"},{"angle":78.75,"time":16.625,"speedMult":9,"type":"mine"},{"angle":48.75,"time":16.625,"speedMult":9,"type":"mine"},{"angle":371.25,"time":16.375,"speedMult":9,"type":"mine"},{"angle":341.25,"time":16.375,"speedMult":9,"type":"mine"},{"angle":311.25,"time":16.375,"speedMult":9,"type":"mine"},{"angle":281.25,"time":16.375,"speedMult":9,"type":"mine"},{"angle":251.25,"time":16.375,"speedMult":9,"type":"mine"},{"angle":221.25,"time":16.375,"speedMult":9,"type":"mine"},{"angle":191.25,"time":16.375,"speedMult":9,"type":"mine"},{"angle":161.25,"time":16.375,"speedMult":9,"type":"mine"},{"angle":131.25,"time":16.375,"speedMult":9,"type":"mine"},{"angle":101.25,"time":16.375,"speedMult":9,"type":"mine"},{"angle":71.25,"time":16.375,"speedMult":9,"type":"mine"},{"angle":41.25,"time":16.375,"speedMult":9,"type":"mine"},{"angle":386.25,"time":16.375,"speedMult":9,"type":"mine"},{"angle":356.25,"time":16.375,"speedMult":9,"type":"mine"},{"angle":326.25,"time":16.375,"speedMult":9,"type":"mine"},{"angle":296.25,"time":16.375,"speedMult":9,"type":"mine"},{"angle":266.25,"time":16.375,"speedMult":9,"type":"mine"},{"angle":236.25,"time":16.375,"speedMult":9,"type":"mine"},{"angle":206.25,"time":16.375,"speedMult":9,"type":"mine"},{"angle":176.25,"time":16.375,"speedMult":9,"type":"mine"},{"angle":146.25,"time":16.375,"speedMult":9,"type":"mine"},{"angle":116.25,"time":16.375,"speedMult":9,"type":"mine"},{"angle":86.25,"time":16.375,"speedMult":9,"type":"mine"},{"angle":56.25,"time":16.375,"speedMult":9,"type":"mine"},{"angle":371.25,"time":16.875,"speedMult":9,"type":"mine"},{"angle":341.25,"time":16.875,"speedMult":9,"type":"mine"},{"angle":311.25,"time":16.875,"speedMult":9,"type":"mine"},{"angle":281.25,"time":16.875,"speedMult":9,"type":"mine"},{"angle":251.25,"time":16.875,"speedMult":9,"type":"mine"},{"angle":221.25,"time":16.875,"speedMult":9,"type":"mine"},{"angle":191.25,"time":16.875,"speedMult":9,"type":"mine"},{"angle":161.25,"time":16.875,"speedMult":9,"type":"mine"},{"angle":131.25,"time":16.875,"speedMult":9,"type":"mine"},{"angle":101.25,"time":16.875,"speedMult":9,"type":"mine"},{"angle":71.25,"time":16.875,"speedMult":9,"type":"mine"},{"angle":41.25,"time":16.875,"speedMult":9,"type":"mine"},{"angle":386.25,"time":16.875,"speedMult":9,"type":"mine"},{"angle":356.25,"time":16.875,"speedMult":9,"type":"mine"},{"angle":326.25,"time":16.875,"speedMult":9,"type":"mine"},{"angle":296.25,"time":16.875,"speedMult":9,"type":"mine"},{"angle":266.25,"time":16.875,"speedMult":9,"type":"mine"},{"angle":236.25,"time":16.875,"speedMult":9,"type":"mine"},{"angle":206.25,"time":16.875,"speedMult":9,"type":"mine"},{"angle":176.25,"time":16.875,"speedMult":9,"type":"mine"},{"angle":146.25,"time":16.875,"speedMult":9,"type":"mine"},{"angle":116.25,"time":16.875,"speedMult":9,"type":"mine"},{"angle":86.25,"time":16.875,"speedMult":9,"type":"mine"},{"angle":56.25,"time":16.875,"speedMult":9,"type":"mine"},{"angle":363.75,"time":17.125,"speedMult":9,"type":"mine"},{"angle":333.75,"time":17.125,"speedMult":9,"type":"mine"},{"angle":303.75,"time":17.125,"speedMult":9,"type":"mine"},{"angle":273.75,"time":17.125,"speedMult":9,"type":"mine"},{"angle":243.75,"time":17.125,"speedMult":9,"type":"mine"},{"angle":213.75,"time":17.125,"speedMult":9,"type":"mine"},{"angle":183.75,"time":17.125,"speedMult":9,"type":"mine"},{"angle":153.75,"time":17.125,"speedMult":9,"type":"mine"},{"angle":123.75,"time":17.125,"speedMult":9,"type":"mine"},{"angle":93.75,"time":17.125,"speedMult":9,"type":"mine"},{"angle":63.75,"time":17.125,"speedMult":9,"type":"mine"},{"angle":33.75,"time":17.125,"speedMult":9,"type":"mine"},{"angle":378.75,"time":17.125,"speedMult":9,"type":"mine"},{"angle":348.75,"time":17.125,"speedMult":9,"type":"mine"},{"angle":318.75,"time":17.125,"speedMult":9,"type":"mine"},{"angle":288.75,"time":17.125,"speedMult":9,"type":"mine"},{"angle":258.75,"time":17.125,"speedMult":9,"type":"mine"},{"angle":228.75,"time":17.125,"speedMult":9,"type":"mine"},{"angle":198.75,"time":17.125,"speedMult":9,"type":"mine"},{"angle":168.75,"time":17.125,"speedMult":9,"type":"mine"},{"angle":138.75,"time":17.125,"speedMult":9,"type":"mine"},{"angle":108.75,"time":17.125,"speedMult":9,"type":"mine"},{"angle":78.75,"time":17.125,"speedMult":9,"type":"mine"},{"angle":48.75,"time":17.125,"speedMult":9,"type":"mine"},{"angle":371.25,"time":17.375,"speedMult":9,"type":"mine"},{"angle":341.25,"time":17.375,"speedMult":9,"type":"mine"},{"angle":311.25,"time":17.375,"speedMult":9,"type":"mine"},{"angle":281.25,"time":17.375,"speedMult":9,"type":"mine"},{"angle":251.25,"time":17.375,"speedMult":9,"type":"mine"},{"angle":221.25,"time":17.375,"speedMult":9,"type":"mine"},{"angle":191.25,"time":17.375,"speedMult":9,"type":"mine"},{"angle":161.25,"time":17.375,"speedMult":9,"type":"mine"},{"angle":131.25,"time":17.375,"speedMult":9,"type":"mine"},{"angle":101.25,"time":17.375,"speedMult":9,"type":"mine"},{"angle":71.25,"time":17.375,"speedMult":9,"type":"mine"},{"angle":41.25,"time":17.375,"speedMult":9,"type":"mine"},{"angle":386.25,"time":17.375,"speedMult":9,"type":"mine"},{"angle":356.25,"time":17.375,"speedMult":9,"type":"mine"},{"angle":326.25,"time":17.375,"speedMult":9,"type":"mine"},{"angle":296.25,"time":17.375,"speedMult":9,"type":"mine"},{"angle":266.25,"time":17.375,"speedMult":9,"type":"mine"},{"angle":236.25,"time":17.375,"speedMult":9,"type":"mine"},{"angle":206.25,"time":17.375,"speedMult":9,"type":"mine"},{"angle":176.25,"time":17.375,"speedMult":9,"type":"mine"},{"angle":146.25,"time":17.375,"speedMult":9,"type":"mine"},{"angle":116.25,"time":17.375,"speedMult":9,"type":"mine"},{"angle":86.25,"time":17.375,"speedMult":9,"type":"mine"},{"angle":56.25,"time":17.375,"speedMult":9,"type":"mine"},{"angle":365.625,"time":14,"speedMult":9,"type":"mine"},{"angle":335.625,"time":14,"speedMult":9,"type":"mine"},{"angle":305.625,"time":14,"speedMult":9,"type":"mine"},{"angle":275.625,"time":14,"speedMult":9,"type":"mine"},{"angle":245.625,"time":14,"speedMult":9,"type":"mine"},{"angle":215.625,"time":14,"speedMult":9,"type":"mine"},{"angle":185.625,"time":14,"speedMult":9,"type":"mine"},{"angle":155.625,"time":14,"speedMult":9,"type":"mine"},{"angle":125.625,"time":14,"speedMult":9,"type":"mine"},{"angle":95.625,"time":14,"speedMult":9,"type":"mine"},{"angle":65.625,"time":14,"speedMult":9,"type":"mine"},{"angle":35.625,"time":14,"speedMult":9,"type":"mine"},{"angle":380.625,"time":14,"speedMult":9,"type":"mine"},{"angle":350.625,"time":14,"speedMult":9,"type":"mine"},{"angle":320.625,"time":14,"speedMult":9,"type":"mine"},{"angle":290.625,"time":14,"speedMult":9,"type":"mine"},{"angle":260.625,"time":14,"speedMult":9,"type":"mine"},{"angle":230.625,"time":14,"speedMult":9,"type":"mine"},{"angle":200.625,"time":14,"speedMult":9,"type":"mine"},{"angle":170.625,"time":14,"speedMult":9,"type":"mine"},{"angle":140.625,"time":14,"speedMult":9,"type":"mine"},{"angle":110.625,"time":14,"speedMult":9,"type":"mine"},{"angle":80.625,"time":14,"speedMult":9,"type":"mine"},{"angle":50.625,"time":14,"speedMult":9,"type":"mine"},{"angle":365.625,"time":14.5,"speedMult":9,"type":"mine"},{"angle":335.625,"time":14.5,"speedMult":9,"type":"mine"},{"angle":305.625,"time":14.5,"speedMult":9,"type":"mine"},{"angle":275.625,"time":14.5,"speedMult":9,"type":"mine"},{"angle":245.625,"time":14.5,"speedMult":9,"type":"mine"},{"angle":215.625,"time":14.5,"speedMult":9,"type":"mine"},{"angle":185.625,"time":14.5,"speedMult":9,"type":"mine"},{"angle":155.625,"time":14.5,"speedMult":9,"type":"mine"},{"angle":125.625,"time":14.5,"speedMult":9,"type":"mine"},{"angle":95.625,"time":14.5,"speedMult":9,"type":"mine"},{"angle":65.625,"time":14.5,"speedMult":9,"type":"mine"},{"angle":35.625,"time":14.5,"speedMult":9,"type":"mine"},{"angle":380.625,"time":14.5,"speedMult":9,"type":"mine"},{"angle":350.625,"time":14.5,"speedMult":9,"type":"mine"},{"angle":320.625,"time":14.5,"speedMult":9,"type":"mine"},{"angle":290.625,"time":14.5,"speedMult":9,"type":"mine"},{"angle":260.625,"time":14.5,"speedMult":9,"type":"mine"},{"angle":230.625,"time":14.5,"speedMult":9,"type":"mine"},{"angle":200.625,"time":14.5,"speedMult":9,"type":"mine"},{"angle":170.625,"time":14.5,"speedMult":9,"type":"mine"},{"angle":140.625,"time":14.5,"speedMult":9,"type":"mine"},{"angle":110.625,"time":14.5,"speedMult":9,"type":"mine"},{"angle":80.625,"time":14.5,"speedMult":9,"type":"mine"},{"angle":50.625,"time":14.5,"speedMult":9,"type":"mine"},{"angle":373.125,"time":14.25,"speedMult":9,"type":"mine"},{"angle":343.125,"time":14.25,"speedMult":9,"type":"mine"},{"angle":313.125,"time":14.25,"speedMult":9,"type":"mine"},{"angle":283.125,"time":14.25,"speedMult":9,"type":"mine"},{"angle":253.125,"time":14.25,"speedMult":9,"type":"mine"},{"angle":223.125,"time":14.25,"speedMult":9,"type":"mine"},{"angle":193.125,"time":14.25,"speedMult":9,"type":"mine"},{"angle":163.125,"time":14.25,"speedMult":9,"type":"mine"},{"angle":133.125,"time":14.25,"speedMult":9,"type":"mine"},{"angle":103.125,"time":14.25,"speedMult":9,"type":"mine"},{"angle":73.125,"time":14.25,"speedMult":9,"type":"mine"},{"angle":43.125,"time":14.25,"speedMult":9,"type":"mine"},{"angle":388.125,"time":14.25,"speedMult":9,"type":"mine"},{"angle":358.125,"time":14.25,"speedMult":9,"type":"mine"},{"angle":328.125,"time":14.25,"speedMult":9,"type":"mine"},{"angle":298.125,"time":14.25,"speedMult":9,"type":"mine"},{"angle":268.125,"time":14.25,"speedMult":9,"type":"mine"},{"angle":238.125,"time":14.25,"speedMult":9,"type":"mine"},{"angle":208.125,"time":14.25,"speedMult":9,"type":"mine"},{"angle":178.125,"time":14.25,"speedMult":9,"type":"mine"},{"angle":148.125,"time":14.25,"speedMult":9,"type":"mine"},{"angle":118.125,"time":14.25,"speedMult":9,"type":"mine"},{"angle":88.125,"time":14.25,"speedMult":9,"type":"mine"},{"angle":58.125,"time":14.25,"speedMult":9,"type":"mine"},{"angle":373.125,"time":14.75,"speedMult":9,"type":"mine"},{"angle":343.125,"time":14.75,"speedMult":9,"type":"mine"},{"angle":313.125,"time":14.75,"speedMult":9,"type":"mine"},{"angle":283.125,"time":14.75,"speedMult":9,"type":"mine"},{"angle":253.125,"time":14.75,"speedMult":9,"type":"mine"},{"angle":223.125,"time":14.75,"speedMult":9,"type":"mine"},{"angle":193.125,"time":14.75,"speedMult":9,"type":"mine"},{"angle":163.125,"time":14.75,"speedMult":9,"type":"mine"},{"angle":133.125,"time":14.75,"speedMult":9,"type":"mine"},{"angle":103.125,"time":14.75,"speedMult":9,"type":"mine"},{"angle":73.125,"time":14.75,"speedMult":9,"type":"mine"},{"angle":43.125,"time":14.75,"speedMult":9,"type":"mine"},{"angle":388.125,"time":14.75,"speedMult":9,"type":"mine"},{"angle":358.125,"time":14.75,"speedMult":9,"type":"mine"},{"angle":328.125,"time":14.75,"speedMult":9,"type":"mine"},{"angle":298.125,"time":14.75,"speedMult":9,"type":"mine"},{"angle":268.125,"time":14.75,"speedMult":9,"type":"mine"},{"angle":238.125,"time":14.75,"speedMult":9,"type":"mine"},{"angle":208.125,"time":14.75,"speedMult":9,"type":"mine"},{"angle":178.125,"time":14.75,"speedMult":9,"type":"mine"},{"angle":148.125,"time":14.75,"speedMult":9,"type":"mine"},{"angle":118.125,"time":14.75,"speedMult":9,"type":"mine"},{"angle":88.125,"time":14.75,"speedMult":9,"type":"mine"},{"angle":58.125,"time":14.75,"speedMult":9,"type":"mine"},{"angle":365.625,"time":15,"speedMult":9,"type":"mine"},{"angle":335.625,"time":15,"speedMult":9,"type":"mine"},{"angle":305.625,"time":15,"speedMult":9,"type":"mine"},{"angle":275.625,"time":15,"speedMult":9,"type":"mine"},{"angle":245.625,"time":15,"speedMult":9,"type":"mine"},{"angle":215.625,"time":15,"speedMult":9,"type":"mine"},{"angle":185.625,"time":15,"speedMult":9,"type":"mine"},{"angle":155.625,"time":15,"speedMult":9,"type":"mine"},{"angle":125.625,"time":15,"speedMult":9,"type":"mine"},{"angle":95.625,"time":15,"speedMult":9,"type":"mine"},{"angle":65.625,"time":15,"speedMult":9,"type":"mine"},{"angle":35.625,"time":15,"speedMult":9,"type":"mine"},{"angle":380.625,"time":15,"speedMult":9,"type":"mine"},{"angle":350.625,"time":15,"speedMult":9,"type":"mine"},{"angle":320.625,"time":15,"speedMult":9,"type":"mine"},{"angle":290.625,"time":15,"speedMult":9,"type":"mine"},{"angle":260.625,"time":15,"speedMult":9,"type":"mine"},{"angle":230.625,"time":15,"speedMult":9,"type":"mine"},{"angle":200.625,"time":15,"speedMult":9,"type":"mine"},{"angle":170.625,"time":15,"speedMult":9,"type":"mine"},{"angle":140.625,"time":15,"speedMult":9,"type":"mine"},{"angle":110.625,"time":15,"speedMult":9,"type":"mine"},{"angle":80.625,"time":15,"speedMult":9,"type":"mine"},{"angle":50.625,"time":15,"speedMult":9,"type":"mine"},{"angle":365.625,"time":15.5,"speedMult":9,"type":"mine"},{"angle":335.625,"time":15.5,"speedMult":9,"type":"mine"},{"angle":305.625,"time":15.5,"speedMult":9,"type":"mine"},{"angle":275.625,"time":15.5,"speedMult":9,"type":"mine"},{"angle":245.625,"time":15.5,"speedMult":9,"type":"mine"},{"angle":215.625,"time":15.5,"speedMult":9,"type":"mine"},{"angle":185.625,"time":15.5,"speedMult":9,"type":"mine"},{"angle":155.625,"time":15.5,"speedMult":9,"type":"mine"},{"angle":125.625,"time":15.5,"speedMult":9,"type":"mine"},{"angle":95.625,"time":15.5,"speedMult":9,"type":"mine"},{"angle":65.625,"time":15.5,"speedMult":9,"type":"mine"},{"angle":35.625,"time":15.5,"speedMult":9,"type":"mine"},{"angle":380.625,"time":15.5,"speedMult":9,"type":"mine"},{"angle":350.625,"time":15.5,"speedMult":9,"type":"mine"},{"angle":320.625,"time":15.5,"speedMult":9,"type":"mine"},{"angle":290.625,"time":15.5,"speedMult":9,"type":"mine"},{"angle":260.625,"time":15.5,"speedMult":9,"type":"mine"},{"angle":230.625,"time":15.5,"speedMult":9,"type":"mine"},{"angle":200.625,"time":15.5,"speedMult":9,"type":"mine"},{"angle":170.625,"time":15.5,"speedMult":9,"type":"mine"},{"angle":140.625,"time":15.5,"speedMult":9,"type":"mine"},{"angle":110.625,"time":15.5,"speedMult":9,"type":"mine"},{"angle":80.625,"time":15.5,"speedMult":9,"type":"mine"},{"angle":50.625,"time":15.5,"speedMult":9,"type":"mine"},{"angle":373.125,"time":15.25,"speedMult":9,"type":"mine"},{"angle":343.125,"time":15.25,"speedMult":9,"type":"mine"},{"angle":313.125,"time":15.25,"speedMult":9,"type":"mine"},{"angle":283.125,"time":15.25,"speedMult":9,"type":"mine"},{"angle":253.125,"time":15.25,"speedMult":9,"type":"mine"},{"angle":223.125,"time":15.25,"speedMult":9,"type":"mine"},{"angle":193.125,"time":15.25,"speedMult":9,"type":"mine"},{"angle":163.125,"time":15.25,"speedMult":9,"type":"mine"},{"angle":133.125,"time":15.25,"speedMult":9,"type":"mine"},{"angle":103.125,"time":15.25,"speedMult":9,"type":"mine"},{"angle":73.125,"time":15.25,"speedMult":9,"type":"mine"},{"angle":43.125,"time":15.25,"speedMult":9,"type":"mine"},{"angle":388.125,"time":15.25,"speedMult":9,"type":"mine"},{"angle":358.125,"time":15.25,"speedMult":9,"type":"mine"},{"angle":328.125,"time":15.25,"speedMult":9,"type":"mine"},{"angle":298.125,"time":15.25,"speedMult":9,"type":"mine"},{"angle":268.125,"time":15.25,"speedMult":9,"type":"mine"},{"angle":238.125,"time":15.25,"speedMult":9,"type":"mine"},{"angle":208.125,"time":15.25,"speedMult":9,"type":"mine"},{"angle":178.125,"time":15.25,"speedMult":9,"type":"mine"},{"angle":148.125,"time":15.25,"speedMult":9,"type":"mine"},{"angle":118.125,"time":15.25,"speedMult":9,"type":"mine"},{"angle":88.125,"time":15.25,"speedMult":9,"type":"mine"},{"angle":58.125,"time":15.25,"speedMult":9,"type":"mine"},{"angle":373.125,"time":15.75,"speedMult":9,"type":"mine"},{"angle":343.125,"time":15.75,"speedMult":9,"type":"mine"},{"angle":313.125,"time":15.75,"speedMult":9,"type":"mine"},{"angle":283.125,"time":15.75,"speedMult":9,"type":"mine"},{"angle":253.125,"time":15.75,"speedMult":9,"type":"mine"},{"angle":223.125,"time":15.75,"speedMult":9,"type":"mine"},{"angle":193.125,"time":15.75,"speedMult":9,"type":"mine"},{"angle":163.125,"time":15.75,"speedMult":9,"type":"mine"},{"angle":133.125,"time":15.75,"speedMult":9,"type":"mine"},{"angle":103.125,"time":15.75,"speedMult":9,"type":"mine"},{"angle":73.125,"time":15.75,"speedMult":9,"type":"mine"},{"angle":43.125,"time":15.75,"speedMult":9,"type":"mine"},{"angle":388.125,"time":15.75,"speedMult":9,"type":"mine"},{"angle":358.125,"time":15.75,"speedMult":9,"type":"mine"},{"angle":328.125,"time":15.75,"speedMult":9,"type":"mine"},{"angle":298.125,"time":15.75,"speedMult":9,"type":"mine"},{"angle":268.125,"time":15.75,"speedMult":9,"type":"mine"},{"angle":238.125,"time":15.75,"speedMult":9,"type":"mine"},{"angle":208.125,"time":15.75,"speedMult":9,"type":"mine"},{"angle":178.125,"time":15.75,"speedMult":9,"type":"mine"},{"angle":148.125,"time":15.75,"speedMult":9,"type":"mine"},{"angle":118.125,"time":15.75,"speedMult":9,"type":"mine"},{"angle":88.125,"time":15.75,"speedMult":9,"type":"mine"},{"angle":58.125,"time":15.75,"speedMult":9,"type":"mine"},{"angle":365.625,"time":16,"speedMult":9,"type":"mine"},{"angle":335.625,"time":16,"speedMult":9,"type":"mine"},{"angle":305.625,"time":16,"speedMult":9,"type":"mine"},{"angle":275.625,"time":16,"speedMult":9,"type":"mine"},{"angle":245.625,"time":16,"speedMult":9,"type":"mine"},{"angle":215.625,"time":16,"speedMult":9,"type":"mine"},{"angle":185.625,"time":16,"speedMult":9,"type":"mine"},{"angle":155.625,"time":16,"speedMult":9,"type":"mine"},{"angle":125.625,"time":16,"speedMult":9,"type":"mine"},{"angle":95.625,"time":16,"speedMult":9,"type":"mine"},{"angle":65.625,"time":16,"speedMult":9,"type":"mine"},{"angle":35.625,"time":16,"speedMult":9,"type":"mine"},{"angle":380.625,"time":16,"speedMult":9,"type":"mine"},{"angle":350.625,"time":16,"speedMult":9,"type":"mine"},{"angle":320.625,"time":16,"speedMult":9,"type":"mine"},{"angle":290.625,"time":16,"speedMult":9,"type":"mine"},{"angle":260.625,"time":16,"speedMult":9,"type":"mine"},{"angle":230.625,"time":16,"speedMult":9,"type":"mine"},{"angle":200.625,"time":16,"speedMult":9,"type":"mine"},{"angle":170.625,"time":16,"speedMult":9,"type":"mine"},{"angle":140.625,"time":16,"speedMult":9,"type":"mine"},{"angle":110.625,"time":16,"speedMult":9,"type":"mine"},{"angle":80.625,"time":16,"speedMult":9,"type":"mine"},{"angle":50.625,"time":16,"speedMult":9,"type":"mine"},{"angle":365.625,"time":16.5,"speedMult":9,"type":"mine"},{"angle":335.625,"time":16.5,"speedMult":9,"type":"mine"},{"angle":305.625,"time":16.5,"speedMult":9,"type":"mine"},{"angle":275.625,"time":16.5,"speedMult":9,"type":"mine"},{"angle":245.625,"time":16.5,"speedMult":9,"type":"mine"},{"angle":215.625,"time":16.5,"speedMult":9,"type":"mine"},{"angle":185.625,"time":16.5,"speedMult":9,"type":"mine"},{"angle":155.625,"time":16.5,"speedMult":9,"type":"mine"},{"angle":125.625,"time":16.5,"speedMult":9,"type":"mine"},{"angle":95.625,"time":16.5,"speedMult":9,"type":"mine"},{"angle":65.625,"time":16.5,"speedMult":9,"type":"mine"},{"angle":35.625,"time":16.5,"speedMult":9,"type":"mine"},{"angle":380.625,"time":16.5,"speedMult":9,"type":"mine"},{"angle":350.625,"time":16.5,"speedMult":9,"type":"mine"},{"angle":320.625,"time":16.5,"speedMult":9,"type":"mine"},{"angle":290.625,"time":16.5,"speedMult":9,"type":"mine"},{"angle":260.625,"time":16.5,"speedMult":9,"type":"mine"},{"angle":230.625,"time":16.5,"speedMult":9,"type":"mine"},{"angle":200.625,"time":16.5,"speedMult":9,"type":"mine"},{"angle":170.625,"time":16.5,"speedMult":9,"type":"mine"},{"angle":140.625,"time":16.5,"speedMult":9,"type":"mine"},{"angle":110.625,"time":16.5,"speedMult":9,"type":"mine"},{"angle":80.625,"time":16.5,"speedMult":9,"type":"mine"},{"angle":50.625,"time":16.5,"speedMult":9,"type":"mine"},{"angle":373.125,"time":16.25,"speedMult":9,"type":"mine"},{"angle":343.125,"time":16.25,"speedMult":9,"type":"mine"},{"angle":313.125,"time":16.25,"speedMult":9,"type":"mine"},{"angle":283.125,"time":16.25,"speedMult":9,"type":"mine"},{"angle":253.125,"time":16.25,"speedMult":9,"type":"mine"},{"angle":223.125,"time":16.25,"speedMult":9,"type":"mine"},{"angle":193.125,"time":16.25,"speedMult":9,"type":"mine"},{"angle":163.125,"time":16.25,"speedMult":9,"type":"mine"},{"angle":133.125,"time":16.25,"speedMult":9,"type":"mine"},{"angle":103.125,"time":16.25,"speedMult":9,"type":"mine"},{"angle":73.125,"time":16.25,"speedMult":9,"type":"mine"},{"angle":43.125,"time":16.25,"speedMult":9,"type":"mine"},{"angle":388.125,"time":16.25,"speedMult":9,"type":"mine"},{"angle":358.125,"time":16.25,"speedMult":9,"type":"mine"},{"angle":328.125,"time":16.25,"speedMult":9,"type":"mine"},{"angle":298.125,"time":16.25,"speedMult":9,"type":"mine"},{"angle":268.125,"time":16.25,"speedMult":9,"type":"mine"},{"angle":238.125,"time":16.25,"speedMult":9,"type":"mine"},{"angle":208.125,"time":16.25,"speedMult":9,"type":"mine"},{"angle":178.125,"time":16.25,"speedMult":9,"type":"mine"},{"angle":148.125,"time":16.25,"speedMult":9,"type":"mine"},{"angle":118.125,"time":16.25,"speedMult":9,"type":"mine"},{"angle":88.125,"time":16.25,"speedMult":9,"type":"mine"},{"angle":58.125,"time":16.25,"speedMult":9,"type":"mine"},{"angle":373.125,"time":16.75,"speedMult":9,"type":"mine"},{"angle":343.125,"time":16.75,"speedMult":9,"type":"mine"},{"angle":313.125,"time":16.75,"speedMult":9,"type":"mine"},{"angle":283.125,"time":16.75,"speedMult":9,"type":"mine"},{"angle":253.125,"time":16.75,"speedMult":9,"type":"mine"},{"angle":223.125,"time":16.75,"speedMult":9,"type":"mine"},{"angle":193.125,"time":16.75,"speedMult":9,"type":"mine"},{"angle":163.125,"time":16.75,"speedMult":9,"type":"mine"},{"angle":133.125,"time":16.75,"speedMult":9,"type":"mine"},{"angle":103.125,"time":16.75,"speedMult":9,"type":"mine"},{"angle":73.125,"time":16.75,"speedMult":9,"type":"mine"},{"angle":43.125,"time":16.75,"speedMult":9,"type":"mine"},{"angle":388.125,"time":16.75,"speedMult":9,"type":"mine"},{"angle":358.125,"time":16.75,"speedMult":9,"type":"mine"},{"angle":328.125,"time":16.75,"speedMult":9,"type":"mine"},{"angle":298.125,"time":16.75,"speedMult":9,"type":"mine"},{"angle":268.125,"time":16.75,"speedMult":9,"type":"mine"},{"angle":238.125,"time":16.75,"speedMult":9,"type":"mine"},{"angle":208.125,"time":16.75,"speedMult":9,"type":"mine"},{"angle":178.125,"time":16.75,"speedMult":9,"type":"mine"},{"angle":148.125,"time":16.75,"speedMult":9,"type":"mine"},{"angle":118.125,"time":16.75,"speedMult":9,"type":"mine"},{"angle":88.125,"time":16.75,"speedMult":9,"type":"mine"},{"angle":58.125,"time":16.75,"speedMult":9,"type":"mine"},{"angle":365.625,"time":17,"speedMult":9,"type":"mine"},{"angle":335.625,"time":17,"speedMult":9,"type":"mine"},{"angle":305.625,"time":17,"speedMult":9,"type":"mine"},{"angle":275.625,"time":17,"speedMult":9,"type":"mine"},{"angle":245.625,"time":17,"speedMult":9,"type":"mine"},{"angle":215.625,"time":17,"speedMult":9,"type":"mine"},{"angle":185.625,"time":17,"speedMult":9,"type":"mine"},{"angle":155.625,"time":17,"speedMult":9,"type":"mine"},{"angle":125.625,"time":17,"speedMult":9,"type":"mine"},{"angle":95.625,"time":17,"speedMult":9,"type":"mine"},{"angle":65.625,"time":17,"speedMult":9,"type":"mine"},{"angle":35.625,"time":17,"speedMult":9,"type":"mine"},{"angle":380.625,"time":17,"speedMult":9,"type":"mine"},{"angle":350.625,"time":17,"speedMult":9,"type":"mine"},{"angle":320.625,"time":17,"speedMult":9,"type":"mine"},{"angle":290.625,"time":17,"speedMult":9,"type":"mine"},{"angle":260.625,"time":17,"speedMult":9,"type":"mine"},{"angle":230.625,"time":17,"speedMult":9,"type":"mine"},{"angle":200.625,"time":17,"speedMult":9,"type":"mine"},{"angle":170.625,"time":17,"speedMult":9,"type":"mine"},{"angle":140.625,"time":17,"speedMult":9,"type":"mine"},{"angle":110.625,"time":17,"speedMult":9,"type":"mine"},{"angle":80.625,"time":17,"speedMult":9,"type":"mine"},{"angle":50.625,"time":17,"speedMult":9,"type":"mine"},{"angle":365.625,"time":17.5,"speedMult":9,"type":"mine"},{"angle":335.625,"time":17.5,"speedMult":9,"type":"mine"},{"angle":305.625,"time":17.5,"speedMult":9,"type":"mine"},{"angle":275.625,"time":17.5,"speedMult":9,"type":"mine"},{"angle":245.625,"time":17.5,"speedMult":9,"type":"mine"},{"angle":215.625,"time":17.5,"speedMult":9,"type":"mine"},{"angle":185.625,"time":17.5,"speedMult":9,"type":"mine"},{"angle":155.625,"time":17.5,"speedMult":9,"type":"mine"},{"angle":125.625,"time":17.5,"speedMult":9,"type":"mine"},{"angle":95.625,"time":17.5,"speedMult":9,"type":"mine"},{"angle":65.625,"time":17.5,"speedMult":9,"type":"mine"},{"angle":35.625,"time":17.5,"speedMult":9,"type":"mine"},{"angle":380.625,"time":17.5,"speedMult":9,"type":"mine"},{"angle":350.625,"time":17.5,"speedMult":9,"type":"mine"},{"angle":320.625,"time":17.5,"speedMult":9,"type":"mine"},{"angle":290.625,"time":17.5,"speedMult":9,"type":"mine"},{"angle":260.625,"time":17.5,"speedMult":9,"type":"mine"},{"angle":230.625,"time":17.5,"speedMult":9,"type":"mine"},{"angle":200.625,"time":17.5,"speedMult":9,"type":"mine"},{"angle":170.625,"time":17.5,"speedMult":9,"type":"mine"},{"angle":140.625,"time":17.5,"speedMult":9,"type":"mine"},{"angle":110.625,"time":17.5,"speedMult":9,"type":"mine"},{"angle":80.625,"time":17.5,"speedMult":9,"type":"mine"},{"angle":50.625,"time":17.5,"speedMult":9,"type":"mine"},{"angle":373.125,"time":17.25,"speedMult":9,"type":"mine"},{"angle":343.125,"time":17.25,"speedMult":9,"type":"mine"},{"angle":313.125,"time":17.25,"speedMult":9,"type":"mine"},{"angle":283.125,"time":17.25,"speedMult":9,"type":"mine"},{"angle":253.125,"time":17.25,"speedMult":9,"type":"mine"},{"angle":223.125,"time":17.25,"speedMult":9,"type":"mine"},{"angle":193.125,"time":17.25,"speedMult":9,"type":"mine"},{"angle":163.125,"time":17.25,"speedMult":9,"type":"mine"},{"angle":133.125,"time":17.25,"speedMult":9,"type":"mine"},{"angle":103.125,"time":17.25,"speedMult":9,"type":"mine"},{"angle":73.125,"time":17.25,"speedMult":9,"type":"mine"},{"angle":43.125,"time":17.25,"speedMult":9,"type":"mine"},{"angle":388.125,"time":17.25,"speedMult":9,"type":"mine"},{"angle":358.125,"time":17.25,"speedMult":9,"type":"mine"},{"angle":328.125,"time":17.25,"speedMult":9,"type":"mine"},{"angle":298.125,"time":17.25,"speedMult":9,"type":"mine"},{"angle":268.125,"time":17.25,"speedMult":9,"type":"mine"},{"angle":238.125,"time":17.25,"speedMult":9,"type":"mine"},{"angle":208.125,"time":17.25,"speedMult":9,"type":"mine"},{"angle":178.125,"time":17.25,"speedMult":9,"type":"mine"},{"angle":148.125,"time":17.25,"speedMult":9,"type":"mine"},{"angle":118.125,"time":17.25,"speedMult":9,"type":"mine"},{"angle":88.125,"time":17.25,"speedMult":9,"type":"mine"},{"angle":58.125,"time":17.25,"speedMult":9,"type":"mine"},{"angle":369.375,"time":14.125,"speedMult":9,"type":"mine"},{"angle":339.375,"time":14.125,"speedMult":9,"type":"mine"},{"angle":309.375,"time":14.125,"speedMult":9,"type":"mine"},{"angle":279.375,"time":14.125,"speedMult":9,"type":"mine"},{"angle":249.375,"time":14.125,"speedMult":9,"type":"mine"},{"angle":219.375,"time":14.125,"speedMult":9,"type":"mine"},{"angle":189.375,"time":14.125,"speedMult":9,"type":"mine"},{"angle":159.375,"time":14.125,"speedMult":9,"type":"mine"},{"angle":129.375,"time":14.125,"speedMult":9,"type":"mine"},{"angle":99.375,"time":14.125,"speedMult":9,"type":"mine"},{"angle":69.375,"time":14.125,"speedMult":9,"type":"mine"},{"angle":39.375,"time":14.125,"speedMult":9,"type":"mine"},{"angle":384.375,"time":14.125,"speedMult":9,"type":"mine"},{"angle":354.375,"time":14.125,"speedMult":9,"type":"mine"},{"angle":324.375,"time":14.125,"speedMult":9,"type":"mine"},{"angle":294.375,"time":14.125,"speedMult":9,"type":"mine"},{"angle":264.375,"time":14.125,"speedMult":9,"type":"mine"},{"angle":234.375,"time":14.125,"speedMult":9,"type":"mine"},{"angle":204.375,"time":14.125,"speedMult":9,"type":"mine"},{"angle":174.375,"time":14.125,"speedMult":9,"type":"mine"},{"angle":144.375,"time":14.125,"speedMult":9,"type":"mine"},{"angle":114.375,"time":14.125,"speedMult":9,"type":"mine"},{"angle":84.375,"time":14.125,"speedMult":9,"type":"mine"},{"angle":54.375,"time":14.125,"speedMult":9,"type":"mine"},{"angle":369.375,"time":14.625,"speedMult":9,"type":"mine"},{"angle":339.375,"time":14.625,"speedMult":9,"type":"mine"},{"angle":309.375,"time":14.625,"speedMult":9,"type":"mine"},{"angle":279.375,"time":14.625,"speedMult":9,"type":"mine"},{"angle":249.375,"time":14.625,"speedMult":9,"type":"mine"},{"angle":219.375,"time":14.625,"speedMult":9,"type":"mine"},{"angle":189.375,"time":14.625,"speedMult":9,"type":"mine"},{"angle":159.375,"time":14.625,"speedMult":9,"type":"mine"},{"angle":129.375,"time":14.625,"speedMult":9,"type":"mine"},{"angle":99.375,"time":14.625,"speedMult":9,"type":"mine"},{"angle":69.375,"time":14.625,"speedMult":9,"type":"mine"},{"angle":39.375,"time":14.625,"speedMult":9,"type":"mine"},{"angle":384.375,"time":14.625,"speedMult":9,"type":"mine"},{"angle":354.375,"time":14.625,"speedMult":9,"type":"mine"},{"angle":324.375,"time":14.625,"speedMult":9,"type":"mine"},{"angle":294.375,"time":14.625,"speedMult":9,"type":"mine"},{"angle":264.375,"time":14.625,"speedMult":9,"type":"mine"},{"angle":234.375,"time":14.625,"speedMult":9,"type":"mine"},{"angle":204.375,"time":14.625,"speedMult":9,"type":"mine"},{"angle":174.375,"time":14.625,"speedMult":9,"type":"mine"},{"angle":144.375,"time":14.625,"speedMult":9,"type":"mine"},{"angle":114.375,"time":14.625,"speedMult":9,"type":"mine"},{"angle":84.375,"time":14.625,"speedMult":9,"type":"mine"},{"angle":54.375,"time":14.625,"speedMult":9,"type":"mine"},{"angle":376.875,"time":14.375,"speedMult":9,"type":"mine"},{"angle":346.875,"time":14.375,"speedMult":9,"type":"mine"},{"angle":316.875,"time":14.375,"speedMult":9,"type":"mine"},{"angle":286.875,"time":14.375,"speedMult":9,"type":"mine"},{"angle":256.875,"time":14.375,"speedMult":9,"type":"mine"},{"angle":226.875,"time":14.375,"speedMult":9,"type":"mine"},{"angle":196.875,"time":14.375,"speedMult":9,"type":"mine"},{"angle":166.875,"time":14.375,"speedMult":9,"type":"mine"},{"angle":136.875,"time":14.375,"speedMult":9,"type":"mine"},{"angle":106.875,"time":14.375,"speedMult":9,"type":"mine"},{"angle":76.875,"time":14.375,"speedMult":9,"type":"mine"},{"angle":46.875,"time":14.375,"speedMult":9,"type":"mine"},{"angle":391.875,"time":14.375,"speedMult":9,"type":"mine"},{"angle":361.875,"time":14.375,"speedMult":9,"type":"mine"},{"angle":331.875,"time":14.375,"speedMult":9,"type":"mine"},{"angle":301.875,"time":14.375,"speedMult":9,"type":"mine"},{"angle":271.875,"time":14.375,"speedMult":9,"type":"mine"},{"angle":241.875,"time":14.375,"speedMult":9,"type":"mine"},{"angle":211.875,"time":14.375,"speedMult":9,"type":"mine"},{"angle":181.875,"time":14.375,"speedMult":9,"type":"mine"},{"angle":151.875,"time":14.375,"speedMult":9,"type":"mine"},{"angle":121.875,"time":14.375,"speedMult":9,"type":"mine"},{"angle":91.875,"time":14.375,"speedMult":9,"type":"mine"},{"angle":61.875,"time":14.375,"speedMult":9,"type":"mine"},{"angle":376.875,"time":14.875,"speedMult":9,"type":"mine"},{"angle":346.875,"time":14.875,"speedMult":9,"type":"mine"},{"angle":316.875,"time":14.875,"speedMult":9,"type":"mine"},{"angle":286.875,"time":14.875,"speedMult":9,"type":"mine"},{"angle":256.875,"time":14.875,"speedMult":9,"type":"mine"},{"angle":226.875,"time":14.875,"speedMult":9,"type":"mine"},{"angle":196.875,"time":14.875,"speedMult":9,"type":"mine"},{"angle":166.875,"time":14.875,"speedMult":9,"type":"mine"},{"angle":136.875,"time":14.875,"speedMult":9,"type":"mine"},{"angle":106.875,"time":14.875,"speedMult":9,"type":"mine"},{"angle":76.875,"time":14.875,"speedMult":9,"type":"mine"},{"angle":46.875,"time":14.875,"speedMult":9,"type":"mine"},{"angle":391.875,"time":14.875,"speedMult":9,"type":"mine"},{"angle":361.875,"time":14.875,"speedMult":9,"type":"mine"},{"angle":331.875,"time":14.875,"speedMult":9,"type":"mine"},{"angle":301.875,"time":14.875,"speedMult":9,"type":"mine"},{"angle":271.875,"time":14.875,"speedMult":9,"type":"mine"},{"angle":241.875,"time":14.875,"speedMult":9,"type":"mine"},{"angle":211.875,"time":14.875,"speedMult":9,"type":"mine"},{"angle":181.875,"time":14.875,"speedMult":9,"type":"mine"},{"angle":151.875,"time":14.875,"speedMult":9,"type":"mine"},{"angle":121.875,"time":14.875,"speedMult":9,"type":"mine"},{"angle":91.875,"time":14.875,"speedMult":9,"type":"mine"},{"angle":61.875,"time":14.875,"speedMult":9,"type":"mine"},{"angle":369.375,"time":15.125,"speedMult":9,"type":"mine"},{"angle":339.375,"time":15.125,"speedMult":9,"type":"mine"},{"angle":309.375,"time":15.125,"speedMult":9,"type":"mine"},{"angle":279.375,"time":15.125,"speedMult":9,"type":"mine"},{"angle":249.375,"time":15.125,"speedMult":9,"type":"mine"},{"angle":219.375,"time":15.125,"speedMult":9,"type":"mine"},{"angle":189.375,"time":15.125,"speedMult":9,"type":"mine"},{"angle":159.375,"time":15.125,"speedMult":9,"type":"mine"},{"angle":129.375,"time":15.125,"speedMult":9,"type":"mine"},{"angle":99.375,"time":15.125,"speedMult":9,"type":"mine"},{"angle":69.375,"time":15.125,"speedMult":9,"type":"mine"},{"angle":39.375,"time":15.125,"speedMult":9,"type":"mine"},{"angle":384.375,"time":15.125,"speedMult":9,"type":"mine"},{"angle":354.375,"time":15.125,"speedMult":9,"type":"mine"},{"angle":324.375,"time":15.125,"speedMult":9,"type":"mine"},{"angle":294.375,"time":15.125,"speedMult":9,"type":"mine"},{"angle":264.375,"time":15.125,"speedMult":9,"type":"mine"},{"angle":234.375,"time":15.125,"speedMult":9,"type":"mine"},{"angle":204.375,"time":15.125,"speedMult":9,"type":"mine"},{"angle":174.375,"time":15.125,"speedMult":9,"type":"mine"},{"angle":144.375,"time":15.125,"speedMult":9,"type":"mine"},{"angle":114.375,"time":15.125,"speedMult":9,"type":"mine"},{"angle":84.375,"time":15.125,"speedMult":9,"type":"mine"},{"angle":54.375,"time":15.125,"speedMult":9,"type":"mine"},{"angle":369.375,"time":15.625,"speedMult":9,"type":"mine"},{"angle":339.375,"time":15.625,"speedMult":9,"type":"mine"},{"angle":309.375,"time":15.625,"speedMult":9,"type":"mine"},{"angle":279.375,"time":15.625,"speedMult":9,"type":"mine"},{"angle":249.375,"time":15.625,"speedMult":9,"type":"mine"},{"angle":219.375,"time":15.625,"speedMult":9,"type":"mine"},{"angle":189.375,"time":15.625,"speedMult":9,"type":"mine"},{"angle":159.375,"time":15.625,"speedMult":9,"type":"mine"},{"angle":129.375,"time":15.625,"speedMult":9,"type":"mine"},{"angle":99.375,"time":15.625,"speedMult":9,"type":"mine"},{"angle":69.375,"time":15.625,"speedMult":9,"type":"mine"},{"angle":39.375,"time":15.625,"speedMult":9,"type":"mine"},{"angle":384.375,"time":15.625,"speedMult":9,"type":"mine"},{"angle":354.375,"time":15.625,"speedMult":9,"type":"mine"},{"angle":324.375,"time":15.625,"speedMult":9,"type":"mine"},{"angle":294.375,"time":15.625,"speedMult":9,"type":"mine"},{"angle":264.375,"time":15.625,"speedMult":9,"type":"mine"},{"angle":234.375,"time":15.625,"speedMult":9,"type":"mine"},{"angle":204.375,"time":15.625,"speedMult":9,"type":"mine"},{"angle":174.375,"time":15.625,"speedMult":9,"type":"mine"},{"angle":144.375,"time":15.625,"speedMult":9,"type":"mine"},{"angle":114.375,"time":15.625,"speedMult":9,"type":"mine"},{"angle":84.375,"time":15.625,"speedMult":9,"type":"mine"},{"angle":54.375,"time":15.625,"speedMult":9,"type":"mine"},{"angle":376.875,"time":15.375,"speedMult":9,"type":"mine"},{"angle":346.875,"time":15.375,"speedMult":9,"type":"mine"},{"angle":316.875,"time":15.375,"speedMult":9,"type":"mine"},{"angle":286.875,"time":15.375,"speedMult":9,"type":"mine"},{"angle":256.875,"time":15.375,"speedMult":9,"type":"mine"},{"angle":226.875,"time":15.375,"speedMult":9,"type":"mine"},{"angle":196.875,"time":15.375,"speedMult":9,"type":"mine"},{"angle":166.875,"time":15.375,"speedMult":9,"type":"mine"},{"angle":136.875,"time":15.375,"speedMult":9,"type":"mine"},{"angle":106.875,"time":15.375,"speedMult":9,"type":"mine"},{"angle":76.875,"time":15.375,"speedMult":9,"type":"mine"},{"angle":46.875,"time":15.375,"speedMult":9,"type":"mine"},{"angle":391.875,"time":15.375,"speedMult":9,"type":"mine"},{"angle":361.875,"time":15.375,"speedMult":9,"type":"mine"},{"angle":331.875,"time":15.375,"speedMult":9,"type":"mine"},{"angle":301.875,"time":15.375,"speedMult":9,"type":"mine"},{"angle":271.875,"time":15.375,"speedMult":9,"type":"mine"},{"angle":241.875,"time":15.375,"speedMult":9,"type":"mine"},{"angle":211.875,"time":15.375,"speedMult":9,"type":"mine"},{"angle":181.875,"time":15.375,"speedMult":9,"type":"mine"},{"angle":151.875,"time":15.375,"speedMult":9,"type":"mine"},{"angle":121.875,"time":15.375,"speedMult":9,"type":"mine"},{"angle":91.875,"time":15.375,"speedMult":9,"type":"mine"},{"angle":61.875,"time":15.375,"speedMult":9,"type":"mine"},{"angle":376.875,"time":15.875,"speedMult":9,"type":"mine"},{"angle":346.875,"time":15.875,"speedMult":9,"type":"mine"},{"angle":316.875,"time":15.875,"speedMult":9,"type":"mine"},{"angle":286.875,"time":15.875,"speedMult":9,"type":"mine"},{"angle":256.875,"time":15.875,"speedMult":9,"type":"mine"},{"angle":226.875,"time":15.875,"speedMult":9,"type":"mine"},{"angle":196.875,"time":15.875,"speedMult":9,"type":"mine"},{"angle":166.875,"time":15.875,"speedMult":9,"type":"mine"},{"angle":136.875,"time":15.875,"speedMult":9,"type":"mine"},{"angle":106.875,"time":15.875,"speedMult":9,"type":"mine"},{"angle":76.875,"time":15.875,"speedMult":9,"type":"mine"},{"angle":46.875,"time":15.875,"speedMult":9,"type":"mine"},{"angle":391.875,"time":15.875,"speedMult":9,"type":"mine"},{"angle":361.875,"time":15.875,"speedMult":9,"type":"mine"},{"angle":331.875,"time":15.875,"speedMult":9,"type":"mine"},{"angle":301.875,"time":15.875,"speedMult":9,"type":"mine"},{"angle":271.875,"time":15.875,"speedMult":9,"type":"mine"},{"angle":241.875,"time":15.875,"speedMult":9,"type":"mine"},{"angle":211.875,"time":15.875,"speedMult":9,"type":"mine"},{"angle":181.875,"time":15.875,"speedMult":9,"type":"mine"},{"angle":151.875,"time":15.875,"speedMult":9,"type":"mine"},{"angle":121.875,"time":15.875,"speedMult":9,"type":"mine"},{"angle":91.875,"time":15.875,"speedMult":9,"type":"mine"},{"angle":61.875,"time":15.875,"speedMult":9,"type":"mine"},{"angle":369.375,"time":16.125,"speedMult":9,"type":"mine"},{"angle":339.375,"time":16.125,"speedMult":9,"type":"mine"},{"angle":309.375,"time":16.125,"speedMult":9,"type":"mine"},{"angle":279.375,"time":16.125,"speedMult":9,"type":"mine"},{"angle":249.375,"time":16.125,"speedMult":9,"type":"mine"},{"angle":219.375,"time":16.125,"speedMult":9,"type":"mine"},{"angle":189.375,"time":16.125,"speedMult":9,"type":"mine"},{"angle":159.375,"time":16.125,"speedMult":9,"type":"mine"},{"angle":129.375,"time":16.125,"speedMult":9,"type":"mine"},{"angle":99.375,"time":16.125,"speedMult":9,"type":"mine"},{"angle":69.375,"time":16.125,"speedMult":9,"type":"mine"},{"angle":39.375,"time":16.125,"speedMult":9,"type":"mine"},{"angle":384.375,"time":16.125,"speedMult":9,"type":"mine"},{"angle":354.375,"time":16.125,"speedMult":9,"type":"mine"},{"angle":324.375,"time":16.125,"speedMult":9,"type":"mine"},{"angle":294.375,"time":16.125,"speedMult":9,"type":"mine"},{"angle":264.375,"time":16.125,"speedMult":9,"type":"mine"},{"angle":234.375,"time":16.125,"speedMult":9,"type":"mine"},{"angle":204.375,"time":16.125,"speedMult":9,"type":"mine"},{"angle":174.375,"time":16.125,"speedMult":9,"type":"mine"},{"angle":144.375,"time":16.125,"speedMult":9,"type":"mine"},{"angle":114.375,"time":16.125,"speedMult":9,"type":"mine"},{"angle":84.375,"time":16.125,"speedMult":9,"type":"mine"},{"angle":54.375,"time":16.125,"speedMult":9,"type":"mine"},{"angle":369.375,"time":16.625,"speedMult":9,"type":"mine"},{"angle":339.375,"time":16.625,"speedMult":9,"type":"mine"},{"angle":309.375,"time":16.625,"speedMult":9,"type":"mine"},{"angle":279.375,"time":16.625,"speedMult":9,"type":"mine"},{"angle":249.375,"time":16.625,"speedMult":9,"type":"mine"},{"angle":219.375,"time":16.625,"speedMult":9,"type":"mine"},{"angle":189.375,"time":16.625,"speedMult":9,"type":"mine"},{"angle":159.375,"time":16.625,"speedMult":9,"type":"mine"},{"angle":129.375,"time":16.625,"speedMult":9,"type":"mine"},{"angle":99.375,"time":16.625,"speedMult":9,"type":"mine"},{"angle":69.375,"time":16.625,"speedMult":9,"type":"mine"},{"angle":39.375,"time":16.625,"speedMult":9,"type":"mine"},{"angle":384.375,"time":16.625,"speedMult":9,"type":"mine"},{"angle":354.375,"time":16.625,"speedMult":9,"type":"mine"},{"angle":324.375,"time":16.625,"speedMult":9,"type":"mine"},{"angle":294.375,"time":16.625,"speedMult":9,"type":"mine"},{"angle":264.375,"time":16.625,"speedMult":9,"type":"mine"},{"angle":234.375,"time":16.625,"speedMult":9,"type":"mine"},{"angle":204.375,"time":16.625,"speedMult":9,"type":"mine"},{"angle":174.375,"time":16.625,"speedMult":9,"type":"mine"},{"angle":144.375,"time":16.625,"speedMult":9,"type":"mine"},{"angle":114.375,"time":16.625,"speedMult":9,"type":"mine"},{"angle":84.375,"time":16.625,"speedMult":9,"type":"mine"},{"angle":54.375,"time":16.625,"speedMult":9,"type":"mine"},{"angle":376.875,"time":16.375,"speedMult":9,"type":"mine"},{"angle":346.875,"time":16.375,"speedMult":9,"type":"mine"},{"angle":316.875,"time":16.375,"speedMult":9,"type":"mine"},{"angle":286.875,"time":16.375,"speedMult":9,"type":"mine"},{"angle":256.875,"time":16.375,"speedMult":9,"type":"mine"},{"angle":226.875,"time":16.375,"speedMult":9,"type":"mine"},{"angle":196.875,"time":16.375,"speedMult":9,"type":"mine"},{"angle":166.875,"time":16.375,"speedMult":9,"type":"mine"},{"angle":136.875,"time":16.375,"speedMult":9,"type":"mine"},{"angle":106.875,"time":16.375,"speedMult":9,"type":"mine"},{"angle":76.875,"time":16.375,"speedMult":9,"type":"mine"},{"angle":46.875,"time":16.375,"speedMult":9,"type":"mine"},{"angle":391.875,"time":16.375,"speedMult":9,"type":"mine"},{"angle":361.875,"time":16.375,"speedMult":9,"type":"mine"},{"angle":331.875,"time":16.375,"speedMult":9,"type":"mine"},{"angle":301.875,"time":16.375,"speedMult":9,"type":"mine"},{"angle":271.875,"time":16.375,"speedMult":9,"type":"mine"},{"angle":241.875,"time":16.375,"speedMult":9,"type":"mine"},{"angle":211.875,"time":16.375,"speedMult":9,"type":"mine"},{"angle":181.875,"time":16.375,"speedMult":9,"type":"mine"},{"angle":151.875,"time":16.375,"speedMult":9,"type":"mine"},{"angle":121.875,"time":16.375,"speedMult":9,"type":"mine"},{"angle":91.875,"time":16.375,"speedMult":9,"type":"mine"},{"angle":61.875,"time":16.375,"speedMult":9,"type":"mine"},{"angle":376.875,"time":16.875,"speedMult":9,"type":"mine"},{"angle":346.875,"time":16.875,"speedMult":9,"type":"mine"},{"angle":316.875,"time":16.875,"speedMult":9,"type":"mine"},{"angle":286.875,"time":16.875,"speedMult":9,"type":"mine"},{"angle":256.875,"time":16.875,"speedMult":9,"type":"mine"},{"angle":226.875,"time":16.875,"speedMult":9,"type":"mine"},{"angle":196.875,"time":16.875,"speedMult":9,"type":"mine"},{"angle":166.875,"time":16.875,"speedMult":9,"type":"mine"},{"angle":136.875,"time":16.875,"speedMult":9,"type":"mine"},{"angle":106.875,"time":16.875,"speedMult":9,"type":"mine"},{"angle":76.875,"time":16.875,"speedMult":9,"type":"mine"},{"angle":46.875,"time":16.875,"speedMult":9,"type":"mine"},{"angle":391.875,"time":16.875,"speedMult":9,"type":"mine"},{"angle":361.875,"time":16.875,"speedMult":9,"type":"mine"},{"angle":331.875,"time":16.875,"speedMult":9,"type":"mine"},{"angle":301.875,"time":16.875,"speedMult":9,"type":"mine"},{"angle":271.875,"time":16.875,"speedMult":9,"type":"mine"},{"angle":241.875,"time":16.875,"speedMult":9,"type":"mine"},{"angle":211.875,"time":16.875,"speedMult":9,"type":"mine"},{"angle":181.875,"time":16.875,"speedMult":9,"type":"mine"},{"angle":151.875,"time":16.875,"speedMult":9,"type":"mine"},{"angle":121.875,"time":16.875,"speedMult":9,"type":"mine"},{"angle":91.875,"time":16.875,"speedMult":9,"type":"mine"},{"angle":61.875,"time":16.875,"speedMult":9,"type":"mine"},{"angle":369.375,"time":17.125,"speedMult":9,"type":"mine"},{"angle":339.375,"time":17.125,"speedMult":9,"type":"mine"},{"angle":309.375,"time":17.125,"speedMult":9,"type":"mine"},{"angle":279.375,"time":17.125,"speedMult":9,"type":"mine"},{"angle":249.375,"time":17.125,"speedMult":9,"type":"mine"},{"angle":219.375,"time":17.125,"speedMult":9,"type":"mine"},{"angle":189.375,"time":17.125,"speedMult":9,"type":"mine"},{"angle":159.375,"time":17.125,"speedMult":9,"type":"mine"},{"angle":129.375,"time":17.125,"speedMult":9,"type":"mine"},{"angle":99.375,"time":17.125,"speedMult":9,"type":"mine"},{"angle":69.375,"time":17.125,"speedMult":9,"type":"mine"},{"angle":39.375,"time":17.125,"speedMult":9,"type":"mine"},{"angle":384.375,"time":17.125,"speedMult":9,"type":"mine"},{"angle":354.375,"time":17.125,"speedMult":9,"type":"mine"},{"angle":324.375,"time":17.125,"speedMult":9,"type":"mine"},{"angle":294.375,"time":17.125,"speedMult":9,"type":"mine"},{"angle":264.375,"time":17.125,"speedMult":9,"type":"mine"},{"angle":234.375,"time":17.125,"speedMult":9,"type":"mine"},{"angle":204.375,"time":17.125,"speedMult":9,"type":"mine"},{"angle":174.375,"time":17.125,"speedMult":9,"type":"mine"},{"angle":144.375,"time":17.125,"speedMult":9,"type":"mine"},{"angle":114.375,"time":17.125,"speedMult":9,"type":"mine"},{"angle":84.375,"time":17.125,"speedMult":9,"type":"mine"},{"angle":54.375,"time":17.125,"speedMult":9,"type":"mine"},{"angle":376.875,"time":17.375,"speedMult":9,"type":"mine"},{"angle":346.875,"time":17.375,"speedMult":9,"type":"mine"},{"angle":316.875,"time":17.375,"speedMult":9,"type":"mine"},{"angle":286.875,"time":17.375,"speedMult":9,"type":"mine"},{"angle":256.875,"time":17.375,"speedMult":9,"type":"mine"},{"angle":226.875,"time":17.375,"speedMult":9,"type":"mine"},{"angle":196.875,"time":17.375,"speedMult":9,"type":"mine"},{"angle":166.875,"time":17.375,"speedMult":9,"type":"mine"},{"angle":136.875,"time":17.375,"speedMult":9,"type":"mine"},{"angle":106.875,"time":17.375,"speedMult":9,"type":"mine"},{"angle":76.875,"time":17.375,"speedMult":9,"type":"mine"},{"angle":46.875,"time":17.375,"speedMult":9,"type":"mine"},{"angle":391.875,"time":17.375,"speedMult":9,"type":"mine"},{"angle":361.875,"time":17.375,"speedMult":9,"type":"mine"},{"angle":331.875,"time":17.375,"speedMult":9,"type":"mine"},{"angle":301.875,"time":17.375,"speedMult":9,"type":"mine"},{"angle":271.875,"time":17.375,"speedMult":9,"type":"mine"},{"angle":241.875,"time":17.375,"speedMult":9,"type":"mine"},{"angle":211.875,"time":17.375,"speedMult":9,"type":"mine"},{"angle":181.875,"time":17.375,"speedMult":9,"type":"mine"},{"angle":151.875,"time":17.375,"speedMult":9,"type":"mine"},{"angle":121.875,"time":17.375,"speedMult":9,"type":"mine"},{"angle":91.875,"time":17.375,"speedMult":9,"type":"mine"},{"angle":61.875,"time":17.375,"speedMult":9,"type":"mine"}]