{"events":[{"angle":292.5,"time":0,"file":"COCA COLA ESPUMA.ogg","offset":0.029999999329448,"volume":1,"type":"play","bpm":400},{"duration":0,"ease":"linear","time":13.9375,"enabled":false,"paddle":1,"type":"paddles","angle":315},{"angle":337.5,"time":17.88455581665,"type":"showResults"},{"angle":303.75,"time":14,"type":"forcePlayerSprite","spriteName":"miss"},{"angle":315,"time":17.9375,"ease":"linear","enabled":true,"paddle":1,"type":"paddles","duration":0},{"angle":303.75,"time":14.5,"type":"forcePlayerSprite","spriteName":"miss"},{"angle":311.25,"time":14.25,"type":"forcePlayerSprite","spriteName":"miss"},{"angle":311.25,"time":14.75,"type":"forcePlayerSprite","spriteName":"miss"}],"metadata":{"bg":true,"description":"Immediate Death","difficulty":1,"bgData":{"magentaChannel":{"g":137,"b":118,"r":159},"cyanChannel":{"g":184,"b":169,"r":194},"image":"THUMB.png","redChannel":{"g":73,"b":53,"r":96},"blueChannel":{"g":75,"b":59,"r":97},"greenChannel":{"g":116,"b":95,"r":143},"yellowChannel":{"g":128,"b":112,"r":127}},"artistLink":"https://www.youtube.com/watch?v=R1tgBxuRqZ8","artist":"RedAnimations","songName":"COCA COLA ESPUMA","charter":"Random22"},"properties":{"formatversion":13,"speed":60,"offset":8}}