[{"type":"block","angle":0,"time":0.25},{"type":"block","angle":0,"time":1},{"type":"block","angle":0,"time":1.25},{"type":"block","angle":0,"time":1.5},{"type":"block","angle":0,"time":1.75},{"type":"block","angle":337.5,"time":2},{"type":"block","angle":360,"time":2.25},{"type":"block","angle":45,"time":2.5},{"type":"block","angle":22.5,"time":2.75},{"type":"block","angle":360,"time":3},{"type":"block","angle":337.5,"time":3.25},{"type":"block","angle":360,"time":3.5},{"type":"block","angle":22.5,"time":3.75},{"type":"block","angle":45,"time":4},{"type":"block","angle":45,"time":4.25},{"type":"block","angle":45,"time":4.5},{"type":"block","angle":45,"time":5},{"type":"block","angle":67.5,"time":5.25},{"type":"block","angle":90,"time":5.5},{"type":"block","angle":112.5,"time":5.75},{"type":"block","angle":180,"time":6},{"type":"block","angle":180,"time":6.25},{"type":"block","angle":112.5,"time":6.5},{"type":"block","angle":157.5,"time":6.75},{"type":"block","angle":135,"time":7},{"type":"block","angle":180,"time":7.25},{"type":"block","angle":202.5,"time":7.5},{"type":"block","angle":225,"time":7.75},{"type":"block","angle":247.5,"time":8},{"type":"block","angle":247.5,"time":8.25},{"type":"block","angle":337.5,"time":9},{"type":"block","angle":315,"time":9.25},{"type":"block","angle":292.5,"time":9.5},{"type":"block","angle":315,"time":9.75},{"type":"block","angle":270,"time":10},{"type":"block","angle":247.5,"time":10.25},{"type":"block","angle":225,"time":10.5},{"type":"block","angle":157.5,"time":10.75},{"type":"block","angle":157.5,"time":11.25},{"type":"block","angle":135,"time":11},{"type":"block","angle":112.5,"time":11.5},{"type":"block","angle":90,"time":11.75},{"type":"block","angle":67.5,"time":12},{"type":"block","angle":67.5,"time":12.5},{"type":"block","angle":67.5,"time":12.25},{"type":"block","angle":247.5,"time":8.5},{"type":"block","angle":22.5,"time":13},{"type":"block","angle":0,"time":13.25},{"type":"block","angle":337.5,"time":13.5},{"type":"block","angle":315,"time":13.75},{"type":"block","angle":270,"time":14},{"type":"block","angle":247.5,"time":14.25},{"type":"block","angle":270,"time":14.5},{"type":"block","angle":292.5,"time":14.75},{"type":"block","angle":337.5,"time":15},{"type":"block","angle":90,"time":16},{"type":"block","angle":90,"time":16.25},{"type":"block","angle":90,"time":16.5},{"type":"block","angle":0,"time":15.25},{"type":"block","angle":45,"time":15.5},{"type":"block","angle":67.5,"time":15.75},{"type":"block","angle":22.5,"time":17},{"type":"block","angle":0,"time":17.25},{"type":"block","angle":315,"time":17.5},{"type":"block","angle":-22.5,"time":17.75},{"type":"block","angle":-360,"time":18},{"type":"block","angle":-382.5,"time":18.25},{"type":"block","angle":-67.5,"time":18.5},{"type":"block","angle":-45,"time":18.75},{"type":"block","angle":-382.5,"time":19},{"type":"block","angle":-360,"time":19.25},{"type":"block","angle":-382.5,"time":19.5},{"type":"block","angle":-45,"time":19.75},{"type":"block","angle":-67.5,"time":20},{"type":"block","angle":-67.5,"time":20.25},{"type":"block","angle":-67.5,"time":20.5},{"type":"block","angle":-67.5,"time":21},{"type":"block","angle":-90,"time":21.25},{"type":"block","angle":-112.5,"time":21.5},{"type":"block","angle":-135,"time":21.75},{"type":"block","angle":-202.5,"time":22},{"type":"block","angle":180,"time":22.25},{"type":"block","angle":-135,"time":22.5},{"type":"block","angle":-180,"time":22.75},{"type":"block","angle":-157.5,"time":23},{"type":"block","angle":-202.5,"time":23.25},{"type":"block","angle":-225,"time":23.5},{"type":"block","angle":-247.5,"time":23.75},{"type":"block","angle":-270,"time":24},{"type":"block","angle":-270,"time":24.25},{"type":"block","angle":-360,"time":25},{"type":"block","angle":-337.5,"time":25.25},{"type":"block","angle":-315,"time":25.5},{"type":"block","angle":-337.5,"time":25.75},{"type":"block","angle":-292.5,"time":26},{"type":"block","angle":-270,"time":26.25},{"type":"block","angle":-247.5,"time":26.5},{"type":"block","angle":-180,"time":26.75},{"type":"block","angle":-180,"time":27.25},{"type":"block","angle":-157.5,"time":27},{"type":"block","angle":-135,"time":27.5},{"type":"block","angle":-112.5,"time":27.75},{"type":"block","angle":-90,"time":28},{"type":"block","angle":-90,"time":28.5},{"type":"block","angle":-90,"time":28.25},{"type":"block","angle":-270,"time":24.5},{"type":"block","angle":-45,"time":29},{"type":"block","angle":-22.5,"time":29.25},{"type":"block","angle":-360,"time":29.5},{"type":"block","angle":-337.5,"time":29.75},{"type":"block","angle":-292.5,"time":30},{"type":"block","angle":-270,"time":30.25},{"type":"block","angle":-292.5,"time":30.5},{"type":"block","angle":-315,"time":30.75},{"type":"block","angle":-360,"time":31},{"type":"block","angle":-22.5,"time":31.25},{"type":"block","angle":-67.5,"time":31.5},{"type":"block","angle":-90,"time":31.75},{"angle":202.5,"time":32,"angle2":315,"duration":3.5,"type":"hold"},{"angle":360,"time":36,"angle2":90,"duration":4,"type":"hold"},{"angle":90,"time":40,"angle2":157.5,"duration":3.5,"type":"hold"},{"type":"block","angle":180,"time":43.75},{"angle":225,"time":44,"angle2":247.5,"duration":0.5,"type":"hold"},{"angle":247.5,"time":44.5,"angle2":90,"duration":3.5,"type":"hold"},{"angle":90,"time":48,"angle2":270,"duration":3.5,"type":"hold"},{"angle":337.5,"time":52,"angle2":675,"duration":4,"type":"hold"},{"angle":315,"time":56,"angle2":112.5,"duration":3.5,"type":"hold"},{"type":"block","angle":90,"time":59.75},{"type":"block","angle":135,"time":60},{"type":"block","angle":180,"time":60.5},{"type":"block","angle":292.5,"time":61.5},{"type":"block","angle":337.5,"time":62},{"type":"block","angle":315,"time":62.25},{"angle":247.5,"time":62.75,"angle2":0,"duration":1,"type":"hold"},{"type":"mine","angle":22.5,"time":32},{"type":"mine","angle":22.5,"time":32.25},{"type":"mine","angle":0,"time":32.75},{"type":"mine","angle":45,"time":33},{"type":"mine","angle":67.5,"time":33.25},{"type":"mine","angle":90,"time":33.5},{"type":"mine","angle":45,"time":33.75},{"type":"mine","angle":22.5,"time":34},{"type":"mine","angle":67.5,"time":34.25},{"type":"mine","angle":112.5,"time":34.5},{"type":"mine","angle":157.5,"time":34.75},{"type":"mine","angle":90,"time":35},{"type":"mine","angle":112.5,"time":35.25},{"type":"mine","angle":112.5,"time":35.75},{"type":"mine","angle":67.5,"time":36},{"type":"mine","angle":45,"time":35.5},{"type":"mine","angle":135,"time":36.75},{"type":"mine","angle":157.5,"time":37},{"type":"mine","angle":112.5,"time":37.25},{"type":"mine","angle":90,"time":37.5},{"type":"mine","angle":67.5,"time":37.75},{"type":"mine","angle":45,"time":38},{"type":"mine","angle":67.5,"time":38.25},{"type":"mine","angle":45,"time":38.5},{"type":"mine","angle":315,"time":39},{"type":"mine","angle":22.5,"time":39.25},{"type":"mine","angle":45,"time":39.5},{"type":"mine","angle":337.5,"time":40},{"type":"mine","angle":337.5,"time":40.25},{"type":"mine","angle":315,"time":39.75},{"type":"mine","angle":67.5,"time":36.25},{"type":"mine","angle":315,"time":40.75},{"type":"mine","angle":292.5,"time":41},{"type":"mine","angle":337.5,"time":41.25},{"type":"mine","angle":270,"time":41.5},{"type":"mine","angle":247.5,"time":41.75},{"type":"mine","angle":202.5,"time":42},{"type":"mine","angle":247.5,"time":42.25},{"type":"mine","angle":270,"time":42.5},{"type":"mine","angle":292.5,"time":42.75},{"type":"mine","angle":360,"time":43},{"type":"mine","angle":337.5,"time":43.25},{"type":"mine","angle":22.5,"time":43.5},{"type":"mine","angle":45,"time":43.75},{"type":"mine","angle":0,"time":44},{"type":"mine","angle":0,"time":44.25},{"type":"mine","angle":22.5,"time":44.75},{"type":"mine","angle":45,"time":45},{"type":"mine","angle":90,"time":45.5},{"type":"mine","angle":67.5,"time":45.5},{"type":"mine","angle":45,"time":45.75},{"type":"mine","angle":67.5,"time":46},{"type":"mine","angle":22.5,"time":46.25},{"type":"mine","angle":0,"time":46.5},{"type":"mine","angle":45,"time":46.75},{"type":"mine","angle":22.5,"time":47},{"type":"mine","angle":337.5,"time":47.5},{"type":"mine","angle":0,"time":47.25},{"type":"mine","angle":292.5,"time":47.75},{"type":"mine","angle":270,"time":48},{"type":"mine","angle":270,"time":48.25},{"type":"mine","angle":292.5,"time":48.75},{"type":"mine","angle":315,"time":49},{"type":"mine","angle":337.5,"time":49.25},{"type":"mine","angle":360,"time":49.5},{"type":"mine","angle":315,"time":49.75},{"type":"mine","angle":22.5,"time":50},{"type":"mine","angle":45,"time":50.25},{"type":"mine","angle":360,"time":50.5},{"type":"mine","angle":337.5,"time":50.75},{"type":"mine","angle":22.5,"time":51},{"type":"mine","angle":45,"time":51.25},{"type":"mine","angle":90,"time":51.5},{"type":"mine","angle":112.5,"time":51.75},{"type":"mine","angle":135,"time":52},{"type":"mine","angle":135,"time":52.25},{"type":"mine","angle":180,"time":52.75},{"type":"mine","angle":225,"time":53},{"type":"mine","angle":270,"time":53.25},{"type":"mine","angle":292.5,"time":53.5},{"type":"mine","angle":315,"time":53.75},{"type":"mine","angle":360,"time":54},{"type":"mine","angle":45,"time":54.25},{"type":"mine","angle":90,"time":54.5},{"type":"mine","angle":67.5,"time":54.75},{"type":"mine","angle":90,"time":55},{"type":"mine","angle":112.5,"time":55.25},{"type":"mine","angle":67.5,"time":55.5},{"type":"mine","angle":135,"time":55.75},{"type":"mine","angle":112.5,"time":56},{"type":"mine","angle":112.5,"time":56.25},{"type":"mine","angle":67.5,"time":56.75},{"type":"mine","angle":45,"time":57},{"type":"mine","angle":22.5,"time":57.25},{"type":"mine","angle":360,"time":57.5},{"type":"mine","angle":337.5,"time":57.75},{"type":"mine","angle":315,"time":58},{"type":"mine","angle":0,"time":58.25},{"type":"mine","angle":337.5,"time":58.5},{"type":"mine","angle":22.5,"time":58.75},{"type":"mine","angle":0,"time":59},{"type":"mine","angle":337.5,"time":59.25},{"type":"mine","angle":315,"time":59.5},{"type":"mine","angle":292.5,"time":59.75},{"type":"block","angle":45,"time":64.5},{"type":"block","angle":90,"time":65.5},{"type":"block","angle":67.5,"time":66},{"type":"block","angle":67.5,"time":67.25},{"type":"block","angle":22.5,"time":67.5},{"angle":112.5,"time":66.25,"angle2":135,"duration":0.5,"type":"hold"},{"type":"block","angle":135,"time":68.5},{"type":"block","angle":67.5,"time":69.5},{"angle":45,"angle2":90,"time":70,"type":"hold","duration":0.25,"holdEase":"inBack"},{"type":"block","angle":135,"time":70.75},{"type":"block","angle":45,"time":71.25},{"type":"block","angle":67.5,"time":71.5},{"type":"block","angle":135,"time":72.5},{"type":"block","angle":157.5,"time":73.5},{"angle":90,"time":74,"angle2":67.5,"duration":0.25,"type":"hold"},{"type":"block","angle":45,"time":74.75},{"type":"block","angle":112.5,"time":75.25},{"type":"block","angle":135,"time":75.5},{"type":"block","angle":67.5,"time":76},{"type":"block","angle":45,"time":76},{"type":"block","angle":90,"time":76.5},{"type":"block","angle":112.5,"time":76.5},{"type":"block","angle":157.5,"time":77},{"type":"block","angle":180,"time":77},{"type":"block","angle":157.5,"time":77.25},{"type":"block","angle":135,"time":77.25},{"type":"block","angle":90,"time":77.75},{"type":"block","angle":112.5,"time":77.75},{"angle":45,"time":78,"angle2":-22.5,"duration":0.5,"type":"hold"},{"angle":67.5,"time":78,"angle2":0,"duration":0.5,"type":"hold"},{"angle":315,"time":78.75,"angle2":360,"duration":0.5,"type":"hold"},{"angle":292.5,"time":78.75,"angle2":337.5,"duration":0.5,"type":"hold"},{"angle":360,"time":79.25,"angle2":337.5,"duration":0.25,"type":"hold"},{"angle":337.5,"time":79.25,"angle2":315,"duration":0.25,"type":"hold"},{"type":"block","angle":270,"time":80.5},{"type":"block","angle":225,"time":81.5},{"angle":270,"time":82,"angle2":292.5,"duration":0.25,"type":"hold"},{"type":"block","angle":315,"time":82.75},{"type":"block","angle":247.5,"time":83.25},{"type":"block","angle":225,"time":83.5},{"type":"block","angle":315,"time":84.5},{"type":"block","angle":247.5,"time":85.5},{"type":"block","angle":270,"time":85.75},{"type":"block","angle":225,"time":86},{"type":"block","angle":270,"time":86.5},{"type":"block","angle":292.5,"time":86.75},{"type":"block","angle":337.5,"time":87.25},{"type":"block","angle":315,"time":87.5},{"type":"block","angle":292.5,"time":87.75},{"type":"block","angle":247.5,"time":88},{"type":"block","angle":202.5,"time":88.5},{"type":"block","angle":270,"time":89.5},{"type":"block","angle":315,"time":90},{"type":"block","angle":292.5,"time":90.25},{"type":"block","angle":225,"time":90.75},{"type":"block","angle":270,"time":91.25},{"type":"block","angle":315,"time":91.5},{"type":"block","angle":0,"time":92},{"type":"block","angle":337.5,"time":92.25},{"type":"block","angle":315,"time":92.5},{"type":"block","angle":292.5,"time":92.75},{"type":"block","angle":202.5,"time":93.5},{"type":"block","angle":135,"time":94},{"type":"block","angle":90,"time":94.5},{"type":"block","angle":67.5,"time":94.75},{"type":"block","angle":22.5,"time":95.5},{"type":"block","angle":247.5,"time":93},{"angle":0,"time":96,"angle2":0,"duration":1,"type":"mineHold"},{"angle":180,"time":96,"angle2":180,"duration":1,"type":"mineHold"},{"angle":0,"time":98,"angle2":0,"duration":1,"type":"mineHold"},{"angle":180,"time":98,"angle2":180,"duration":1,"type":"mineHold"},{"angle":0,"time":100,"angle2":0,"duration":1,"type":"mineHold"},{"angle":180,"time":100,"angle2":180,"duration":1,"type":"mineHold"},{"angle":0,"time":102,"angle2":0,"duration":1,"type":"mineHold"},{"angle":180,"time":102,"angle2":180,"duration":1,"type":"mineHold"},{"angle":0,"time":104,"angle2":0,"duration":1,"type":"mineHold"},{"angle":180,"time":104,"angle2":180,"duration":1,"type":"mineHold"},{"angle":0,"time":106,"angle2":0,"duration":1,"type":"mineHold"},{"angle":180,"time":106,"angle2":180,"duration":1,"type":"mineHold"},{"angle":0,"time":108,"angle2":0,"duration":1,"type":"mineHold"},{"angle":180,"time":108,"angle2":180,"duration":1,"type":"mineHold"},{"angle":0,"time":110,"angle2":0,"duration":1,"type":"mineHold"},{"angle":180,"time":110,"angle2":180,"duration":1,"type":"mineHold"},{"angle":0,"time":96,"angle2":180,"duration":0,"type":"mineHold"},{"type":"block","angle":315,"time":96.5},{"angle":292.5,"time":97,"angle2":270,"duration":0.5,"type":"hold"},{"angle":225,"time":98,"angle2":270,"duration":0.75,"type":"hold"},{"type":"block","angle":315,"time":99.5},{"angle":337.5,"angle2":315,"time":100,"type":"hold","duration":3.5,"holdEase":"outBack"},{"type":"block","angle":22.5,"time":103.75},{"angle":67.5,"time":104,"angle2":112.5,"duration":1.5,"type":"hold"},{"angle":112.5,"type":"hold","time":105.5,"endTap":true,"duration":2.5,"angle2":22.5},{"type":"block","angle":45,"time":108.25},{"type":"block","angle":67.5,"time":108.5},{"type":"block","angle":90,"time":108.75},{"angle":135,"time":109,"type":"block","tap":true},{"type":"block","angle":157.5,"time":109.25},{"type":"block","angle":180,"time":109.5},{"type":"block","angle":202.5,"time":109.75},{"angle":247.5,"time":110,"type":"block","tap":true},{"type":"block","angle":270,"time":110.25},{"type":"block","angle":292.5,"time":110.5},{"type":"block","angle":315,"time":110.75},{"angle":292.5,"time":111,"type":"block","tap":true},{"type":"block","angle":337.5,"time":111.25},{"type":"block","angle":22.5,"time":111.5},{"type":"block","angle":67.5,"time":111.75},{"angle":0,"time":112,"angle2":0,"duration":1,"type":"mineHold"},{"angle":-180,"time":112,"angle2":-180,"duration":1,"type":"mineHold"},{"angle":0,"time":114,"angle2":0,"duration":1,"type":"mineHold"},{"angle":-180,"time":114,"angle2":-180,"duration":1,"type":"mineHold"},{"angle":0,"time":116,"angle2":0,"duration":1,"type":"mineHold"},{"angle":-180,"time":116,"angle2":-180,"duration":1,"type":"mineHold"},{"angle":0,"time":118,"angle2":0,"duration":1,"type":"mineHold"},{"angle":-180,"time":118,"angle2":-180,"duration":1,"type":"mineHold"},{"angle":0,"time":120,"angle2":0,"duration":1,"type":"mineHold"},{"angle":-180,"time":120,"angle2":-180,"duration":1,"type":"mineHold"},{"angle":0,"time":122,"angle2":0,"duration":1,"type":"mineHold"},{"angle":-180,"time":122,"angle2":-180,"duration":1,"type":"mineHold"},{"angle":0,"time":124,"angle2":0,"duration":1,"type":"mineHold"},{"angle":-180,"time":124,"angle2":-180,"duration":1,"type":"mineHold"},{"angle":0,"time":126,"angle2":0,"duration":1,"type":"mineHold"},{"angle":-180,"time":126,"angle2":-180,"duration":1,"type":"mineHold"},{"angle":0,"time":112,"angle2":-180,"duration":0,"type":"mineHold"},{"type":"block","angle":135,"time":112.5},{"angle":112.5,"angle2":67.5,"time":113,"type":"hold","duration":0.5,"holdEase":"inBack"},{"angle":45,"time":114,"angle2":90,"duration":0.75,"type":"hold"},{"type":"block","angle":135,"time":115.5},{"angle":157.5,"time":116,"angle2":67.5,"duration":3,"type":"hold"},{"angle":67.5,"time":119,"angle2":-45,"duration":1,"type":"hold"},{"angle":315,"angle2":360,"time":120,"type":"hold","duration":1.5,"holdEase":"inQuad"},{"angle":360,"type":"hold","time":121.5,"endTap":true,"duration":2.5,"angle2":585},{"type":"block","angle":247.5,"time":124.25},{"type":"block","angle":225,"time":124.5},{"type":"block","angle":202.5,"time":124.75},{"angle":247.5,"time":125,"type":"block","tap":true},{"type":"block","angle":270,"time":125.25},{"type":"block","angle":292.5,"time":125.5},{"type":"block","angle":315,"time":125.75},{"angle":292.5,"time":126,"type":"block","tap":true},{"type":"block","angle":247.5,"time":126.5},{"type":"block","angle":225,"time":126.75},{"type":"block","angle":247.5,"time":127},{"type":"block","angle":315,"time":127.5},{"type":"block","angle":22.5,"time":128},{"type":"block","angle":45,"time":128},{"type":"block","angle":247.5,"time":129},{"type":"block","angle":225,"time":129},{"angle":315,"time":130,"angle2":337.5,"duration":0.25,"type":"hold"},{"angle":337.5,"time":130,"angle2":360,"duration":0.25,"type":"hold"},{"type":"block","angle":112.5,"time":130.75},{"type":"block","angle":135,"time":130.75},{"type":"block","angle":22.5,"time":131.5},{"type":"block","angle":45,"time":131.5},{"type":"block","angle":270,"time":132.5},{"type":"block","angle":247.5,"time":132.5},{"angle":180,"angle2":225,"time":133,"type":"hold","duration":0.75,"holdEase":"outBack"},{"angle":157.5,"angle2":202.5,"time":133,"type":"hold","duration":0.75,"holdEase":"outBack"},{"type":"block","angle":225,"time":134},{"type":"block","angle":247.5,"time":134},{"type":"block","angle":270,"time":134.25},{"type":"block","angle":247.5,"time":134.25},{"type":"block","angle":337.5,"time":134.75},{"type":"block","angle":360,"time":134.75},{"type":"block","angle":135,"time":135.5},{"type":"block","angle":112.5,"time":135.5},{"type":"block","angle":247.5,"time":136},{"type":"block","angle":225,"time":136},{"type":"block","angle":22.5,"time":136.75},{"type":"block","angle":45,"time":136.75},{"type":"block","angle":292.5,"time":137.5},{"type":"block","angle":315,"time":137.5},{"type":"block","angle":135,"time":138},{"type":"block","angle":157.5,"time":138},{"type":"block","angle":202.5,"time":138.75},{"type":"block","angle":225,"time":138.75},{"type":"block","angle":337.5,"time":139.5},{"type":"block","angle":360,"time":139.5},{"angle":45,"angle2":202.5,"time":140,"type":"hold","duration":2,"holdEase":"outBack"},{"angle":67.5,"angle2":225,"time":140,"type":"hold","duration":2,"holdEase":"outBack"},{"angle":202.5,"angle2":180,"time":142,"type":"hold","duration":1,"holdEase":"outQuad"},{"angle":225,"angle2":180,"time":142,"type":"hold","duration":1,"holdEase":"outQuad"},{"type":"block","angle":157.5,"time":143.25},{"angle":135,"time":143.5,"angle2":112.5,"duration":0.5,"type":"hold"},{"type":"block","angle":90,"time":144},{"type":"block","angle":315,"time":145},{"type":"block","angle":337.5,"time":145},{"angle":67.5,"time":146,"angle2":90,"duration":0.25,"type":"hold"},{"angle":90,"time":146,"angle2":112.5,"duration":0.25,"type":"hold"},{"angle":247.5,"time":146.75,"angle2":315,"duration":0.75,"type":"hold"},{"angle":270,"time":146.75,"angle2":337.5,"duration":0.75,"type":"hold"},{"type":"block","angle":202.5,"time":148.5},{"type":"block","angle":180,"time":148.5},{"angle":180,"time":149,"angle2":157.5,"duration":0.75,"type":"hold"},{"angle":157.5,"time":149,"angle2":135,"duration":0.75,"type":"hold"},{"type":"block","angle":180,"time":149.875},{"type":"block","angle":157.5,"time":149.875},{"angle":202.5,"time":150,"angle2":225,"duration":0.25,"type":"hold"},{"angle":180,"time":150,"angle2":202.5,"duration":0.25,"type":"hold"},{"angle":337.5,"time":150.75,"angle2":292.5,"duration":0.75,"type":"hold"},{"angle":315,"time":150.75,"angle2":270,"duration":0.75,"type":"hold"},{"angle":202.5,"time":152,"angle2":67.5,"duration":1.5,"type":"hold"},{"angle":180,"time":152,"angle2":45,"duration":1.5,"type":"hold"},{"angle":45,"time":153.5,"angle2":67.5,"duration":0.25,"type":"hold"},{"angle":67.5,"time":153.5,"angle2":90,"duration":0.25,"type":"hold"},{"angle":67.5,"time":153.75,"angle2":45,"duration":0.25,"type":"hold"},{"angle":90,"time":153.75,"angle2":67.5,"duration":0.25,"type":"hold"},{"angle":45,"time":154,"angle2":202.5,"duration":2,"type":"hold"},{"angle":67.5,"time":154,"angle2":202.5,"duration":2,"type":"hold"},{"angle":202.5,"time":156,"angle2":315,"duration":1,"type":"hold"},{"angle":315,"time":157,"angle2":202.5,"duration":1,"type":"hold"},{"angle":180,"time":158,"angle2":67.5,"duration":1,"type":"hold"},{"angle":67.5,"time":159,"angle2":135,"duration":1,"type":"hold"},{"type":"block","angle":90,"time":160.5},{"type":"block","angle":45,"time":161},{"type":"block","angle":225,"time":161.75},{"type":"block","angle":202.5,"time":162.5},{"type":"block","angle":180,"time":162.75},{"type":"block","angle":202.5,"time":163},{"type":"block","angle":315,"time":164},{"type":"block","angle":360,"time":164.5},{"type":"block","angle":337.5,"time":164.75},{"type":"block","angle":0,"time":165},{"type":"block","angle":67.5,"time":165.5},{"type":"block","angle":90,"time":165.75},{"type":"block","angle":112.5,"time":166.5},{"type":"block","angle":22.5,"time":167},{"type":"block","angle":270,"time":168},{"type":"block","angle":202.5,"time":168.5},{"type":"block","angle":180,"time":168.75},{"type":"block","angle":157.5,"time":169},{"type":"block","angle":45,"time":169.5},{"type":"block","angle":67.5,"time":169.75},{"type":"block","angle":270,"time":170.5},{"type":"block","angle":292.5,"time":171},{"angle":360,"time":172,"angle2":540,"duration":0.5,"type":"hold"},{"angle":180,"time":172.5,"angle2":360,"duration":0.5,"type":"hold"},{"angle":0,"time":173,"angle2":180,"duration":0.5,"type":"hold"},{"angle":180,"time":173.5,"angle2":180,"duration":0.5,"type":"hold"},{"angle":180,"time":174,"angle2":0,"duration":0.5,"type":"hold"},{"angle":360,"time":174.5,"angle2":180,"duration":0.5,"type":"hold"},{"type":"block","angle":90,"time":176},{"type":"block","angle":45,"time":176.5},{"type":"block","angle":292.5,"time":177},{"type":"block","angle":247.5,"time":177.5},{"type":"block","angle":270,"time":177.75},{"type":"block","angle":225,"time":178.25},{"type":"block","angle":202.5,"time":178.5},{"type":"block","angle":157.5,"time":179},{"type":"block","angle":247.5,"time":179.5},{"type":"block","angle":337.5,"time":180},{"type":"block","angle":360,"time":180.25},{"type":"block","angle":22.5,"time":180.5},{"type":"block","angle":0,"time":180.75},{"type":"block","angle":337.5,"time":181.5},{"type":"block","angle":202.5,"time":181.75},{"type":"block","angle":112.5,"time":182.75},{"type":"block","angle":315,"time":181},{"type":"block","angle":157.5,"time":182.25},{"type":"block","angle":67.5,"time":183.5},{"angle":0,"time":184,"angle2":-202.5,"duration":3,"type":"hold"},{"angle":157.5,"angle2":225,"time":187,"type":"hold","duration":1,"holdEase":"outBack"},{"type":"block","angle":270,"time":188.5},{"type":"block","angle":315,"time":189.5},{"type":"block","angle":270,"time":190},{"type":"block","angle":292.5,"time":190.25},{"angle":180,"angle2":247.5,"time":190.75,"type":"hold","duration":1,"holdEase":"inBack"},{"type":"block","angle":135,"time":192.5},{"type":"block","angle":45,"time":193.5},{"angle":337.5,"time":194,"angle2":315,"duration":0.25,"type":"hold"},{"type":"block","angle":360,"time":194.75},{"type":"block","angle":292.5,"time":195.25},{"type":"block","angle":270,"time":195.5},{"type":"block","angle":180,"time":196.5},{"type":"block","angle":225,"time":197.5},{"angle":180,"angle2":135,"time":198,"type":"hold","duration":0.25,"holdEase":"inBack"},{"type":"block","angle":247.5,"time":198.75},{"type":"block","angle":270,"time":199.25},{"type":"block","angle":360,"time":199.5},{"type":"block","angle":90,"time":200.5},{"type":"block","angle":0,"time":201.5},{"angle":112.5,"time":202,"angle2":135,"duration":0.25,"type":"hold"},{"type":"block","angle":180,"time":202.75},{"type":"block","angle":157.5,"time":203.25},{"type":"block","angle":67.5,"time":203.75},{"type":"block","angle":360,"time":204},{"type":"block","angle":22.5,"time":204},{"type":"block","angle":315,"time":204.5},{"type":"block","angle":337.5,"time":204.5},{"type":"block","angle":292.5,"time":205},{"type":"block","angle":270,"time":205},{"type":"block","angle":270,"time":205.25},{"type":"block","angle":247.5,"time":205.25},{"type":"block","angle":270,"time":205.75},{"type":"block","angle":292.5,"time":205.75},{"angle":292.5,"time":206,"angle2":247.5,"duration":0.5,"type":"hold"},{"angle":315,"time":206,"angle2":270,"duration":0.5,"type":"hold"},{"angle":247.5,"time":206.5,"angle2":270,"duration":0.25,"type":"hold"},{"angle":-427.5,"time":206.75,"angle2":-472.5,"duration":0.5,"type":"hold"},{"angle":-450,"time":206.75,"angle2":-495,"duration":0.5,"type":"hold"},{"angle":-112.5,"time":207.25,"angle2":-67.5,"duration":0.25,"type":"hold"},{"angle":-135,"time":207.25,"angle2":-90,"duration":0.25,"type":"hold"},{"type":"block","angle":112.5,"time":208.5},{"type":"block","angle":247.5,"time":209.5},{"type":"block","angle":337.5,"time":210},{"type":"block","angle":360,"time":210.25},{"type":"block","angle":315,"time":210.75},{"type":"block","angle":45,"time":211.25},{"type":"block","angle":112.5,"time":211.5},{"type":"block","angle":247.5,"time":212.5},{"type":"block","angle":225,"time":213.5},{"type":"block","angle":270,"time":214},{"type":"block","angle":247.5,"time":213.75},{"type":"block","angle":67.5,"time":214.5},{"type":"block","angle":22.5,"time":214.75},{"type":"block","angle":315,"time":215.25},{"type":"block","angle":292.5,"time":215.5},{"type":"block","angle":270,"time":215.75},{"type":"block","angle":247.5,"time":216},{"type":"block","angle":180,"time":216.5},{"type":"block","angle":247.5,"time":217.5},{"angle":202.5,"time":218,"angle2":180,"duration":0.25,"type":"hold"},{"type":"block","angle":135,"time":218.75},{"type":"block","angle":180,"time":219.25},{"type":"block","angle":202.5,"time":219.5},{"angle":315,"time":220,"angle2":315,"duration":1,"type":"mineHold"},{"angle":22.5,"time":220.25,"angle2":22.5,"duration":0.75,"type":"mineHold"},{"angle":270,"time":220.5,"angle2":270,"duration":1,"type":"mineHold"},{"angle":337.5,"time":220.75,"angle2":337.5,"duration":1.25,"type":"mineHold"},{"angle":202.5,"time":221,"angle2":202.5,"duration":1,"type":"mineHold"},{"angle":247.5,"time":221.5,"angle2":247.5,"duration":1,"type":"mineHold"},{"angle":157.5,"time":222,"angle2":157.5,"duration":0.75,"type":"mineHold"},{"angle":225,"time":222.5,"angle2":225,"duration":1,"type":"mineHold"},{"angle":135,"time":222.75,"angle2":135,"duration":0.75,"type":"mineHold"},{"angle":112.5,"time":223.5,"angle2":112.5,"duration":0.5,"type":"mineHold"},{"angle":67.5,"time":220.25,"angle2":67.5,"duration":0.75,"type":"mineHold"},{"type":"mine","angle":-22.5,"time":216},{"type":"mine","angle":22.5,"time":216.5},{"type":"mine","angle":0,"time":216},{"type":"mine","angle":45,"time":216.5},{"type":"mine","angle":-22.5,"time":216.75},{"type":"mine","angle":-45,"time":216.75},{"type":"mine","angle":22.5,"time":217},{"type":"mine","angle":0,"time":217.25},{"type":"mine","angle":0,"time":217},{"type":"mine","angle":-22.5,"time":217.25},{"type":"mine","angle":0,"time":216.25},{"type":"mine","angle":22.5,"time":216.25},{"type":"mine","angle":45,"time":217.5},{"type":"mine","angle":22.5,"time":217.5},{"type":"mine","angle":0,"time":217.75},{"type":"mine","angle":-22.5,"time":217.75},{"type":"mine","angle":-67.5,"time":218},{"type":"mine","angle":-45,"time":218},{"type":"mine","angle":-67.5,"time":218.25},{"type":"mine","angle":-90,"time":218.25},{"type":"mine","angle":-45,"time":218.5},{"type":"mine","angle":-22.5,"time":218.5},{"type":"mine","angle":0,"time":218.75},{"type":"mine","angle":-22.5,"time":218.75},{"type":"mine","angle":45,"time":219},{"type":"mine","angle":-67.5,"time":219},{"type":"mine","angle":22.5,"time":219.25},{"type":"mine","angle":-90,"time":219.25},{"type":"mine","angle":45,"time":219.5},{"type":"mine","angle":-67.5,"time":219.5},{"type":"mine","angle":-67.5,"time":219.75},{"type":"mine","angle":45,"time":219.75},{"angle":337.5,"time":224,"startTap":true,"type":"hold","duration":2,"angle2":382.5},{"angle":360,"time":224,"startTap":true,"type":"hold","duration":2,"angle2":405},{"angle":22.5,"time":226,"startTap":true,"type":"hold","duration":2,"angle2":-45},{"angle":45,"time":226,"startTap":true,"type":"hold","duration":2,"angle2":-22.5},{"angle":315,"time":228,"startTap":true,"type":"hold","duration":2,"angle2":157.5},{"angle":337.5,"time":228,"startTap":true,"type":"hold","duration":2,"angle2":180},{"angle":157.5,"time":230,"startTap":true,"type":"hold","duration":1.5,"angle2":225},{"angle":180,"time":230,"startTap":true,"type":"hold","duration":1.5,"angle2":247.5},{"angle":247.5,"angle2":292.5,"time":231.5,"type":"hold","duration":0.5,"holdEase":"outBack"},{"angle":225,"angle2":270,"time":231.5,"type":"hold","duration":0.5,"holdEase":"outBack"},{"angle":292.5,"time":232,"startTap":true,"type":"hold","duration":1,"angle2":360},{"angle":270,"time":232,"startTap":true,"type":"hold","duration":1,"angle2":337.5},{"angle":360,"time":233,"startTap":true,"type":"hold","duration":4.5,"angle2":-22.5},{"angle":337.5,"time":233,"startTap":true,"type":"hold","duration":4.5,"angle2":-45},{"type":"block","angle":22.5,"time":238},{"type":"block","angle":45,"time":238},{"type":"block","angle":292.5,"time":238.5},{"type":"block","angle":315,"time":238.5},{"angle":247.5,"time":239,"angle2":202.5,"duration":1,"type":"hold"},{"angle":225,"time":239,"angle2":180,"duration":1,"type":"hold"},{"angle":202.5,"time":240,"startTap":true,"type":"hold","duration":1.5,"angle2":270},{"angle":180,"time":240,"startTap":true,"type":"hold","duration":1.5,"angle2":247.5},{"angle":270,"time":241.5,"angle2":247.5,"duration":0.5,"type":"hold"},{"angle":247.5,"time":241.5,"angle2":225,"duration":0.5,"type":"hold"},{"angle":247.5,"time":242,"startTap":true,"type":"hold","duration":1.5,"angle2":360},{"angle":225,"time":242,"startTap":true,"type":"hold","duration":1.5,"angle2":337.5},{"angle":337.5,"time":243.5,"angle2":360,"duration":0.25,"type":"hold"},{"angle":0,"time":243.5,"angle2":22.5,"duration":0.25,"type":"hold"},{"angle":0,"time":243.75,"angle2":0,"duration":0.25,"type":"hold"},{"angle":22.5,"time":243.75,"angle2":22.5,"duration":0.25,"type":"hold"},{"angle":360,"angle2":540,"time":244,"startTap":true,"endTap":true,"duration":2,"type":"hold"},{"angle":22.5,"type":"hold","time":244,"startTap":true,"endTap":true,"duration":2,"angle2":202.5},{"type":"block","time":247,"angle":270,"tap":true},{"type":"block","time":247,"angle":247.5,"tap":true},{"angle":337.5,"time":248,"startTap":true,"type":"hold","duration":4,"angle2":472.5},{"angle":0,"time":248,"startTap":true,"type":"hold","duration":4,"angle2":112.5},{"angle":45,"time":252,"angle2":157.5,"duration":1,"type":"mineHold"},{"angle":270,"time":254,"type":"mineHold","duration":1,"angle2":292.5},{"angle":135,"time":254,"type":"mineHold","duration":1,"angle2":292.5},{"angle":292.5,"angle2":315,"time":255,"type":"mineHold","duration":0.5,"holdEase":"outCubic"},{"angle":67.5,"angle2":45,"time":255,"type":"mineHold","duration":0.5,"holdEase":"outCubic"},{"angle":315,"time":255.5,"angle2":315,"duration":1,"type":"mineHold"},{"angle":45,"time":255.5,"angle2":45,"duration":1,"type":"mineHold"},{"angle":225,"time":255.5,"angle2":225,"duration":1,"type":"mineHold"},{"angle":135,"time":255.5,"angle2":135,"duration":1,"type":"mineHold"},{"type":"mine","angle":337.5,"time":256.75},{"type":"mine","angle":157.5,"time":256.75},{"type":"mine","angle":67.5,"time":257},{"type":"mine","angle":247.5,"time":257},{"type":"mine","angle":180,"time":257.25},{"type":"mine","angle":0,"time":257.25},{"type":"mine","angle":90,"time":257.5},{"type":"mine","angle":270,"time":257.5},{"type":"mine","angle":22.5,"time":257.75},{"type":"mine","angle":202.5,"time":257.75},{"type":"extraTap","angle":45,"time":258},{"angle":0,"time":259.5,"angle2":22.5,"duration":0.5,"type":"hold"},{"angle":337.5,"time":259.5,"angle2":360,"duration":0.5,"type":"hold"},{"angle":0,"time":260,"startTap":true,"type":"hold","duration":1.5,"angle2":-112.5},{"angle":22.5,"time":260,"startTap":true,"type":"hold","duration":1.5,"angle2":-90},{"type":"block","angle":292.5,"time":261.75},{"type":"block","angle":270,"time":261.75},{"angle":270,"time":262,"startTap":true,"type":"hold","duration":1.5,"angle2":157.5},{"angle":247.5,"time":262,"startTap":true,"type":"hold","duration":1.5,"angle2":135},{"type":"block","angle":180,"time":263.75},{"type":"block","angle":157.5,"time":263.75},{"angle":202.5,"time":264,"startTap":true,"type":"hold","duration":1,"angle2":157.5},{"angle":180,"time":264,"startTap":true,"type":"hold","duration":1,"angle2":135},{"angle":135,"angle2":540,"time":265,"startTap":true,"type":"hold","duration":4.5,"holdEase":"outSine"},{"angle":157.5,"angle2":562.5,"time":265,"startTap":true,"type":"hold","duration":4.5,"holdEase":"outSine"},{"type":"block","angle":247.5,"time":270},{"type":"block","angle":225,"time":270},{"type":"block","angle":180,"time":270.5},{"type":"block","angle":157.5,"time":270.5},{"angle":90,"time":271,"angle2":22.5,"duration":1,"type":"hold"},{"angle":67.5,"time":271,"angle2":0,"duration":1,"type":"hold"},{"angle":0,"time":272,"angle2":0,"duration":1.5,"type":"hold"},{"angle":22.5,"time":272,"angle2":22.5,"duration":1.5,"type":"hold"},{"type":"block","angle":67.5,"time":273.75},{"type":"block","angle":90,"time":273.75},{"angle":135,"time":274,"angle2":157.5,"duration":1.5,"type":"hold"},{"angle":157.5,"time":274,"angle2":180,"duration":1.5,"type":"hold"},{"type":"block","angle":202.5,"time":275.75},{"type":"block","angle":225,"time":275.75},{"angle":270,"time":276,"angle2":180,"duration":2,"type":"hold"},{"angle":247.5,"time":276,"angle2":157.5,"duration":2,"type":"hold"},{"angle":180,"time":278,"angle2":225,"duration":1,"type":"hold"},{"angle":157.5,"time":278,"angle2":202.5,"duration":1,"type":"hold"},{"angle":225,"time":279,"angle2":315,"duration":1,"type":"hold"},{"angle":202.5,"time":279,"angle2":292.5,"duration":1,"type":"hold"},{"angle":315,"angle2":1192.5,"time":280,"type":"hold","duration":8,"holdEase":"outCubic"},{"angle":-270,"time":288,"startTap":true,"type":"hold","duration":3.5,"angle2":-382.5},{"angle":-427.5,"time":292,"startTap":true,"type":"hold","duration":4,"angle2":-157.5},{"angle":-157.5,"time":296,"startTap":true,"type":"hold","duration":3.5,"angle2":-225},{"type":"block","angle":-247.5,"time":299.75},{"angle":-292.5,"time":300,"angle2":-315,"duration":0.5,"type":"hold"},{"angle":-315,"time":300.5,"angle2":-157.5,"duration":3.5,"type":"hold"},{"angle":-157.5,"time":304,"startTap":true,"type":"hold","duration":3.5,"angle2":-337.5},{"angle":-405,"time":308,"startTap":true,"type":"hold","duration":4,"angle2":-742.5},{"angle":-382.5,"time":312,"startTap":true,"type":"hold","duration":3.5,"angle2":-157.5},{"type":"block","angle":247.5,"time":315.75},{"type":"mine","angle":-90,"time":288},{"type":"mine","angle":-90,"time":288.25},{"type":"mine","angle":-67.5,"time":288.75},{"type":"mine","angle":-112.5,"time":289},{"type":"mine","angle":-135,"time":289.25},{"type":"mine","angle":-157.5,"time":289.5},{"type":"mine","angle":-112.5,"time":289.75},{"type":"mine","angle":-90,"time":290},{"type":"mine","angle":-135,"time":290.25},{"type":"mine","angle":-180,"time":290.5},{"type":"mine","angle":-225,"time":290.75},{"type":"mine","angle":-157.5,"time":291},{"type":"mine","angle":-180,"time":291.25},{"type":"mine","angle":-180,"time":291.75},{"type":"mine","angle":-135,"time":292},{"type":"mine","angle":-112.5,"time":291.5},{"type":"mine","angle":-202.5,"time":292.75},{"type":"mine","angle":-225,"time":293},{"type":"mine","angle":-180,"time":293.25},{"type":"mine","angle":-157.5,"time":293.5},{"type":"mine","angle":-135,"time":293.75},{"type":"mine","angle":-112.5,"time":294},{"type":"mine","angle":-135,"time":294.25},{"type":"mine","angle":-112.5,"time":294.5},{"type":"mine","angle":-382.5,"time":295},{"type":"mine","angle":-90,"time":295.25},{"type":"mine","angle":-112.5,"time":295.5},{"type":"mine","angle":-405,"time":296},{"type":"mine","angle":-405,"time":296.25},{"type":"mine","angle":-382.5,"time":295.75},{"type":"mine","angle":-135,"time":292.25},{"type":"mine","angle":-382.5,"time":296.75},{"type":"mine","angle":-360,"time":297},{"type":"mine","angle":-405,"time":297.25},{"type":"mine","angle":-337.5,"time":297.5},{"type":"mine","angle":-315,"time":297.75},{"type":"mine","angle":-270,"time":298},{"type":"mine","angle":-315,"time":298.25},{"type":"mine","angle":-337.5,"time":298.5},{"type":"mine","angle":-360,"time":298.75},{"type":"mine","angle":-427.5,"time":299},{"type":"mine","angle":-405,"time":299.25},{"type":"mine","angle":-90,"time":299.5},{"type":"mine","angle":-112.5,"time":299.75},{"type":"mine","angle":-67.5,"time":300},{"type":"mine","angle":-67.5,"time":300.25},{"type":"mine","angle":-90,"time":300.75},{"type":"mine","angle":-112.5,"time":301},{"type":"mine","angle":-157.5,"time":301.5},{"type":"mine","angle":-135,"time":301.5},{"type":"mine","angle":-112.5,"time":301.75},{"type":"mine","angle":-135,"time":302},{"type":"mine","angle":-90,"time":302.25},{"type":"mine","angle":-67.5,"time":302.5},{"type":"mine","angle":-112.5,"time":302.75},{"type":"mine","angle":-90,"time":303},{"type":"mine","angle":-405,"time":303.5},{"type":"mine","angle":-67.5,"time":303.25},{"type":"mine","angle":-360,"time":303.75},{"type":"mine","angle":-337.5,"time":304},{"type":"mine","angle":-337.5,"time":304.25},{"type":"mine","angle":-360,"time":304.75},{"type":"mine","angle":-382.5,"time":305},{"type":"mine","angle":-405,"time":305.25},{"type":"mine","angle":-427.5,"time":305.5},{"type":"mine","angle":-382.5,"time":305.75},{"type":"mine","angle":-90,"time":306},{"type":"mine","angle":-112.5,"time":306.25},{"type":"mine","angle":-427.5,"time":306.5},{"type":"mine","angle":-405,"time":306.75},{"type":"mine","angle":-90,"time":307},{"type":"mine","angle":-112.5,"time":307.25},{"type":"mine","angle":-157.5,"time":307.5},{"type":"mine","angle":-180,"time":307.75},{"type":"mine","angle":-202.5,"time":308},{"type":"mine","angle":-202.5,"time":308.25},{"type":"mine","angle":-247.5,"time":308.75},{"type":"mine","angle":-292.5,"time":309},{"type":"mine","angle":-337.5,"time":309.25},{"type":"mine","angle":-360,"time":309.5},{"type":"mine","angle":-382.5,"time":309.75},{"type":"mine","angle":-427.5,"time":310},{"type":"mine","angle":-112.5,"time":310.25},{"type":"mine","angle":-157.5,"time":310.5},{"type":"mine","angle":-135,"time":310.75},{"type":"mine","angle":-157.5,"time":311},{"type":"mine","angle":-180,"time":311.25},{"type":"mine","angle":-135,"time":311.5},{"type":"mine","angle":-202.5,"time":311.75},{"type":"mine","angle":-180,"time":312},{"type":"mine","angle":-180,"time":312.25},{"type":"mine","angle":-135,"time":312.75},{"type":"mine","angle":-112.5,"time":313},{"type":"mine","angle":-90,"time":313.25},{"type":"mine","angle":-427.5,"time":313.5},{"type":"mine","angle":-405,"time":313.75},{"type":"mine","angle":-382.5,"time":314},{"type":"mine","angle":-67.5,"time":314.25},{"type":"mine","angle":-405,"time":314.5},{"type":"mine","angle":-90,"time":314.75},{"type":"mine","angle":-67.5,"time":315},{"type":"mine","angle":-405,"time":315.25},{"type":"mine","angle":-382.5,"time":315.5},{"type":"mine","angle":-360,"time":315.75},{"angle":270,"angle2":-180,"time":316,"startTap":true,"type":"hold","duration":4,"holdEase":"inQuart"},{"angle":180,"time":0,"angle2":180,"duration":4,"type":"mineHold"},{"angle":45,"angle2":0,"time":8,"type":"mineHold","duration":4,"holdEase":"inSine"},{"type":"mine","angle":315,"time":6.5},{"type":"mine","angle":337.5,"time":6.5},{"type":"mine","angle":337.5,"time":7},{"type":"mine","angle":360,"time":7},{"type":"mine","angle":292.5,"time":7.5},{"type":"mine","angle":315,"time":7.5},{"angle":180,"time":13,"angle2":202.5,"duration":3,"type":"mineHold"},{"angle":135,"time":13,"angle2":157.5,"duration":3,"type":"mineHold"},{"angle":270,"time":16,"angle2":202.5,"duration":4,"type":"mineHold"},{"type":"mine","angle":22.5,"time":22.5},{"type":"mine","angle":45,"time":22.5},{"type":"mine","angle":0,"time":23},{"type":"mine","angle":22.5,"time":23},{"type":"mine","angle":337.5,"time":23.5},{"type":"mine","angle":360,"time":23.5},{"angle":270,"time":24,"angle2":315,"duration":4,"type":"mineHold"},{"angle":202.5,"time":29,"angle2":157.5,"duration":3,"type":"mineHold"},{"angle":157.5,"time":29,"angle2":112.5,"duration":3,"type":"mineHold"},{"type":"extraTap","angle":22.5,"time":129},{"type":"extraTap","angle":22.5,"time":131},{"type":"extraTap","angle":22.5,"time":133},{"type":"extraTap","angle":22.5,"time":135},{"type":"extraTap","angle":22.5,"time":137},{"type":"extraTap","angle":22.5,"time":139},{"type":"extraTap","angle":22.5,"time":141},{"type":"extraTap","angle":22.5,"time":143},{"type":"extraTap","angle":22.5,"time":145},{"type":"extraTap","angle":22.5,"time":147},{"type":"extraTap","angle":22.5,"time":149},{"type":"extraTap","angle":22.5,"time":151},{"type":"extraTap","angle":22.5,"time":153},{"type":"extraTap","angle":90,"time":155},{"angle":270,"time":206.5,"angle2":292.5,"duration":0.25,"type":"hold"},{"angle":90,"time":222.75,"angle2":90,"duration":1,"type":"mineHold"},{"angle":270,"time":222.5,"angle2":270,"duration":1,"type":"mineHold"},{"angle":0,"time":221,"angle2":0,"duration":1,"type":"mineHold"},{"angle":180,"time":221.5,"angle2":180,"duration":1,"type":"mineHold"},{"type":"mine","angle":247.5,"time":224},{"type":"mine","angle":225,"time":224.25},{"type":"mine","angle":202.5,"time":224.5},{"type":"mine","angle":157.5,"time":225},{"type":"mine","angle":180,"time":225.25},{"type":"mine","angle":202.5,"time":225.5},{"angle":270,"time":226,"angle2":225,"duration":0,"type":"mineHold"},{"angle":180,"time":227,"angle2":135,"duration":0,"type":"mineHold"},{"angle":270,"time":226,"angle2":247.5,"duration":1,"type":"mineHold"},{"angle":225,"time":226,"angle2":247.5,"duration":1,"type":"mineHold"},{"angle":180,"time":227,"angle2":157.5,"duration":1,"type":"mineHold"},{"angle":135,"time":227,"angle2":157.5,"duration":1,"type":"mineHold"},{"type":"mine","angle":112.5,"time":228},{"type":"mine","angle":90,"time":228.25},{"type":"mine","angle":67.5,"time":228.5},{"type":"mine","angle":22.5,"time":229},{"type":"mine","angle":45,"time":229.25},{"type":"mine","angle":67.5,"time":229.5},{"angle":337.5,"time":230,"angle2":382.5,"duration":0,"type":"mineHold"},{"angle":315,"time":230.5,"angle2":360,"duration":0,"type":"mineHold"},{"angle":45,"time":231,"angle2":90,"duration":0,"type":"mineHold"},{"type":"mine","angle":90,"time":232},{"type":"mine","angle":112.5,"time":232.25},{"type":"mine","angle":135,"time":232.5},{"type":"mine","angle":202.5,"time":233},{"type":"mine","angle":180,"time":233.25},{"type":"mine","angle":157.5,"time":233.5},{"angle":45,"time":234,"angle2":90,"duration":0,"type":"mineHold"},{"angle":90,"time":234,"angle2":67.5,"duration":1,"type":"mineHold"},{"angle":45,"time":234,"angle2":67.5,"duration":1,"type":"mineHold"},{"angle":292.5,"time":235,"angle2":337.5,"duration":0,"type":"mineHold"},{"angle":337.5,"time":235,"angle2":315,"duration":1,"type":"mineHold"},{"angle":292.5,"time":235,"angle2":315,"duration":1,"type":"mineHold"},{"angle":90,"time":238.25,"angle2":22.5,"duration":1.5,"type":"mineHold"},{"angle":135,"time":238.25,"angle2":67.5,"duration":1.5,"type":"mineHold"},{"type":"mine","angle":337.5,"time":240},{"type":"mine","angle":360,"time":240.25},{"type":"mine","angle":22.5,"time":240.5},{"type":"mine","angle":67.5,"time":241},{"type":"mine","angle":90,"time":241.25},{"type":"mine","angle":112.5,"time":241.5},{"angle":67.5,"time":242,"angle2":112.5,"duration":0,"type":"mineHold"},{"angle":135,"time":243,"angle2":180,"duration":0,"type":"mineHold"},{"angle":67.5,"time":242,"angle2":90,"duration":1,"type":"mineHold"},{"angle":112.5,"time":242,"angle2":90,"duration":1,"type":"mineHold"},{"angle":135,"time":243,"angle2":157.5,"duration":1,"type":"mineHold"},{"angle":180,"time":243,"angle2":157.5,"duration":1,"type":"mineHold"},{"type":"mine","angle":225,"time":244},{"type":"mine","angle":247.5,"time":244.25},{"type":"mine","angle":270,"time":244.5},{"type":"mine","angle":292.5,"time":244.75},{"type":"mine","angle":315,"time":245},{"type":"mine","angle":337.5,"time":245.25},{"type":"mine","angle":0,"time":245.5},{"type":"mine","angle":22.5,"time":245.75},{"angle":337.5,"time":246,"angle2":360,"duration":0,"type":"mineHold"},{"angle":45,"time":246.75,"angle2":90,"duration":0,"type":"mineHold"},{"angle":90,"time":247.5,"angle2":157.5,"duration":0,"type":"mineHold"},{"type":"mine","angle":180,"time":248},{"type":"mine","angle":202.5,"time":248.25},{"type":"mine","angle":225,"time":248.5},{"type":"mine","angle":247.5,"time":248.75},{"type":"mine","angle":247.5,"time":249},{"type":"mine","angle":225,"time":249.25},{"type":"mine","angle":225,"time":249.5},{"angle":315,"time":251,"angle2":270,"duration":0,"type":"mineHold"},{"angle":202.5,"time":250,"angle2":157.5,"duration":0,"type":"mineHold"},{"angle":157.5,"time":250,"angle2":180,"duration":1,"type":"mineHold"},{"angle":202.5,"time":250,"angle2":180,"duration":1,"type":"mineHold"},{"angle":270,"time":251,"angle2":292.5,"duration":1,"type":"mineHold"},{"angle":315,"time":251,"angle2":292.5,"duration":1,"type":"mineHold"},{"angle":292.5,"angle2":1147.5,"time":280,"type":"hold","duration":8,"holdEase":"outCubic"},{"type":"mine","angle":180,"time":260},{"type":"mine","angle":157.5,"time":260.25},{"type":"mine","angle":135,"time":260.5},{"type":"mine","angle":112.5,"time":260.75},{"type":"mine","angle":135,"time":261},{"type":"mine","angle":112.5,"time":261.25},{"type":"mine","angle":90,"time":261.5},{"angle":22.5,"time":262,"angle2":67.5,"duration":0,"type":"mineHold"},{"angle":45,"time":262.75,"angle2":90,"duration":0,"type":"mineHold"},{"angle":22.5,"time":263.5,"angle2":-22.5,"duration":0,"type":"mineHold"},{"type":"mine","angle":45,"time":264},{"type":"mine","angle":22.5,"time":264.25},{"type":"mine","angle":0,"time":264.5},{"type":"mine","angle":45,"time":265},{"type":"mine","angle":67.5,"time":265.25},{"type":"mine","angle":90,"time":265.5},{"angle":135,"time":266,"angle2":180,"duration":0,"type":"mineHold"},{"angle":270,"time":267,"angle2":315,"duration":0,"type":"mineHold"},{"angle":135,"time":266,"angle2":157.5,"duration":1,"type":"mineHold"},{"angle":180,"time":266,"angle2":157.5,"duration":1,"type":"mineHold"},{"angle":270,"time":267,"angle2":292.5,"duration":1,"type":"mineHold"},{"angle":315,"time":267,"angle2":292.5,"duration":1,"type":"mineHold"},{"type":"mine","angle":360,"time":268},{"type":"mine","angle":22.5,"time":268},{"type":"mine","angle":45,"time":268},{"type":"mine","angle":247.5,"time":268.5},{"type":"mine","angle":270,"time":268.5},{"type":"mine","angle":292.5,"time":268.5},{"type":"mine","angle":337.5,"time":269},{"type":"mine","angle":360,"time":269},{"type":"mine","angle":22.5,"time":269},{"type":"mine","angle":45,"time":269.5},{"type":"mine","angle":67.5,"time":269.5},{"type":"mine","angle":90,"time":269.5},{"type":"mine","angle":360,"time":270},{"type":"mine","angle":22.5,"time":270},{"type":"mine","angle":22.5,"time":270},{"type":"mine","angle":45,"time":270},{"angle":337.5,"time":270.5,"angle2":270,"duration":0.5,"type":"mineHold"},{"angle":270,"time":271,"angle2":270,"duration":1,"type":"mineHold"},{"type":"mine","angle":225,"time":272},{"type":"mine","angle":202.5,"time":272.25},{"type":"mine","angle":180,"time":272.5},{"type":"mine","angle":247.5,"time":273},{"type":"mine","angle":270,"time":273.25},{"type":"mine","angle":292.5,"time":273.5},{"angle":22.5,"time":274,"angle2":-22.5,"duration":0,"type":"mineHold"},{"angle":22.5,"time":275,"angle2":67.5,"duration":0,"type":"mineHold"},{"angle":337.5,"time":274,"angle2":360,"duration":1,"type":"mineHold"},{"angle":22.5,"time":274,"angle2":0,"duration":1,"type":"mineHold"},{"angle":67.5,"time":275,"type":"mineHold","duration":1,"angle2":45},{"angle":22.5,"time":275,"angle2":45,"duration":1,"type":"mineHold"},{"angle":45,"time":276,"angle2":67.5,"duration":2,"type":"mineHold"},{"type":"mine","angle":22.5,"time":276.25},{"type":"mine","angle":67.5,"time":276.5},{"type":"mine","angle":45,"time":276.75},{"type":"mine","angle":67.5,"time":277},{"type":"mine","angle":45,"time":277.25},{"type":"mine","angle":90,"time":277.5},{"angle":112.5,"angle2":990,"time":280,"type":"mineHold","duration":8,"holdEase":"outCubic"}]