{"properties":{"formatversion":13,"startBeat":0,"speed":70,"offset":8},"events":[{"type":"play","file":"Interlaced.ogg","volume":2,"time":0,"bpm":135,"angle":90,"offset":0.36000001430511},{"angle":247.5,"description":"","name":"Section","b":0,"g":0,"time":31,"r":0,"type":"bookmark"},{"angle":337.5,"description":"","name":"Section","b":0,"g":0,"time":63,"r":0,"type":"bookmark"},{"paddle":1,"ease":"linear","angle":337.5,"time":-6,"newWidth":85,"duration":6,"type":"paddles"},{"paddle":1,"ease":"linear","angle":292.5,"time":62.75,"newWidth":70,"duration":1,"type":"paddles"},{"angle":315,"ease":"inOutSine","var":"p.x","time":64,"type":"ease","duration":12,"value":80},{"angle":315,"ease":"outBack","var":"p.x","time":76,"type":"ease","duration":4,"value":300},{"angle":315,"ease":"inOutSine","var":"p.x","time":80,"type":"ease","duration":12,"value":520},{"angle":45,"ease":"outBack","var":"p.x","time":92,"type":"ease","duration":4,"value":300},{"angle":22.5,"var":"scrollSpeed","time":-6,"type":"ease","value":1.7999999523163},{"angle":225,"ease":"outSine","var":"scrollSpeed","time":0,"type":"ease","duration":4,"value":1},{"angle":45,"ease":"linear","var":"vfx.pixelate","time":-6,"type":"ease","duration":6,"value":2.2999999523163},{"angle":202.5,"ease":"outSine","var":"vfx.pixelate","time":0,"type":"ease","duration":4,"value":1},{"angle":90,"ease":"outQuart","var":"vfx.pixelate","time":6.5,"type":"ease","duration":0.5,"value":1.2999999523163},{"angle":90,"ease":"outQuart","var":"vfx.pixelate","time":7,"type":"ease","duration":0.5,"value":1.6000000238419},{"angle":90,"ease":"outQuart","var":"vfx.pixelate","time":7.5,"type":"ease","duration":0.5,"value":1.7999999523163},{"angle":90,"ease":"outSine","var":"vfx.pixelate","time":8,"type":"ease","duration":4,"value":1},{"angle":45,"ease":"inSine","var":"vfx.pixelate","time":13,"type":"ease","duration":3,"value":2.2999999523163},{"angle":135,"ease":"outSine","var":"vfx.pixelate","time":16,"type":"ease","duration":4,"value":1},{"angle":-45,"ease":"outQuart","var":"vfx.pixelate","time":22.5,"type":"ease","duration":0.5,"value":1.3999999761581},{"angle":-45,"ease":"outQuart","var":"vfx.pixelate","time":23,"type":"ease","duration":0.5,"value":1.7999999523163},{"angle":-45,"ease":"outQuart","var":"vfx.pixelate","time":23.5,"type":"ease","duration":0.5,"value":2.2999999523163},{"angle":-45,"ease":"outSine","var":"vfx.pixelate","time":24,"type":"ease","duration":4,"value":1},{"angle":45,"ease":"inSine","var":"vfx.pixelate","time":29,"type":"ease","duration":3,"value":2.2999999523163},{"angle":135,"ease":"outSine","var":"vfx.pixelate","time":32,"type":"ease","duration":4,"value":1},{"angle":67.5,"ease":"outSine","var":"vfx.pixelate","time":40,"type":"ease","duration":1,"value":1.5},{"angle":67.5,"ease":"inSine","var":"vfx.pixelate","time":41,"type":"ease","duration":2.5,"value":1},{"angle":112.5,"ease":"inSine","var":"vfx.pixelate","time":45,"type":"ease","duration":3,"value":2.2999999523163},{"angle":135,"ease":"outSine","var":"vfx.pixelate","time":48,"type":"ease","duration":4,"value":1},{"angle":67.5,"ease":"outQuart","var":"scrollSpeed","time":6.5,"type":"ease","duration":0.5,"value":1.3999999761581},{"angle":67.5,"ease":"outQuart","var":"scrollSpeed","time":7,"type":"ease","duration":0.5,"value":1.7999999523163},{"angle":67.5,"ease":"outQuart","var":"scrollSpeed","time":7.5,"type":"ease","duration":0.5,"value":2.2999999523163},{"angle":67.5,"ease":"outSine","var":"scrollSpeed","time":8,"type":"ease","duration":4,"value":1},{"angle":67.5,"ease":"inSine","var":"scrollSpeed","time":13,"type":"ease","duration":3,"value":1.7999999523163},{"angle":157.5,"ease":"outSine","var":"scrollSpeed","time":16,"type":"ease","duration":4,"value":1},{"angle":-67.5,"ease":"outQuart","var":"scrollSpeed","time":22.5,"type":"ease","duration":0.5,"value":1.2999999523163},{"angle":-67.5,"ease":"outQuart","var":"scrollSpeed","time":23,"type":"ease","duration":0.5,"value":1.6000000238419},{"angle":-67.5,"ease":"outQuart","var":"scrollSpeed","time":23.5,"type":"ease","duration":0.5,"value":1.7999999523163},{"angle":-67.5,"ease":"outSine","var":"scrollSpeed","time":24,"type":"ease","duration":4,"value":1},{"angle":67.5,"ease":"inSine","var":"scrollSpeed","time":29,"type":"ease","duration":3,"value":1.7999999523163},{"angle":157.5,"ease":"outSine","var":"scrollSpeed","time":32,"type":"ease","duration":4,"value":1},{"angle":45,"ease":"outSine","var":"scrollSpeed","time":40,"type":"ease","duration":1,"value":1.7999999523163},{"angle":45,"ease":"inSine","var":"scrollSpeed","time":41,"type":"ease","duration":2.5,"value":1},{"angle":135,"ease":"inSine","var":"scrollSpeed","time":45,"type":"ease","duration":3,"value":2},{"angle":157.5,"ease":"outSine","var":"scrollSpeed","time":48,"type":"ease","duration":4,"value":1},{"paddle":1,"ease":"linear","angle":180,"time":32,"newWidth":50,"duration":3.5,"type":"paddles"},{"angle":180,"ease":"outSine","var":"vfx.pixelate","time":56,"type":"ease","duration":1,"value":1.5},{"angle":180,"ease":"inSine","var":"vfx.pixelate","time":57,"type":"ease","duration":2.5,"value":1},{"angle":157.5,"ease":"outSine","var":"scrollSpeed","time":56,"type":"ease","duration":1,"value":1.7999999523163},{"angle":157.5,"ease":"inSine","var":"scrollSpeed","time":57,"type":"ease","duration":2.5,"value":1},{"angle":292.5,"ease":"inSine","var":"scrollSpeed","time":64,"type":"ease","duration":12,"value":1.6000000238419},{"angle":292.5,"ease":"outQuad","var":"scrollSpeed","time":76,"type":"ease","duration":4,"value":1},{"angle":247.5,"description":"","name":"Section","b":0,"g":0,"time":79,"r":0,"type":"bookmark"},{"angle":292.5,"ease":"inSine","var":"scrollSpeed","time":80,"type":"ease","duration":12,"value":1.6000000238419},{"angle":22.5,"ease":"outQuad","var":"scrollSpeed","time":92,"type":"ease","duration":4,"value":1},{"angle":270,"description":"","name":"Section","b":0,"g":0,"time":95,"r":0,"type":"bookmark"},{"angle":22.5,"description":"","name":"Section","b":0,"g":0,"time":112,"r":0,"type":"bookmark"},{"angle":337.5,"ease":"inSine","var":"scrollSpeed","time":96,"type":"ease","duration":12,"value":1.6000000238419},{"angle":337.5,"ease":"outQuart","var":"scrollSpeed","time":108,"type":"ease","duration":0.125,"value":2.0999999046326},{"angle":315,"ease":"inCubic","var":"scrollSpeed","time":108.125,"type":"ease","duration":0.875,"value":1.6000000238419},{"angle":337.5,"ease":"outQuart","var":"scrollSpeed","time":109,"type":"ease","duration":0.125,"value":2.0999999046326},{"angle":315,"ease":"inCubic","var":"scrollSpeed","time":109.125,"type":"ease","duration":0.875,"value":1.6000000238419},{"angle":337.5,"ease":"outQuart","var":"scrollSpeed","time":110,"type":"ease","duration":0.125,"value":2.0999999046326},{"angle":315,"ease":"inCubic","var":"scrollSpeed","time":110.125,"type":"ease","duration":0.875,"value":1.6000000238419},{"angle":337.5,"ease":"outQuart","var":"scrollSpeed","time":111,"type":"ease","duration":0.125,"value":2.0999999046326},{"angle":315,"ease":"inCubic","var":"scrollSpeed","time":111.125,"type":"ease","duration":0.875,"value":1},{"angle":337.5,"ease":"inSine","var":"scrollSpeed","time":112,"type":"ease","duration":12,"value":1.6000000238419},{"angle":337.5,"ease":"outQuart","var":"scrollSpeed","time":124,"type":"ease","duration":0.125,"value":2.0999999046326},{"angle":315,"ease":"inCubic","var":"scrollSpeed","time":124.125,"type":"ease","duration":0.875,"value":1.6000000238419},{"angle":337.5,"ease":"outQuart","var":"scrollSpeed","time":125,"type":"ease","duration":0.125,"value":2.0999999046326},{"angle":315,"ease":"inCubic","var":"scrollSpeed","time":125.125,"type":"ease","duration":0.875,"value":1.6000000238419},{"angle":337.5,"ease":"outQuart","var":"scrollSpeed","time":126,"type":"ease","duration":0.125,"value":2.0999999046326},{"angle":315,"ease":"inCubic","var":"scrollSpeed","time":126.125,"type":"ease","duration":1.875,"value":1.3500000238419},{"angle":67.5,"description":"","name":"Section","b":0,"g":0,"time":127,"r":0,"type":"bookmark"},{"angle":225,"ease":"outQuart","var":"vfx.pixelate","time":156,"type":"ease","duration":1,"value":1.3999999761581},{"angle":157.5,"ease":"outQuart","var":"vfx.pixelate","time":157,"type":"ease","duration":1,"value":1.7999999523163},{"angle":157.5,"ease":"outQuart","var":"vfx.pixelate","time":158,"type":"ease","duration":1,"value":2.2999999523163},{"angle":157.5,"ease":"outQuart","var":"vfx.pixelate","time":159,"type":"ease","duration":1,"value":1.3500000238419},{"angle":67.5,"ease":"linear","var":"scrollSpeed","time":128,"type":"ease","duration":1,"value":2},{"angle":67.5,"ease":"outQuart","var":"scrollSpeed","time":129,"type":"ease","duration":1,"value":1},{"angle":67.5,"ease":"linear","var":"scrollSpeed","time":130,"type":"ease","duration":1,"value":2},{"angle":67.5,"ease":"outQuart","var":"scrollSpeed","time":131,"type":"ease","duration":1,"value":1},{"angle":67.5,"ease":"linear","var":"scrollSpeed","time":132,"type":"ease","duration":1,"value":2},{"angle":67.5,"ease":"outQuart","var":"scrollSpeed","time":133,"type":"ease","duration":1,"value":1},{"angle":67.5,"ease":"linear","var":"scrollSpeed","time":134,"type":"ease","duration":1,"value":2},{"angle":67.5,"ease":"outQuart","var":"scrollSpeed","time":135,"type":"ease","duration":1,"value":1},{"angle":67.5,"ease":"linear","var":"scrollSpeed","time":136,"type":"ease","duration":1,"value":2},{"angle":67.5,"ease":"outQuart","var":"scrollSpeed","time":137,"type":"ease","duration":1,"value":1},{"angle":67.5,"ease":"linear","var":"scrollSpeed","time":138,"type":"ease","duration":1,"value":2},{"angle":67.5,"ease":"outQuart","var":"scrollSpeed","time":139,"type":"ease","duration":1,"value":1},{"angle":0,"ease":"linear","var":"scrollSpeed","time":140,"type":"ease","duration":1,"value":2},{"angle":0,"ease":"outQuart","var":"scrollSpeed","time":141,"type":"ease","duration":1,"value":1},{"angle":67.5,"ease":"linear","var":"scrollSpeed","time":142,"type":"ease","duration":1,"value":2},{"angle":67.5,"ease":"outQuart","var":"scrollSpeed","time":143,"type":"ease","duration":1,"value":1},{"angle":67.5,"ease":"linear","var":"scrollSpeed","time":144,"type":"ease","duration":1,"value":2},{"angle":67.5,"ease":"outQuart","var":"scrollSpeed","time":145,"type":"ease","duration":1,"value":1},{"angle":45,"ease":"linear","var":"scrollSpeed","time":146,"type":"ease","duration":1,"value":2},{"angle":45,"ease":"outQuart","var":"scrollSpeed","time":147,"type":"ease","duration":1,"value":1},{"angle":67.5,"ease":"linear","var":"scrollSpeed","time":148,"type":"ease","duration":1,"value":2},{"angle":67.5,"ease":"outQuart","var":"scrollSpeed","time":149,"type":"ease","duration":1,"value":1},{"angle":67.5,"ease":"linear","var":"scrollSpeed","time":150,"type":"ease","duration":1,"value":2},{"angle":67.5,"ease":"outQuart","var":"scrollSpeed","time":151,"type":"ease","duration":1,"value":1},{"angle":67.5,"ease":"linear","var":"scrollSpeed","time":152,"type":"ease","duration":1,"value":2},{"angle":67.5,"ease":"outQuart","var":"scrollSpeed","time":153,"type":"ease","duration":1,"value":1},{"angle":22.5,"ease":"linear","var":"scrollSpeed","time":154,"type":"ease","duration":1,"value":2},{"angle":22.5,"ease":"outQuart","var":"scrollSpeed","time":155,"type":"ease","duration":1,"value":1},{"angle":135,"ease":"outQuart","var":"scrollSpeed","time":156,"type":"ease","duration":1,"value":1.7999999523163},{"angle":135,"ease":"outQuart","var":"scrollSpeed","time":157,"type":"ease","duration":1,"value":1.6000000238419},{"angle":135,"ease":"outQuart","var":"scrollSpeed","time":158,"type":"ease","duration":1,"value":1.2999999523163},{"angle":135,"ease":"outQuart","var":"scrollSpeed","time":159,"type":"ease","duration":1,"value":1},{"paddle":1,"ease":"outQuad","angle":67.5,"time":92,"newWidth":55,"duration":4,"type":"paddles"},{"paddle":1,"ease":"inSine","angle":270,"time":124,"newWidth":75,"duration":4,"type":"paddles"},{"angle":202.5,"description":"","name":"Section","b":0,"g":0,"time":160,"r":0,"type":"bookmark"},{"angle":157.5,"description":"","name":"Section","b":0,"g":0,"time":175,"r":0,"type":"bookmark"},{"angle":247.5,"ease":"inCubic","var":"vfx.pixelate","time":188,"type":"ease","duration":4,"value":1},{"angle":202.5,"ease":"outCubic","var":"vfx.canvPos.sx","time":159,"type":"ease","duration":1,"value":0.80000001192093},{"angle":225,"ease":"outCubic","var":"vfx.canvPos.sy","time":159,"type":"ease","duration":1,"value":0.80000001192093},{"angle":0,"ease":"outCubic","var":"vfx.canvPos.sx","time":156,"type":"ease","duration":1,"value":0.94999998807907},{"angle":22.5,"ease":"outCubic","var":"vfx.canvPos.sy","time":156,"type":"ease","duration":1,"value":0.94999998807907},{"angle":0,"ease":"outCubic","var":"vfx.canvPos.sx","time":157,"type":"ease","duration":1,"value":0.89999997615814},{"angle":22.5,"ease":"outCubic","var":"vfx.canvPos.sy","time":157,"type":"ease","duration":1,"value":0.89999997615814},{"angle":0,"ease":"outCubic","var":"vfx.canvPos.sx","time":158,"type":"ease","duration":1,"value":0.85000002384186},{"angle":22.5,"ease":"outCubic","var":"vfx.canvPos.sy","time":158,"type":"ease","duration":1,"value":0.85000002384186},{"angle":360,"ease":"inCubic","var":"scrollSpeed","time":171,"type":"ease","duration":1,"value":1.7000000476837},{"angle":135,"ease":"inCubic","var":"scrollSpeed","time":175,"type":"ease","duration":1,"value":1},{"angle":157.5,"ease":"linear","var":"vfx.canvPos.sx","time":176,"type":"ease","duration":8,"value":1},{"angle":135,"ease":"linear","var":"vfx.canvPos.sy","time":176,"type":"ease","duration":8,"value":1},{"angle":22.5,"ease":"inOutSine","var":"vfx.canvPos.x","time":184,"type":"ease","duration":4,"value":300},{"angle":45,"ease":"inOutSine","var":"vfx.canvPos.y","time":184,"type":"ease","duration":4,"value":180},{"angle":315,"description":"","name":"Section","b":0,"g":0,"time":188,"r":0,"type":"bookmark"},{"angle":135,"ease":"inCubic","var":"vfx.canvPos.sx","time":188,"type":"ease","duration":4,"value":0.5},{"angle":112.5,"ease":"inCubic","var":"vfx.canvPos.sy","time":188,"type":"ease","duration":4,"value":0.5},{"angle":157.5,"ease":"outQuart","var":"vfx.canvPos.sx","time":192,"type":"ease","duration":1,"value":0.5799999833107},{"angle":157.5,"ease":"outQuart","var":"vfx.canvPos.sy","time":193,"type":"ease","duration":1,"value":0.5799999833107},{"angle":157.5,"ease":"outQuart","var":"vfx.canvPos.sx","time":194,"type":"ease","duration":1,"value":0.66000002622604},{"angle":157.5,"ease":"outQuart","var":"vfx.canvPos.sy","time":195,"type":"ease","duration":1,"value":0.66000002622604},{"angle":157.5,"ease":"outQuart","var":"vfx.canvPos.sx","time":196,"type":"ease","duration":1,"value":0.74000000953674},{"angle":157.5,"ease":"outQuart","var":"vfx.canvPos.sy","time":197,"type":"ease","duration":1,"value":0.74000000953674},{"angle":157.5,"ease":"outQuart","var":"vfx.canvPos.sx","time":198,"type":"ease","duration":1,"value":0.81999999284744},{"angle":157.5,"ease":"outQuart","var":"vfx.canvPos.sy","time":199,"type":"ease","duration":1,"value":0.81999999284744},{"angle":157.5,"ease":"outQuart","var":"vfx.canvPos.sx","time":200,"type":"ease","duration":1,"value":0.89999997615814},{"angle":157.5,"ease":"outQuart","var":"vfx.canvPos.sy","time":201,"type":"ease","duration":1,"value":0.89999997615814},{"angle":157.5,"ease":"outQuart","var":"vfx.canvPos.sx","time":202,"type":"ease","duration":1,"value":1},{"angle":157.5,"ease":"outQuart","var":"vfx.canvPos.sy","time":203,"type":"ease","duration":1,"value":1},{"angle":180,"ease":"outQuart","var":"vfx.canvPos.sx","time":209,"type":"ease","duration":1,"value":0.625},{"angle":157.5,"ease":"outQuart","var":"vfx.canvPos.sy","time":208,"type":"ease","duration":1,"value":0.625},{"angle":157.5,"ease":"outQuart","var":"vfx.canvPos.sx","time":211,"type":"ease","duration":1,"value":0.75},{"angle":180,"ease":"outQuart","var":"vfx.canvPos.sy","time":210,"type":"ease","duration":1,"value":0.75},{"angle":157.5,"ease":"outQuart","var":"vfx.canvPos.sx","time":213,"type":"ease","duration":1,"value":0.875},{"angle":180,"ease":"outQuart","var":"vfx.canvPos.sy","time":212,"type":"ease","duration":1,"value":0.875},{"angle":157.5,"ease":"outQuart","var":"vfx.canvPos.sx","time":215,"type":"ease","duration":1,"value":1},{"angle":180,"ease":"outQuart","var":"vfx.canvPos.sy","time":214,"type":"ease","duration":1,"value":1},{"angle":360,"ease":"outBack","var":"vfx.canvPos.x","time":220,"type":"ease","duration":4,"value":300},{"angle":337.5,"ease":"outBack","var":"vfx.canvPos.y","time":220,"type":"ease","duration":4,"value":180},{"angle":270,"description":"","name":"Section","b":0,"g":0,"time":220,"r":0,"type":"bookmark"},{"angle":180,"ease":"inCubic","var":"scrollSpeed","time":192,"type":"ease","duration":12,"value":1.7000000476837},{"angle":337.5,"ease":"outQuart","var":"scrollSpeed","time":207.5,"type":"ease","duration":1,"value":1},{"angle":315,"ease":"inCubic","var":"scrollSpeed","time":208.5,"type":"ease","duration":11.5,"value":2},{"angle":202.5,"description":"","name":"Section","b":0,"g":0,"time":224,"r":0,"type":"bookmark"},{"angle":315,"description":"","name":"Section","b":0,"g":0,"time":248,"r":0,"type":"bookmark"},{"paddle":1,"ease":"linear","angle":45,"time":248,"newWidth":45,"duration":4,"type":"paddles"},{"angle":292.5,"description":"","name":"Section","b":0,"g":0,"time":258,"r":0,"type":"bookmark"},{"paddle":1,"ease":"outQuart","angle":247.5,"time":258.5,"newWidth":70,"duration":1,"type":"paddles"},{"angle":157.5,"time":160,"bpm":135.5,"type":"setBPM"},{"angle":315,"ease":"outQuart","var":"scrollSpeed","time":224,"type":"ease","duration":1,"value":2.2999999523163},{"angle":360,"ease":"outQuart","var":"scrollSpeed","time":226,"type":"ease","duration":1,"value":1.2000000476837},{"angle":0,"ease":"outQuart","var":"scrollSpeed","time":228,"type":"ease","duration":1,"value":2.2999999523163},{"angle":135,"ease":"outQuart","var":"scrollSpeed","time":230,"type":"ease","duration":1,"value":1.2000000476837},{"angle":247.5,"ease":"outQuart","var":"scrollSpeed","time":232,"type":"ease","duration":1,"value":1.7000000476837},{"angle":270,"ease":"outQuart","var":"scrollSpeed","time":233,"type":"ease","duration":1,"value":2.2999999523163},{"angle":247.5,"ease":"linear","var":"scrollSpeed","time":237.5,"type":"ease","duration":2.5,"value":1.2000000476837},{"angle":157.5,"ease":"outQuart","var":"scrollSpeed","time":240,"type":"ease","duration":1,"value":2.2999999523163},{"angle":202.5,"ease":"outQuart","var":"scrollSpeed","time":242,"type":"ease","duration":1,"value":1.2000000476837},{"angle":315,"ease":"outQuart","var":"scrollSpeed","time":244,"type":"ease","duration":1,"value":2.2999999523163},{"angle":225,"ease":"outQuart","var":"scrollSpeed","time":246,"type":"ease","duration":1,"value":1.7000000476837},{"angle":292.5,"ease":"outBack","var":"scrollSpeed","time":248,"type":"ease","duration":4,"value":2.2999999523163},{"angle":337.5,"ease":"outQuart","var":"scrollSpeed","time":258,"type":"ease","duration":1,"value":1.7000000476837},{"angle":-135,"ease":"outSine","var":"vfx.pixelate","time":296,"type":"ease","duration":3.5,"value":1},{"angle":-180,"ease":"inSine","var":"vfx.pixelate","time":301,"type":"ease","duration":3,"value":2.2999999523163},{"angle":-202.5,"ease":"outSine","var":"vfx.pixelate","time":304,"type":"ease","duration":4,"value":1},{"angle":-225,"ease":"outSine","var":"scrollSpeed","time":284,"type":"ease","duration":4,"value":1},{"angle":-112.5,"ease":"outSine","var":"scrollSpeed","time":296,"type":"ease","duration":3.5,"value":1},{"angle":-202.5,"ease":"inSine","var":"scrollSpeed","time":301,"type":"ease","duration":3,"value":2},{"angle":-225,"ease":"outSine","var":"scrollSpeed","time":304,"type":"ease","duration":4,"value":1},{"paddle":1,"ease":"linear","angle":180,"time":288,"newWidth":50,"duration":3.5,"type":"paddles"},{"angle":-247.5,"ease":"outSine","var":"vfx.pixelate","time":312,"type":"ease","duration":3.5,"value":1},{"angle":-225,"ease":"outSine","var":"scrollSpeed","time":312,"type":"ease","duration":3.5,"value":1},{"angle":45,"description":"","name":"Section","b":0,"g":0,"time":288,"r":0,"type":"bookmark"},{"angle":45,"ease":"outQuart","var":"scrollSpeed","time":260,"type":"ease","duration":1,"value":2.2999999523163},{"angle":315,"ease":"outQuart","var":"scrollSpeed","time":261.5,"type":"ease","duration":0.5,"value":2},{"angle":315,"ease":"outQuart","var":"scrollSpeed","time":262,"type":"ease","duration":1,"value":2.2999999523163},{"angle":112.5,"ease":"outQuart","var":"scrollSpeed","time":263.5,"type":"ease","duration":0.5,"value":2},{"angle":135,"ease":"outQuart","var":"scrollSpeed","time":264,"type":"ease","duration":1,"value":2.2999999523163},{"angle":135,"ease":"linear","var":"scrollSpeed","time":269.5,"type":"ease","duration":2.5,"value":1.7000000476837},{"angle":67.5,"ease":"outQuart","var":"scrollSpeed","time":272,"type":"ease","duration":1,"value":2.2999999523163},{"angle":337.5,"ease":"outQuart","var":"scrollSpeed","time":273.5,"type":"ease","duration":0.5,"value":2},{"angle":112.5,"ease":"outQuart","var":"scrollSpeed","time":274,"type":"ease","duration":1,"value":2.2999999523163},{"angle":337.5,"ease":"outQuart","var":"scrollSpeed","time":275.5,"type":"ease","duration":0.5,"value":2},{"angle":112.5,"ease":"outQuart","var":"scrollSpeed","time":276,"type":"ease","duration":1,"value":2.2999999523163},{"angle":135,"ease":"outQuart","var":"scrollSpeed","time":278,"type":"ease","duration":1,"value":1.5},{"angle":135,"ease":"outQuart","var":"scrollSpeed","time":279,"type":"ease","duration":1,"value":1.8999999761581},{"angle":135,"ease":"outQuart","var":"scrollSpeed","time":280,"type":"ease","duration":1,"value":2.5},{"angle":45,"ease":"outQuart","var":"scrollSpeed","time":294.5,"type":"ease","duration":0.5,"value":1.3999999761581},{"angle":45,"ease":"outQuart","var":"scrollSpeed","time":295,"type":"ease","duration":0.5,"value":1.7999999523163},{"angle":45,"ease":"outQuart","var":"scrollSpeed","time":295.5,"type":"ease","duration":0.5,"value":2.2999999523163},{"angle":67.5,"ease":"outQuart","var":"vfx.pixelate","time":294.5,"type":"ease","duration":0.5,"value":1.2999999523163},{"angle":67.5,"ease":"outQuart","var":"vfx.pixelate","time":295,"type":"ease","duration":0.5,"value":1.6000000238419},{"angle":67.5,"ease":"outQuart","var":"vfx.pixelate","time":295.5,"type":"ease","duration":0.5,"value":1.7999999523163},{"angle":45,"ease":"outQuart","var":"scrollSpeed","time":310.5,"type":"ease","duration":0.5,"value":1.3999999761581},{"angle":45,"ease":"outQuart","var":"scrollSpeed","time":311,"type":"ease","duration":0.5,"value":1.7999999523163},{"angle":45,"ease":"outQuart","var":"scrollSpeed","time":311.5,"type":"ease","duration":0.5,"value":2.2999999523163},{"angle":67.5,"ease":"outQuart","var":"vfx.pixelate","time":310.5,"type":"ease","duration":0.5,"value":1.2999999523163},{"angle":67.5,"ease":"outQuart","var":"vfx.pixelate","time":311,"type":"ease","duration":0.5,"value":1.6000000238419},{"angle":67.5,"ease":"outQuart","var":"vfx.pixelate","time":311.5,"type":"ease","duration":0.5,"value":1.7999999523163},{"angle":292.5,"ease":"inQuart","var":"scrollSpeed","time":316,"type":"ease","duration":4,"value":2},{"angle":315,"ease":"inQuart","var":"vfx.canvPos.sx","time":316,"type":"ease","duration":4.5,"value":0},{"angle":337.5,"ease":"inQuart","var":"vfx.canvPos.sy","time":316,"type":"ease","duration":4.5,"value":0},{"type":"setColor","duration":4,"ease":"linear","b":33,"g":33,"time":-6,"angle":180,"r":15,"color":0},{"type":"setColor","duration":4,"ease":"linear","b":89,"g":90,"time":-6,"angle":135,"r":33,"color":1},{"type":"deco","y":0,"sy":0.5,"sprite":"flash.png","drawLayer":"bg","time":-1,"x":-200,"id":"flash","angle":270,"sx":0.30000001192093},{"angle":247.5,"b":230,"g":245,"time":-1,"type":"setColor","r":76,"color":2},{"angle":225,"b":164,"g":164,"time":-1,"type":"setColor","r":54,"color":3},{"angle":202.5,"b":71,"g":78,"time":-1,"type":"setColor","r":24,"color":4},{"x":600,"type":"deco","angle":270,"time":0.25,"id":"flash","duration":0.75,"ease":"linear"},{"x":-200,"type":"deco","angle":270,"time":8.25,"id":"flash","duration":0.75,"ease":"linear"},{"x":600,"type":"deco","angle":292.5,"time":16,"id":"flash","duration":0.75,"ease":"linear"},{"x":-200,"type":"deco","angle":247.5,"time":24.25,"id":"flash","duration":0.75,"ease":"linear"},{"x":600,"type":"deco","angle":270,"time":32,"id":"flash","duration":0.75,"ease":"linear"},{"x":-200,"type":"deco","angle":270,"time":40,"id":"flash","duration":0.75,"ease":"linear"},{"x":600,"type":"deco","angle":247.5,"time":48,"id":"flash","duration":0.75,"ease":"linear"},{"x":-200,"type":"deco","angle":270,"time":56,"id":"flash","duration":0.75,"ease":"linear"},{"type":"setColor","duration":32,"ease":"inQuart","b":252,"g":255,"time":32,"angle":292.5,"r":76,"color":1},{"type":"setColor","duration":4,"ease":"inQuad","b":17,"g":23,"time":156,"angle":67.5,"r":50,"color":2},{"type":"setColor","duration":4,"ease":"inQuad","b":70,"g":91,"time":156,"angle":45,"r":255,"color":1},{"type":"deco","y":0,"sy":0.5,"sprite":"lego.png","drawLayer":"bg","time":62,"x":-55,"id":"lego1","angle":270,"sx":0.5},{"x":-10,"type":"deco","angle":270,"time":62.75,"id":"lego1","duration":1.25,"ease":"outSine"},{"angle":270,"y":-400,"type":"deco","time":64,"id":"lego1","duration":12,"ease":"inQuad"},{"type":"deco","y":575,"sy":0.5,"sprite":"lego.png","drawLayer":"bg","time":62,"x":-5,"id":"lego2","angle":247.5,"sx":0.5},{"angle":247.5,"y":175,"type":"deco","time":64,"id":"lego2","duration":12,"ease":"inQuad"},{"x":600,"type":"deco","angle":270,"time":76,"id":"lego1","duration":1.5,"ease":"outCubic"},{"x":600,"type":"deco","angle":247.5,"time":76,"id":"lego2","duration":1.5,"ease":"outCubic"},{"angle":315,"ease":"outQuad","var":"vfx.pixelate","time":92,"type":"ease","duration":2,"value":1.5},{"angle":315,"ease":"inSine","var":"vfx.pixelate","time":94,"type":"ease","duration":2,"value":1},{"type":"deco","y":360,"sy":0.5,"drawLayer":"bg","x":655,"time":78,"angle":270,"id":"lego1","r":180,"sx":0.5},{"x":610,"type":"deco","angle":270,"time":78.75,"id":"lego1","duration":1.25,"ease":"outSine"},{"angle":270,"y":760,"type":"deco","time":80,"id":"lego1","duration":12,"ease":"inQuad"},{"type":"deco","y":-210,"sy":0.5,"drawLayer":"bg","x":610,"time":78,"angle":247.5,"id":"lego2","r":180,"sx":0.5},{"angle":247.5,"y":190,"type":"deco","time":80,"id":"lego2","duration":12,"ease":"inQuad"},{"x":0,"type":"deco","angle":270,"time":92,"id":"lego1","duration":1.5,"ease":"outCubic"},{"x":0,"type":"deco","angle":247.5,"time":92,"id":"lego2","duration":1.5,"ease":"outCubic"},{"angle":157.5,"ease":"inCubic","var":"vfx.canvPos.sx","time":204,"type":"ease","duration":4,"value":0.5},{"angle":135,"ease":"inCubic","var":"vfx.canvPos.sy","time":204,"type":"ease","duration":4,"value":0.5},{"type":"deco","y":360,"sy":0.5,"drawLayer":"bg","x":655,"time":94,"angle":270,"id":"lego1","r":180,"sx":0.5},{"x":610,"type":"deco","angle":270,"time":94.75,"id":"lego1","duration":1.25,"ease":"outSine"},{"angle":270,"y":760,"type":"deco","time":96,"id":"lego1","duration":12,"ease":"inSine"},{"type":"deco","y":-210,"sy":0.5,"drawLayer":"bg","x":610,"time":94,"angle":247.5,"id":"lego2","r":180,"sx":0.5},{"angle":247.5,"y":190,"type":"deco","time":96,"id":"lego2","duration":12,"ease":"inSine"},{"angle":270,"y":860,"type":"deco","time":108,"id":"lego1","duration":1.5,"ease":"outCubic"},{"angle":270,"y":960,"type":"deco","time":109,"id":"lego1","duration":1.5,"ease":"outCubic"},{"angle":247.5,"y":290,"type":"deco","time":108,"id":"lego2","duration":1.5,"ease":"outCubic"},{"angle":247.5,"y":390,"type":"deco","time":109,"id":"lego2","duration":1.5,"ease":"outCubic"},{"angle":225,"y":860,"type":"deco","time":110,"id":"lego1","duration":1.5,"ease":"outCubic"},{"angle":225,"y":760,"type":"deco","time":111,"id":"lego1","duration":1.5,"ease":"outCubic"},{"angle":202.5,"y":290,"type":"deco","time":110,"id":"lego2","duration":1.5,"ease":"outCubic"},{"angle":202.5,"y":190,"type":"deco","time":111,"id":"lego2","duration":1.5,"ease":"outCubic"},{"angle":157.5,"y":360,"type":"deco","time":112,"id":"lego1","duration":12,"ease":"inSine"},{"angle":135,"y":-210,"type":"deco","time":112,"id":"lego2","duration":12,"ease":"inSine"},{"angle":427.5,"y":460,"type":"deco","time":124,"id":"lego1","duration":1.5,"ease":"outCubic"},{"angle":427.5,"y":560,"type":"deco","time":125,"id":"lego1","duration":1.5,"ease":"outCubic"},{"angle":405,"y":-110,"type":"deco","time":124,"id":"lego2","duration":1.5,"ease":"outCubic"},{"angle":405,"y":-10,"type":"deco","time":125,"id":"lego2","duration":1.5,"ease":"outCubic"},{"angle":67.5,"y":660,"type":"deco","time":126,"id":"lego1","duration":2,"ease":"inExpo"},{"angle":45,"y":90,"type":"deco","time":126,"id":"lego2","duration":2,"ease":"inExpo"},{"angle":112.5,"y":560,"type":"deco","time":128,"id":"lego1","duration":2,"ease":"inExpo"},{"angle":90,"y":-10,"type":"deco","time":128,"id":"lego2","duration":2,"ease":"inExpo"},{"angle":112.5,"y":660,"type":"deco","time":130,"id":"lego1","duration":2,"ease":"inExpo"},{"angle":90,"y":90,"type":"deco","time":130,"id":"lego2","duration":2,"ease":"inExpo"},{"angle":112.5,"y":560,"type":"deco","time":132,"id":"lego1","duration":2,"ease":"inExpo"},{"angle":90,"y":-10,"type":"deco","time":132,"id":"lego2","duration":2,"ease":"inExpo"},{"angle":112.5,"y":660,"type":"deco","time":134,"id":"lego1","duration":2,"ease":"inExpo"},{"angle":90,"y":90,"type":"deco","time":134,"id":"lego2","duration":2,"ease":"inExpo"},{"angle":112.5,"y":560,"type":"deco","time":136,"id":"lego1","duration":2,"ease":"inExpo"},{"angle":90,"y":-10,"type":"deco","time":136,"id":"lego2","duration":2,"ease":"inExpo"},{"angle":112.5,"y":660,"type":"deco","time":138,"id":"lego1","duration":2,"ease":"inExpo"},{"angle":90,"y":90,"type":"deco","time":138,"id":"lego2","duration":2,"ease":"inExpo"},{"angle":112.5,"y":560,"type":"deco","time":140,"id":"lego1","duration":2,"ease":"inExpo"},{"angle":90,"y":-10,"type":"deco","time":140,"id":"lego2","duration":2,"ease":"inExpo"},{"angle":112.5,"y":660,"type":"deco","time":142,"id":"lego1","duration":2,"ease":"inExpo"},{"angle":90,"y":90,"type":"deco","time":142,"id":"lego2","duration":2,"ease":"inExpo"},{"angle":112.5,"y":560,"type":"deco","time":144,"id":"lego1","duration":2,"ease":"inExpo"},{"angle":90,"y":-10,"type":"deco","time":144,"id":"lego2","duration":2,"ease":"inExpo"},{"angle":157.5,"y":660,"type":"deco","time":146,"id":"lego1","duration":2,"ease":"inExpo"},{"angle":135,"y":90,"type":"deco","time":146,"id":"lego2","duration":2,"ease":"inExpo"},{"angle":157.5,"y":560,"type":"deco","time":148,"id":"lego1","duration":2,"ease":"inExpo"},{"angle":135,"y":-10,"type":"deco","time":148,"id":"lego2","duration":2,"ease":"inExpo"},{"angle":112.5,"y":660,"type":"deco","time":150,"id":"lego1","duration":2,"ease":"inExpo"},{"angle":90,"y":90,"type":"deco","time":150,"id":"lego2","duration":2,"ease":"inExpo"},{"angle":112.5,"y":560,"type":"deco","time":152,"id":"lego1","duration":2,"ease":"inExpo"},{"angle":90,"y":-10,"type":"deco","time":152,"id":"lego2","duration":2,"ease":"inExpo"},{"angle":112.5,"y":660,"type":"deco","time":154,"id":"lego1","duration":2,"ease":"inExpo"},{"angle":90,"y":90,"type":"deco","time":154,"id":"lego2","duration":2,"ease":"inExpo"},{"x":655,"type":"deco","angle":112.5,"time":156,"id":"lego1","duration":1,"ease":"outQuart"},{"x":655,"type":"deco","angle":90,"time":156,"id":"lego2","duration":1,"ease":"outQuart"},{"angle":315,"b":33,"g":33,"time":155,"type":"setColor","r":15,"color":2},{"type":"setBgColor","time":155,"voidColor":1,"angle":292.5},{"type":"setColor","duration":8,"ease":"inQuart","b":119,"g":119,"time":280,"angle":225,"r":34,"color":1},{"type":"setColor","duration":8,"ease":"inQuart","b":33,"g":33,"time":280,"angle":202.5,"r":15,"color":0},{"x":-200,"sx":0.30000001192093,"time":279,"id":"flash","angle":90,"type":"deco"},{"type":"setColor","duration":4,"ease":"inCubic","b":17,"g":23,"time":220,"angle":112.5,"r":50,"color":0},{"angle":157.5,"ease":"outQuad","var":"vfx.pixelate","time":280,"type":"ease","duration":8,"value":1.5},{"angle":157.5,"ease":"inSine","var":"vfx.pixelate","time":288,"type":"ease","duration":3.5,"value":1},{"type":"deco","y":0,"sy":0.5,"sprite":"lego.png","drawLayer":"bg","time":94,"x":-55,"id":"lego3","angle":202.5,"sx":0.5},{"type":"deco","y":570,"sy":0.5,"sprite":"lego.png","drawLayer":"bg","time":94,"sx":0.5,"id":"lego4","angle":180,"x":-10},{"x":-10,"ease":"outSine","angle":202.5,"time":94.75,"id":"lego3","duration":1.25,"type":"deco"},{"angle":225,"y":-400,"type":"deco","time":96,"id":"lego3","duration":12,"ease":"inSine"},{"angle":202.5,"y":170,"type":"deco","time":96,"id":"lego4","duration":12,"ease":"inSine"},{"angle":427.5,"y":-500,"type":"deco","time":108,"id":"lego3","duration":1.5,"ease":"outCubic"},{"angle":427.5,"y":-600,"type":"deco","time":109,"id":"lego3","duration":1.5,"ease":"outCubic"},{"angle":405,"y":70,"type":"deco","time":108,"id":"lego4","duration":1.5,"ease":"outCubic"},{"angle":405,"y":-30,"type":"deco","time":109,"id":"lego4","duration":1.5,"ease":"outCubic"},{"angle":45,"y":-500,"type":"deco","time":110,"id":"lego3","duration":1.5,"ease":"outCubic"},{"angle":45,"y":-400,"type":"deco","time":111,"id":"lego3","duration":1.5,"ease":"outCubic"},{"angle":22.5,"y":70,"type":"deco","time":110,"id":"lego4","duration":1.5,"ease":"outCubic"},{"angle":22.5,"y":170,"type":"deco","time":111,"id":"lego4","duration":1.5,"ease":"outCubic"},{"angle":90,"y":0,"type":"deco","time":112,"id":"lego3","duration":12,"ease":"inSine"},{"angle":67.5,"y":570,"type":"deco","time":112,"id":"lego4","duration":12,"ease":"inSine"},{"angle":495,"y":-100,"type":"deco","time":124,"id":"lego3","duration":1.5,"ease":"outCubic"},{"angle":495,"y":-200,"type":"deco","time":125,"id":"lego3","duration":1.5,"ease":"outCubic"},{"angle":472.5,"y":470,"type":"deco","time":124,"id":"lego4","duration":1.5,"ease":"outCubic"},{"angle":472.5,"y":370,"type":"deco","time":125,"id":"lego4","duration":1.5,"ease":"outCubic"},{"angle":135,"y":-300,"type":"deco","time":126,"id":"lego3","duration":2,"ease":"inExpo"},{"angle":112.5,"y":270,"type":"deco","time":126,"id":"lego4","duration":2,"ease":"inExpo"},{"angle":180,"y":-200,"type":"deco","time":128,"id":"lego3","duration":2,"ease":"inExpo"},{"angle":157.5,"y":270,"type":"deco","time":128,"id":"lego4","duration":2,"ease":"inExpo"},{"angle":180,"y":-300,"type":"deco","time":130,"id":"lego3","duration":2,"ease":"inExpo"},{"angle":157.5,"y":170,"type":"deco","time":130,"id":"lego4","duration":2,"ease":"inExpo"},{"angle":180,"y":-200,"type":"deco","time":132,"id":"lego3","duration":2,"ease":"inExpo"},{"angle":157.5,"y":270,"type":"deco","time":132,"id":"lego4","duration":2,"ease":"inExpo"},{"angle":180,"y":-300,"type":"deco","time":134,"id":"lego3","duration":2,"ease":"inExpo"},{"angle":157.5,"y":170,"type":"deco","time":134,"id":"lego4","duration":2,"ease":"inExpo"},{"angle":180,"y":-200,"type":"deco","time":136,"id":"lego3","duration":2,"ease":"inExpo"},{"angle":157.5,"y":270,"type":"deco","time":136,"id":"lego4","duration":2,"ease":"inExpo"},{"angle":180,"y":170,"type":"deco","time":138,"id":"lego4","duration":2,"ease":"inExpo"},{"angle":202.5,"y":-300,"type":"deco","time":138,"id":"lego3","duration":2,"ease":"inExpo"},{"x":-800,"sx":3.5,"time":155,"drawOrder":-1,"id":"flash","angle":360,"type":"deco"},{"angle":180,"y":-200,"type":"deco","time":140,"id":"lego3","duration":2,"ease":"inExpo"},{"angle":157.5,"y":270,"type":"deco","time":140,"id":"lego4","duration":2,"ease":"inExpo"},{"angle":180,"y":-300,"type":"deco","time":142,"id":"lego3","duration":2,"ease":"inExpo"},{"angle":157.5,"y":170,"type":"deco","time":142,"id":"lego4","duration":2,"ease":"inExpo"},{"angle":180,"y":-200,"type":"deco","time":144,"id":"lego3","duration":2,"ease":"inExpo"},{"angle":157.5,"y":270,"type":"deco","time":144,"id":"lego4","duration":2,"ease":"inExpo"},{"angle":225,"y":-300,"type":"deco","time":146,"id":"lego3","duration":2,"ease":"inExpo"},{"angle":202.5,"y":170,"type":"deco","time":146,"id":"lego4","duration":2,"ease":"inExpo"},{"angle":225,"y":-200,"type":"deco","time":148,"id":"lego3","duration":2,"ease":"inExpo"},{"angle":202.5,"y":270,"type":"deco","time":148,"id":"lego4","duration":2,"ease":"inExpo"},{"angle":180,"y":-300,"type":"deco","time":150,"id":"lego3","duration":2,"ease":"inExpo"},{"angle":157.5,"y":170,"type":"deco","time":150,"id":"lego4","duration":2,"ease":"inExpo"},{"angle":180,"y":-200,"type":"deco","time":152,"id":"lego3","duration":2,"ease":"inExpo"},{"angle":157.5,"y":270,"type":"deco","time":152,"id":"lego4","duration":2,"ease":"inExpo"},{"x":-55,"type":"deco","angle":180,"time":156,"id":"lego4","duration":1,"ease":"outQuart"},{"x":-55,"type":"deco","angle":157.5,"time":156,"id":"lego3","duration":1,"ease":"outQuart"},{"angle":180,"y":-300,"type":"deco","time":154,"id":"lego3","duration":2,"ease":"inExpo"},{"angle":157.5,"y":170,"type":"deco","time":154,"id":"lego4","duration":2,"ease":"inExpo"},{"angle":315,"ease":"outCubic","var":"vfx.comboY","time":156,"type":"ease","duration":1,"value":9},{"angle":112.5,"ease":"linear","var":"vfx.comboY","time":176,"type":"ease","duration":8,"value":0},{"angle":90,"ease":"inCubic","var":"vfx.comboY","time":188,"type":"ease","duration":4,"value":90},{"angle":135,"ease":"outQuart","var":"vfx.comboY","time":193,"type":"ease","duration":1,"value":75},{"angle":135,"ease":"outQuart","var":"vfx.comboY","time":195,"type":"ease","duration":1,"value":60},{"angle":135,"ease":"outQuart","var":"vfx.comboY","time":197,"type":"ease","duration":1,"value":45},{"angle":135,"ease":"outQuart","var":"vfx.comboY","time":199,"type":"ease","duration":1,"value":30},{"angle":135,"ease":"outQuart","var":"vfx.comboY","time":201,"type":"ease","duration":1,"value":15},{"angle":135,"ease":"outQuart","var":"vfx.comboY","time":203,"type":"ease","duration":1,"value":0},{"angle":112.5,"ease":"inCubic","var":"vfx.comboY","time":204,"type":"ease","duration":4,"value":90},{"angle":135,"ease":"outQuart","var":"vfx.comboY","time":208,"type":"ease","duration":1,"value":67.5},{"angle":135,"ease":"outQuart","var":"vfx.comboY","time":210,"type":"ease","duration":1,"value":45},{"angle":135,"ease":"outQuart","var":"vfx.comboY","time":212,"type":"ease","duration":1,"value":22.5},{"angle":135,"ease":"outQuart","var":"vfx.comboY","time":214,"type":"ease","duration":1,"value":0},{"x":600,"duration":0.75,"ease":"linear","time":288,"drawOrder":1,"id":"flash","type":"deco","angle":292.5},{"x":-200,"type":"deco","angle":270,"time":296,"id":"flash","duration":0.75,"ease":"linear"},{"x":600,"type":"deco","angle":247.5,"time":304,"id":"flash","duration":0.75,"ease":"linear"},{"x":-200,"type":"deco","angle":270,"time":312,"id":"flash","duration":0.75,"ease":"linear"},{"angle":247.5,"b":230,"g":245,"time":287.5,"type":"setColor","r":76,"color":2},{"angle":225,"b":164,"g":164,"time":287.5,"type":"setColor","r":54,"color":3},{"angle":202.5,"b":71,"g":78,"time":287.5,"type":"setColor","r":24,"color":4},{"angle":315,"ease":"outSine","var":"vfx.songNameX","time":62.75,"type":"ease","duration":1.25,"value":45},{"angle":225,"ease":"outQuart","var":"vfx.songNameX","time":76,"type":"ease","duration":1,"value":0},{"angle":292.5,"ease":"outSine","var":"vfx.songNameX","time":94.75,"type":"ease","duration":1.25,"value":45},{"angle":270,"ease":"outQuart","var":"vfx.songNameX","time":156,"type":"ease","duration":1,"value":0},{"angle":225,"ease":"outSine","var":"vfx.difficultyX","time":78.75,"type":"ease","duration":1.25,"value":-45},{"angle":90,"ease":"outQuart","var":"vfx.difficultyX","time":92,"type":"ease","duration":1,"value":0},{"angle":315,"ease":"outSine","var":"vfx.difficultyX","time":94.75,"type":"ease","duration":1.25,"value":-45},{"angle":292.5,"ease":"outQuart","var":"vfx.difficultyX","time":156,"type":"ease","duration":1,"value":0},{"angle":202.5,"ease":"outSine","var":"vfx.accuracyX","time":78.75,"type":"ease","duration":1.25,"value":-45},{"angle":112.5,"ease":"outQuart","var":"vfx.accuracyX","time":92,"type":"ease","duration":1,"value":0},{"angle":337.5,"ease":"outSine","var":"vfx.accuracyX","time":94.75,"type":"ease","duration":1.25,"value":-45},{"angle":337.5,"ease":"outQuart","var":"vfx.accuracyX","time":156,"type":"ease","duration":1,"value":0},{"angle":337.5,"ease":"outCubic","var":"vfx.comboY","time":157,"type":"ease","duration":1,"value":18},{"angle":337.5,"ease":"outCubic","var":"vfx.comboY","time":158,"type":"ease","duration":1,"value":27},{"angle":337.5,"ease":"outCubic","var":"vfx.comboY","time":159,"type":"ease","duration":1,"value":36},{"angle":45,"time":224,"bpm":135,"type":"setBPM"},{"angle":90,"ease":"outQuart","var":"vfx.canvPos.sx","time":226,"type":"ease","duration":1,"value":0.89999997615814},{"angle":112.5,"ease":"outQuart","var":"vfx.canvPos.sy","time":226,"type":"ease","duration":1,"value":0.89999997615814},{"angle":90,"ease":"outQuart","var":"vfx.canvPos.sx","time":230,"type":"ease","duration":1,"value":0.89999997615814},{"angle":112.5,"ease":"outQuart","var":"vfx.canvPos.sy","time":230,"type":"ease","duration":1,"value":0.89999997615814},{"angle":22.5,"ease":"outQuart","var":"vfx.canvPos.sx","time":242,"type":"ease","duration":1,"value":0.89999997615814},{"angle":45,"ease":"outQuart","var":"vfx.canvPos.sy","time":242,"type":"ease","duration":1,"value":0.89999997615814},{"angle":90,"ease":"outQuart","var":"vfx.canvPos.sx","time":246,"type":"ease","duration":1,"value":0.89999997615814},{"angle":112.5,"ease":"outQuart","var":"vfx.canvPos.sy","time":246,"type":"ease","duration":1,"value":0.89999997615814},{"angle":90,"ease":"outQuart","var":"vfx.canvPos.sx","time":247,"type":"ease","duration":1,"value":0.94999998807907},{"angle":112.5,"ease":"outQuart","var":"vfx.canvPos.sy","time":247,"type":"ease","duration":1,"value":0.94999998807907},{"angle":90,"ease":"outQuart","var":"vfx.canvPos.sx","time":278,"type":"ease","duration":1,"value":0.89999997615814},{"angle":112.5,"ease":"outQuart","var":"vfx.canvPos.sy","time":278,"type":"ease","duration":1,"value":0.89999997615814},{"angle":45,"ease":"outQuart","var":"vfx.canvPos.sx","time":228,"type":"ease","duration":1,"value":1},{"angle":67.5,"ease":"outQuart","var":"vfx.canvPos.sy","time":228,"type":"ease","duration":1,"value":1},{"angle":90,"ease":"outQuart","var":"vfx.canvPos.sx","time":233,"type":"ease","duration":1,"value":1},{"angle":112.5,"ease":"outQuart","var":"vfx.canvPos.sy","time":233,"type":"ease","duration":1,"value":1},{"angle":45,"ease":"outQuart","var":"vfx.canvPos.sx","time":232,"type":"ease","duration":1,"value":0.94999998807907},{"angle":67.5,"ease":"outQuart","var":"vfx.canvPos.sy","time":232,"type":"ease","duration":1,"value":0.94999998807907},{"angle":90,"ease":"linear","var":"vfx.canvPos.sx","time":237.5,"type":"ease","duration":2.5,"value":0.80000001192093},{"angle":112.5,"var":"vfx.canvPos.sy","time":237.5,"type":"ease","duration":2.5,"value":0.80000001192093},{"angle":90,"ease":"outQuart","var":"vfx.canvPos.sx","time":240,"type":"ease","duration":1,"value":1},{"angle":112.5,"ease":"outQuart","var":"vfx.canvPos.sy","time":240,"type":"ease","duration":1,"value":1},{"angle":90,"ease":"outQuart","var":"vfx.canvPos.sx","time":244,"type":"ease","duration":1,"value":1},{"angle":112.5,"ease":"outQuart","var":"vfx.canvPos.sy","time":244,"type":"ease","duration":1,"value":1},{"angle":90,"ease":"outQuart","var":"vfx.canvPos.sx","time":248,"type":"ease","duration":1,"value":1},{"angle":112.5,"ease":"outQuart","var":"vfx.canvPos.sy","time":248,"type":"ease","duration":1,"value":1},{"angle":90,"ease":"outQuad","var":"vfx.canvPos.sx","time":258,"type":"ease","duration":1.5,"value":0.94999998807907},{"angle":112.5,"ease":"outQuad","var":"vfx.canvPos.sy","time":258,"type":"ease","duration":1.5,"value":0.94999998807907},{"angle":90,"ease":"outQuart","var":"vfx.canvPos.sx","time":260,"type":"ease","duration":1,"value":1},{"angle":112.5,"ease":"outQuart","var":"vfx.canvPos.sy","time":260,"type":"ease","duration":1,"value":1},{"angle":45,"ease":"outQuart","var":"vfx.canvPos.sx","time":279,"type":"ease","duration":1,"value":0.94999998807907},{"angle":67.5,"ease":"outQuart","var":"vfx.canvPos.sy","time":279,"type":"ease","duration":1,"value":0.94999998807907},{"angle":67.5,"ease":"outQuart","var":"vfx.canvPos.sx","time":280,"type":"ease","duration":8,"value":1},{"angle":90,"ease":"outQuart","var":"vfx.canvPos.sy","time":280,"type":"ease","duration":8,"value":1},{"type":"setBgColor","time":316,"voidColor":0,"angle":157.5},{"type":"ease","ease":"outQuart","var":"vfx.canvPos.sx","time":261.5,"angle":337.5,"duration":0.5,"value":0.94999998807907},{"type":"ease","ease":"outQuart","var":"vfx.canvPos.sy","time":261.5,"angle":360,"duration":0.5,"value":0.94999998807907},{"type":"ease","ease":"outQuart","var":"vfx.canvPos.sx","time":262,"angle":337.5,"duration":1,"value":1},{"type":"ease","ease":"outQuart","var":"vfx.canvPos.sy","time":262,"angle":360,"duration":1,"value":1},{"type":"ease","ease":"outQuart","var":"vfx.canvPos.sx","time":263.5,"angle":292.5,"duration":0.5,"value":0.94999998807907},{"type":"ease","ease":"outQuart","var":"vfx.canvPos.sy","time":263.5,"angle":315,"duration":0.5,"value":0.94999998807907},{"type":"ease","ease":"outQuart","var":"vfx.canvPos.sx","time":264,"angle":337.5,"duration":1,"value":1},{"type":"ease","ease":"outQuart","var":"vfx.canvPos.sy","time":264,"angle":360,"duration":1,"value":1},{"type":"ease","var":"vfx.canvPos.sx","time":269.5,"angle":337.5,"duration":2.5,"value":0.89999997615814},{"type":"ease","var":"vfx.canvPos.sy","time":269.5,"angle":360,"duration":2.5,"value":0.89999997615814},{"type":"ease","ease":"outQuart","var":"vfx.canvPos.sx","time":272,"angle":315,"duration":1,"value":1},{"type":"ease","ease":"outQuart","var":"vfx.canvPos.sy","time":272,"angle":337.5,"duration":1,"value":1},{"type":"ease","ease":"outQuart","var":"vfx.canvPos.sx","time":273.5,"angle":405,"duration":0.5,"value":0.94999998807907},{"type":"ease","ease":"outQuart","var":"vfx.canvPos.sy","time":273.5,"angle":427.5,"duration":0.5,"value":0.94999998807907},{"type":"ease","ease":"outQuart","var":"vfx.canvPos.sx","time":274,"angle":292.5,"duration":1,"value":1},{"type":"ease","ease":"outQuart","var":"vfx.canvPos.sy","time":274,"angle":315,"duration":1,"value":1},{"type":"ease","ease":"outQuart","var":"vfx.canvPos.sx","time":275.5,"angle":270,"duration":0.5,"value":0.94999998807907},{"type":"ease","ease":"outQuart","var":"vfx.canvPos.sy","time":275.5,"angle":292.5,"duration":0.5,"value":0.94999998807907},{"type":"ease","ease":"outQuart","var":"vfx.canvPos.sx","time":276,"angle":337.5,"duration":1,"value":1},{"type":"ease","ease":"outQuart","var":"vfx.canvPos.sy","time":276,"angle":360,"duration":1,"value":1},{"type":"showResults","angle":157.5,"time":319},{"type":"ease","var":"vfx.canvPos.sx","time":-6,"angle":270,"duration":6,"value":1.1000000238419},{"type":"ease","var":"vfx.canvPos.sy","time":-6,"angle":247.5,"duration":6,"value":1.1000000238419},{"type":"ease","ease":"outSine","var":"vfx.canvPos.sx","time":62.75,"angle":337.5,"duration":1.25,"value":1},{"type":"ease","ease":"outSine","var":"vfx.canvPos.sy","time":62.75,"angle":360,"duration":1.25,"value":1},{"type":"ease","ease":"outQuart","var":"vfx.pixelate","time":92,"angle":180,"duration":1,"value":1.5},{"type":"ease","ease":"outSine","var":"vfx.pixelate","time":94,"angle":157.5,"duration":2,"value":1},{"type":"ease","ease":"outQuart","var":"vfx.pixelate","time":220,"angle":157.5,"duration":1,"value":1.5},{"type":"ease","ease":"outSine","var":"vfx.pixelate","time":222,"angle":135,"duration":2,"value":1},{"type":"ease","ease":"outSine","var":"vfx.pixelate","time":254,"angle":112.5,"duration":1.5,"value":2},{"type":"ease","ease":"outQuart","var":"vfx.pixelate","time":258,"angle":67.5,"duration":1,"value":1},{"type":"ease","ease":"outQuad","var":"vfx.songNameX","time":224,"angle":292.5,"duration":1,"value":-100},{"type":"ease","ease":"outQuad","var":"vfx.accuracyX","time":224,"angle":180,"duration":1,"value":100},{"type":"ease","ease":"outQuad","var":"vfx.difficultyX","time":224,"angle":157.5,"duration":1,"value":100},{"type":"ease","ease":"outQuart","var":"vfx.comboY","time":226,"angle":337.5,"duration":1,"value":18},{"type":"ease","ease":"outQuart","var":"vfx.comboY","time":228,"angle":22.5,"duration":1,"value":0},{"type":"ease","ease":"outQuart","var":"vfx.comboY","time":230,"angle":337.5,"duration":1,"value":18},{"type":"ease","ease":"outQuart","var":"vfx.comboY","time":232,"angle":337.5,"duration":1,"value":9},{"type":"ease","ease":"outQuart","var":"vfx.comboY","time":233,"angle":337.5,"duration":1,"value":0},{"type":"ease","ease":"linear","var":"vfx.comboY","time":237.5,"angle":270,"duration":2.5,"value":36},{"type":"ease","ease":"outQuart","var":"vfx.comboY","time":240,"angle":337.5,"duration":1,"value":0},{"type":"ease","ease":"outQuart","var":"vfx.comboY","time":242,"angle":337.5,"duration":1,"value":18},{"type":"ease","ease":"outQuart","var":"vfx.comboY","time":244,"angle":337.5,"duration":1,"value":0},{"type":"ease","ease":"outQuart","var":"vfx.comboY","time":246,"angle":337.5,"duration":1,"value":18},{"type":"ease","ease":"outQuart","var":"vfx.comboY","time":247,"angle":337.5,"duration":1,"value":9},{"type":"ease","ease":"outQuart","var":"vfx.comboY","time":248,"angle":337.5,"duration":1,"value":0},{"type":"ease","ease":"outQuart","var":"vfx.comboY","time":258,"angle":337.5,"duration":1,"value":9},{"type":"ease","ease":"outQuart","var":"vfx.comboY","time":260,"angle":337.5,"duration":1,"value":0},{"type":"ease","ease":"outQuart","var":"vfx.comboY","time":261.5,"angle":337.5,"duration":0.5,"value":9},{"type":"ease","ease":"outQuart","var":"vfx.comboY","time":262,"angle":337.5,"duration":1,"value":0},{"type":"ease","ease":"outQuart","var":"vfx.comboY","time":263.5,"angle":337.5,"duration":0.5,"value":9},{"type":"ease","ease":"outQuart","var":"vfx.comboY","time":264,"angle":337.5,"duration":1,"value":0},{"type":"ease","var":"vfx.comboY","time":269.5,"angle":337.5,"duration":2.5,"value":18},{"type":"ease","ease":"outQuart","var":"vfx.comboY","time":272,"angle":337.5,"duration":1,"value":0},{"type":"ease","ease":"outQuart","var":"vfx.comboY","time":273.5,"angle":337.5,"duration":0.5,"value":9},{"type":"ease","ease":"outQuart","var":"vfx.comboY","time":274,"angle":337.5,"duration":1,"value":0},{"type":"ease","ease":"outQuart","var":"vfx.comboY","time":275.5,"angle":337.5,"duration":0.5,"value":9},{"type":"ease","ease":"outQuart","var":"vfx.comboY","time":276,"angle":315,"duration":1,"value":0},{"type":"ease","ease":"outQuart","var":"vfx.comboY","time":278,"angle":337.5,"duration":1,"value":18},{"type":"ease","ease":"outQuart","var":"vfx.comboY","time":279,"angle":337.5,"duration":1,"value":9},{"type":"ease","ease":"outQuart","var":"vfx.comboY","time":280,"angle":337.5,"duration":8,"value":0},{"type":"ease","ease":"outQuart","var":"vfx.accuracyX","time":280,"angle":0,"duration":8,"value":0},{"type":"ease","ease":"outQuart","var":"vfx.songNameX","time":280,"angle":22.5,"duration":8,"value":0},{"type":"ease","ease":"outQuart","var":"vfx.difficultyX","time":280,"angle":45,"duration":8,"value":0}],"metadata":{"songName":"Interlaced","bgData":{"yellowChannel":{"b":140,"g":138,"r":64},"redChannel":{"b":217,"g":217,"r":99},"blueChannel":{"b":90,"g":90,"r":37},"greenChannel":{"b":154,"g":154,"r":68},"image":"thumbn.png","magentaChannel":{"b":113,"g":113,"r":50},"cyanChannel":{"b":113,"g":113,"r":50}},"difficulty":8,"artist":"MDK","bg":true,"artistLink":"https://www.youtube.com/watch?v=kL8-YbBHInU","charter":"Me","description":"Some decorations might look familiar...\n\nMain mechanics: scroll speed changes and screen resizing."}}