{"events":[{"color":7,"time":1,"type":"setBgColor","angle":270},{"color":7,"g":143,"b":103,"r":255,"time":1,"type":"setColor","angle":180},{"color":0,"g":0,"b":0,"r":0,"angle":90,"type":"setColor","time":1},{"file":"AEROPHOBIA.wav","time":0,"bpm":175,"angle":0,"offset":0.050000000745058,"type":"play","volume":1},{"ease":"linear","time":31,"duration":1,"newWidth":30,"type":"paddles","angle":180,"paddle":1},{"ease":"outCirc","time":33,"duration":1,"newWidth":70,"type":"paddles","angle":22.5,"paddle":1},{"color":1,"g":90,"b":66,"r":149,"angle":360,"type":"setColor","time":1},{"ease":"inOutSine","duration":4,"paddle":1,"time":411,"enabled":true,"newWidth":35,"angle":270,"type":"paddles"},{"time":418,"type":"showResults","angle":270}],"properties":{"offset":8,"formatversion":13,"speed":85},"metadata":{"songName":"AEROPHOBIA","bgData":{"redChannel":{"g":143,"b":103,"r":255},"image":"red.png","blueChannel":{"g":0,"b":0,"r":0},"greenChannel":{"g":0,"b":0,"r":0},"yellowChannel":{"g":0,"b":0,"r":0},"magentaChannel":{"g":0,"b":0,"r":0},"cyanChannel":{"g":0,"b":0,"r":0}},"difficulty":9,"bg":true,"artist":"Cirawakalong","charter":"DehydratedWater","description":"FALL INTO THE VOID\n\nAND SEE WHAT AWAITS YOU.\n\n\n\nMechanics used: Mines, Taps\n\nEssentially an accuracy map lol.\n\nnot very vfx-y, sorrz\n'tis my first chart, go easy on me lmao","artistLink":"https://soundcloud.com/cirawakalong-music"}}