[{"time":2.5,"type":"block","angle":11.25},{"time":3.25,"type":"block","angle":0},{"time":4,"type":"block","angle":337.5},{"time":4.5,"angle2":450,"angle":337.5,"type":"hold","duration":4.25},{"time":4.5,"type":"block","angle":146.25},{"time":5.25,"type":"block","angle":168.75},{"time":6,"type":"block","angle":191.25},{"time":6.5,"type":"block","angle":213.75},{"time":7.25,"type":"block","angle":225},{"time":8,"type":"block","angle":236.25},{"time":8.5,"type":"block","angle":247.5},{"time":9.25,"type":"block","angle":90},{"time":10.25,"type":"block","angle":90},{"time":11.25,"type":"block","angle":90},{"time":11.75,"type":"block","angle":90},{"time":12.25,"angle2":0,"angle":90,"type":"hold","duration":5},{"time":12.25,"type":"block","angle":270},{"time":13,"type":"block","angle":258.75},{"time":13.75,"type":"block","angle":247.5},{"time":14.25,"type":"block","angle":225},{"time":15.25,"type":"block","angle":202.5},{"time":16,"type":"block","angle":191.25},{"time":17.75,"type":"block","angle":360},{"time":20.25,"angle2":180,"angle":360,"type":"hold","duration":1.75},{"time":22,"angle2":146.25,"angle":180,"type":"hold","duration":0.5},{"time":22.5,"angle2":213.75,"angle":146.25,"type":"hold","duration":1},{"time":16.5,"type":"block","angle":180},{"time":17.25,"type":"block","angle":180},{"time":24.75,"type":"block","angle":180},{"time":25.25,"type":"block","angle":135},{"time":25.75,"type":"block","angle":101.25},{"time":26.75,"type":"block","angle":180},{"time":26.25,"type":"block","angle":146.25},{"time":27.25,"type":"block","angle":225},{"time":27.75,"type":"block","angle":180},{"time":28.25,"angle2":180,"angle":180,"type":"hold","duration":1.75},{"time":30,"angle2":146.25,"angle":180,"type":"hold","duration":0.5},{"time":30.5,"angle2":-146.25,"angle":146.25,"type":"hold","duration":2.25},{"time":1,"angle2":348.75,"angle":270,"type":"hold","duration":0.5},{"time":1.5,"angle2":270,"angle":348.75,"type":"hold","duration":0.5},{"time":9.75,"type":"side","angle":33.75},{"time":18.25,"angle2":450,"angle":360,"type":"hold","duration":0.5},{"time":18.75,"angle2":146.25,"angle":90,"type":"hold","duration":0.5},{"time":19.25,"angle2":258.75,"angle":146.25,"type":"hold","duration":0.5},{"time":19.75,"angle2":360,"angle":258.75,"type":"hold","duration":0.5},{"time":33.25,"type":"side","angle":270},{"time":33.75,"type":"block","angle":292.5},{"time":34.25,"type":"block","angle":348.75},{"time":35,"angle2":348.75,"angle":303.75,"type":"hold","duration":0.75},{"time":36.25,"angle":292.5,"tap":true,"type":"block"},{"time":41.5,"type":"block","angle":0},{"time":42.25,"type":"block","angle":292.5},{"time":43.25,"type":"block","angle":247.5},{"time":44.25,"angle":180,"tap":true,"type":"block"},{"time":48.75,"type":"block","angle":0},{"time":56.75,"type":"block","angle":0},{"time":57.25,"type":"block","angle":315},{"time":57.75,"type":"block","angle":281.25},{"time":58.25,"type":"block","angle":337.5},{"time":58.75,"type":"block","angle":45},{"time":59.25,"type":"block","angle":360},{"time":49.25,"type":"block","angle":337.5},{"time":49.75,"type":"block","angle":315},{"time":50.25,"type":"block","angle":292.5},{"time":50.75,"type":"block","angle":270},{"time":51.25,"type":"block","angle":247.5},{"time":51.75,"type":"block","angle":225},{"time":52.25,"angle":202.5,"angle2":360,"type":"hold","startTap":true,"duration":2.25},{"time":59.75,"type":"side","angle":270},{"time":60.25,"angle":180,"angle2":0,"type":"hold","startTap":true,"duration":2},{"time":64.25,"type":"extraTap","angle":0},{"time":68.25,"angle":90,"tap":true,"type":"block"},{"time":68.75,"type":"block","angle":360},{"time":69.25,"type":"block","angle":270},{"time":69.75,"type":"block","angle":360},{"time":70.25,"type":"block","angle":90},{"time":70.75,"type":"block","angle":360},{"time":71.25,"type":"block","angle":270},{"time":71.75,"type":"block","angle":360},{"time":72.25,"type":"block","angle":90},{"time":72.75,"type":"block","angle":360},{"time":73.25,"type":"block","angle":270},{"time":73.75,"type":"block","angle":360},{"time":74.25,"type":"block","angle":90},{"time":74.75,"type":"block","angle":360},{"time":75.25,"type":"block","angle":270},{"time":75.75,"type":"block","angle":360},{"time":76.25,"angle":0,"angle2":135,"type":"hold","startTap":true,"duration":0.5},{"time":76.75,"angle2":213.75,"angle":135,"type":"hold","duration":0.5},{"time":77.25,"angle2":135,"angle":213.75,"type":"hold","duration":0.5},{"time":77.75,"angle2":213.75,"angle":135,"type":"hold","duration":0.5},{"time":78.25,"angle2":135,"angle":213.75,"type":"hold","duration":0.5},{"time":78.75,"angle2":213.75,"angle":135,"type":"hold","duration":0.5},{"time":79.25,"angle2":135,"angle":213.75,"type":"hold","duration":0.5},{"time":79.75,"angle2":213.75,"angle":135,"type":"hold","duration":0.5},{"time":80.25,"angle2":135,"angle":213.75,"type":"hold","duration":0.5},{"time":80.75,"angle2":213.75,"angle":135,"type":"hold","duration":0.5},{"time":81.25,"angle2":135,"angle":213.75,"type":"hold","duration":0.5},{"time":81.75,"angle2":213.75,"angle":135,"type":"hold","duration":0.5},{"time":82.25,"angle2":135,"angle":213.75,"type":"hold","duration":0.5},{"time":82.75,"angle2":213.75,"angle":135,"type":"hold","duration":0.5},{"time":83.25,"angle2":135,"angle":213.75,"type":"hold","duration":0.5},{"time":84.25,"angle":56.25,"tap":true,"type":"side"},{"time":84.75,"type":"side","angle":135},{"time":85.25,"type":"side","angle":56.25},{"time":85.75,"type":"side","angle":135},{"time":86.25,"type":"side","angle":56.25},{"time":86.75,"type":"side","angle":135},{"time":87.25,"type":"side","angle":56.25},{"time":87.75,"type":"side","angle":135},{"time":88.25,"type":"side","angle":56.25},{"time":88.75,"type":"side","angle":135},{"time":89.25,"type":"side","angle":56.25},{"time":89.75,"type":"side","angle":135},{"time":90.25,"type":"side","angle":56.25},{"time":90.75,"type":"side","angle":135},{"time":91.25,"type":"side","angle":56.25},{"time":91.75,"type":"side","angle":135},{"time":92.25,"angle":270,"tap":true,"type":"block"},{"time":92.75,"type":"block","angle":315},{"time":93.25,"type":"block","angle":0},{"time":93.75,"type":"block","angle":45},{"time":94.25,"type":"block","angle":90},{"time":94.75,"type":"block","angle":135},{"time":95.25,"type":"block","angle":180},{"time":95.75,"type":"block","angle":225},{"time":96.25,"type":"block","angle":270},{"time":96.75,"type":"block","angle":315},{"time":97.25,"type":"block","angle":360},{"time":97.75,"type":"block","angle":45},{"time":98.25,"type":"block","angle":90},{"time":98.75,"type":"block","angle":135},{"time":99.25,"type":"block","angle":180},{"time":100.5,"angle":360,"tap":true,"type":"block"},{"time":101.25,"type":"block","angle":326.25},{"time":102.25,"angle2":90,"angle":270,"type":"hold","duration":1},{"time":104.25,"type":"block","angle":360},{"time":105.25,"type":"block","angle":90},{"time":106.5,"type":"block","angle":180},{"time":108,"angle2":337.5,"endTap":true,"angle":270,"type":"hold","duration":0.5},{"time":109.5,"type":"block","angle":33.75},{"time":110.5,"angle2":168.75,"angle":326.25,"type":"hold","duration":1},{"time":112.5,"type":"side","angle":90},{"time":113.5,"type":"side","angle":90},{"time":114.5,"type":"side","angle":90},{"time":116,"type":"block","angle":326.25},{"time":116.5,"type":"block","angle":22.5},{"time":117.25,"angle2":-101.25,"angle":0,"type":"hold","duration":1},{"time":119.25,"type":"block","angle":157.5},{"time":120.25,"type":"block","angle":56.25},{"time":121.25,"type":"block","angle":101.25},{"time":122.25,"type":"block","angle":56.25},{"time":124,"type":"block","angle":303.75},{"time":124.5,"type":"block","angle":22.5},{"time":125.5,"type":"block","angle":90},{"time":126.5,"type":"block","angle":67.5},{"time":127.5,"type":"block","angle":135},{"time":128.25,"angle":191.25,"tap":true,"type":"block"},{"time":129.25,"type":"block","angle":146.25},{"time":130.25,"type":"block","angle":225},{"time":132.25,"angle2":225,"angle":360,"type":"hold","duration":0.75},{"time":133,"angle2":348.75,"angle":225,"type":"hold","duration":0.75},{"time":133.75,"angle2":461.25,"angle":348.75,"type":"hold","duration":0.75},{"time":134.5,"angle2":-67.5,"angle":101.25,"type":"hold","duration":1},{"time":136.5,"type":"block","angle":90},{"time":136,"type":"block","angle":0},{"time":137.25,"type":"block","angle":67.5},{"time":137.75,"type":"block","angle":123.75},{"time":138.5,"type":"side","angle":67.5},{"time":140.25,"angle2":427.5,"angle":326.25,"type":"hold","duration":0.75},{"time":141.5,"angle2":56.25,"angle":112.5,"type":"hold","duration":0.75},{"time":142.25,"angle2":135,"angle":56.25,"type":"hold","duration":0.75},{"time":144,"type":"block","angle":270},{"time":144.5,"type":"block","angle":292.5},{"time":145.25,"type":"block","angle":258.75},{"time":146,"type":"block","angle":213.75},{"time":146.5,"type":"block","angle":180},{"time":148.5,"type":"side","angle":270},{"time":149,"type":"block","angle":303.75},{"time":149.75,"type":"block","angle":270},{"time":150.25,"type":"block","angle":236.25},{"time":151.25,"type":"block","angle":90},{"time":151.75,"type":"block","angle":56.25},{"time":152.5,"type":"block","angle":123.75},{"time":153,"type":"block","angle":90},{"time":153.75,"type":"block","angle":45},{"time":154.5,"type":"block","angle":135},{"time":156.25,"angle2":472.5,"angle":360,"type":"hold","duration":1},{"time":157.75,"type":"block","angle":258.75},{"time":158.25,"type":"block","angle":281.25},{"time":159.25,"type":"block","angle":236.25},{"time":159.75,"type":"block","angle":202.5},{"time":161.75,"type":"block","angle":45},{"time":160.25,"angle2":360,"angle":258.75,"type":"hold","duration":1},{"time":162.25,"type":"block","angle":360},{"time":163.25,"type":"block","angle":360},{"time":163.75,"type":"block","angle":22.5},{"time":164.25,"type":"block","angle":45},{"time":164.75,"type":"block","angle":67.5},{"time":165.25,"angle2":45,"angle":90,"type":"hold","duration":0.5},{"time":165.75,"angle2":0,"angle":45,"type":"hold","duration":0.5},{"time":166.25,"angle2":270,"angle":360,"type":"hold","duration":0.5},{"time":166.75,"angle2":180,"angle":270,"type":"hold","duration":0.5},{"time":167.25,"angle2":225,"angle":180,"type":"hold","duration":0.5},{"time":168.25,"type":"side","angle":303.75},{"time":168.75,"type":"block","angle":326.25},{"time":169.25,"type":"block","angle":360},{"time":169.75,"type":"block","angle":45},{"time":170.25,"type":"block","angle":360},{"time":170.75,"type":"block","angle":326.25},{"time":171.25,"type":"block","angle":281.25},{"time":171.75,"type":"block","angle":247.5},{"time":172.25,"angle2":202.5,"angle":225,"type":"hold","duration":0.5},{"time":172.75,"angle2":225,"angle":202.5,"type":"hold","duration":0.5},{"time":173.75,"type":"block","angle":168.75},{"time":174.25,"angle2":270,"angle":180,"type":"hold","duration":0.5},{"time":175.25,"type":"block","angle":281.25},{"time":175.75,"type":"block","angle":258.75},{"time":176.25,"type":"block","angle":292.5},{"time":176.75,"type":"block","angle":315},{"time":177.25,"type":"block","angle":337.5},{"time":177.75,"angle2":303.75,"angle":360,"type":"hold","duration":0.5},{"time":178.25,"angle2":258.75,"angle":303.75,"type":"hold","duration":0.5},{"time":179.25,"type":"block","angle":281.25},{"time":179.75,"type":"block","angle":225},{"time":180.25,"angle2":90,"angle":180,"type":"hold","duration":1},{"time":181.25,"angle2":0,"angle":90,"type":"hold","duration":1},{"time":182.25,"angle2":450,"angle":360,"type":"hold","duration":1},{"time":184.25,"type":"block","angle":90},{"time":186.25,"angle2":-45,"angle":45,"type":"hold","duration":1.5},{"time":188.75,"type":"block","angle":270},{"time":188.75,"type":"inverse","angle":258.75},{"time":189.25,"type":"inverse","angle":281.25},{"time":189.75,"type":"inverse","angle":303.75},{"time":190.25,"type":"inverse","angle":326.25},{"time":190.75,"type":"inverse","angle":348.75},{"time":187.75,"type":"inverse","angle":315},{"time":191.25,"type":"inverse","angle":11.25},{"time":191.75,"type":"inverse","angle":33.75},{"time":192.25,"type":"inverse","angle":56.25},{"time":193,"angle2":-11.25,"angle":45,"type":"hold","duration":0.5},{"time":194,"type":"block","angle":292.5},{"time":194.5,"type":"block","angle":348.75},{"time":195.25,"type":"block","angle":326.25},{"time":196,"angle2":348.75,"angle":303.75,"type":"hold","duration":0.5},{"time":196.5,"angle2":67.5,"angle":348.75,"type":"hold","duration":4},{"time":196.5,"type":"block","angle":157.5},{"time":197.5,"type":"block","angle":101.25},{"time":198.5,"type":"block","angle":45},{"time":199.5,"type":"block","angle":337.5},{"time":200.5,"type":"block","angle":258.75},{"time":201.25,"type":"block","angle":33.75},{"time":201.75,"type":"block","angle":0},{"time":203,"type":"block","angle":292.5},{"time":202.5,"type":"block","angle":326.25},{"time":203.5,"type":"block","angle":337.5},{"time":204.25,"angle2":753.75,"angle":348.75,"type":"hold","duration":5},{"time":204.25,"type":"block","angle":168.75},{"time":205.25,"type":"block","angle":281.25},{"time":206.25,"type":"block","angle":315},{"time":207.25,"type":"block","angle":45},{"time":208.25,"type":"block","angle":123.75},{"time":209.25,"type":"block","angle":225},{"time":209.75,"type":"side","angle":326.25},{"time":210.25,"angle2":247.5,"angle":326.25,"type":"hold","duration":0.5},{"time":211.25,"type":"block","angle":225},{"time":211.75,"type":"block","angle":236.25},{"time":212.25,"angle2":416.25,"angle":225,"type":"hold","duration":1.5},{"time":213.75,"angle2":33.75,"angle":56.25,"type":"hold","duration":0.5},{"time":214.25,"angle2":371.25,"angle":33.75,"type":"hold","duration":2.5},{"time":217.25,"type":"block","angle":348.75},{"time":217.75,"type":"block","angle":45},{"time":218.25,"type":"block","angle":101.25},{"time":218.75,"type":"block","angle":78.75},{"time":219.25,"type":"block","angle":45},{"time":219.75,"type":"block","angle":337.5},{"time":220.25,"angle2":146.25,"angle":292.5,"type":"hold","duration":1.5},{"time":222.5,"type":"block","angle":135},{"time":224.75,"angle2":-56.25,"angle":33.75,"type":"hold","duration":0.5},{"time":225.25,"angle2":270,"angle":303.75,"type":"hold","duration":0.5},{"time":225.75,"angle2":326.25,"angle":270,"type":"hold","duration":0.5},{"time":227,"type":"side","angle":45},{"time":227.75,"type":"side","angle":337.5},{"time":228.25,"angle2":382.5,"angle":11.25,"type":"hold","duration":5.25},{"time":228.25,"type":"inverse","angle":11.25},{"time":229.25,"type":"inverse","angle":90},{"time":230.25,"type":"inverse","angle":157.5},{"time":231.25,"type":"inverse","angle":213.75},{"time":232.25,"type":"inverse","angle":292.5},{"time":233.25,"type":"inverse","angle":0},{"time":234.25,"angle2":348.75,"angle":292.5,"holdEase":"inCubic","type":"hold","duration":1},{"time":236.25,"angle2":11.25,"angle":90,"type":"hold","duration":1},{"time":240.75,"angle2":337.5,"angle":360,"type":"hold","duration":0.5},{"time":241.75,"type":"block","angle":33.75},{"time":242.25,"type":"block","angle":90},{"time":242.75,"angle2":78.75,"angle":123.75,"type":"hold","duration":0.5},{"time":243.75,"type":"block","angle":22.5},{"time":244.25,"angle2":427.5,"angle":348.75,"type":"hold","duration":1},{"time":245.25,"angle2":-123.75,"angle":67.5,"type":"hold","duration":3.5},{"time":249.25,"type":"block","angle":191.25},{"time":249.75,"type":"block","angle":146.25},{"time":250.25,"type":"block","angle":191.25},{"time":250.75,"type":"block","angle":236.25},{"time":251.25,"angle2":303.75,"angle":270,"type":"hold","duration":0.5},{"time":252.25,"angle2":213.75,"angle":270,"type":"hold","duration":1},{"time":253.25,"angle2":-67.5,"angle":213.75,"type":"hold","duration":6},{"time":261,"type":"block","angle":281.25},{"time":260.5,"type":"block","angle":270},{"time":261.5,"type":"block","angle":56.25},{"time":262,"type":"block","angle":67.5},{"time":262.5,"type":"block","angle":292.5},{"time":263,"type":"block","angle":303.75},{"time":263.5,"type":"block","angle":78.75},{"time":264,"type":"block","angle":90},{"time":264.5,"type":"block","angle":315},{"time":265,"type":"block","angle":326.25},{"time":265.5,"type":"block","angle":101.25},{"time":266,"type":"block","angle":112.5},{"time":266.5,"type":"block","angle":337.5},{"time":267,"type":"block","angle":348.75},{"time":267.5,"type":"block","angle":123.75},{"time":268,"type":"block","angle":135},{"time":268.5,"angle2":78.75,"angle":33.75,"type":"hold","duration":0.5},{"time":269.5,"angle2":146.25,"angle":191.25,"type":"hold","duration":0.5},{"time":270.5,"angle2":78.75,"angle":33.75,"type":"hold","duration":0.5},{"time":271.5,"angle2":146.25,"angle":191.25,"type":"hold","duration":0.5},{"time":272.5,"angle2":78.75,"angle":33.75,"type":"hold","duration":0.5},{"time":273.5,"angle2":146.25,"angle":191.25,"type":"hold","duration":0.5},{"time":274.5,"angle2":78.75,"angle":33.75,"type":"hold","duration":0.5},{"time":275.5,"angle2":146.25,"angle":191.25,"type":"hold","duration":0.5},{"time":276.5,"type":"block","angle":157.5},{"time":277,"type":"block","angle":135},{"time":277.5,"type":"block","angle":67.5},{"time":278,"type":"block","angle":45},{"time":278.5,"type":"block","angle":337.5},{"time":279,"type":"block","angle":315},{"time":279.5,"type":"block","angle":247.5},{"time":280,"type":"block","angle":225},{"time":280.5,"type":"block","angle":157.5},{"time":281,"type":"block","angle":135},{"time":281.5,"type":"block","angle":67.5},{"time":282,"type":"block","angle":45},{"time":282.5,"type":"block","angle":337.5},{"time":283,"type":"block","angle":315},{"time":283.5,"type":"block","angle":247.5},{"time":284,"type":"block","angle":225},{"time":284.5,"type":"block","angle":202.5},{"time":285,"type":"block","angle":180},{"time":285.5,"angle2":0,"angle":180,"holdEase":"outQuad","type":"hold","duration":1},{"time":287,"type":"block","angle":360},{"time":287.5,"angle2":-180,"angle":0,"holdEase":"outQuad","type":"hold","duration":1},{"time":289,"type":"block","angle":180},{"time":289.5,"angle2":0,"angle":180,"holdEase":"outQuad","type":"hold","duration":1},{"time":291,"type":"block","angle":360},{"time":291.5,"angle2":180,"angle":360,"holdEase":"outQuad","type":"hold","duration":1},{"time":293.25,"type":"block","angle":157.5},{"time":295.75,"type":"block","angle":135},{"time":298.25,"type":"block","angle":236.25},{"time":299.25,"type":"block","angle":281.25},{"time":293.75,"angle2":225,"angle":191.25,"type":"hold","duration":0.5},{"time":294.25,"angle2":168.75,"angle":225,"type":"hold","duration":1},{"time":296.25,"angle2":146.25,"angle":90,"type":"hold","duration":0.75},{"time":297,"angle2":202.5,"angle":146.25,"type":"hold","duration":0.75},{"time":300,"angle2":202.5,"angle":303.75,"type":"hold","duration":0.5},{"time":301.25,"type":"block","angle":168.75},{"time":301.75,"type":"block","angle":146.25},{"time":302.5,"type":"block","angle":67.5},{"time":303.25,"type":"block","angle":45},{"time":303.75,"angle2":461.25,"angle":360,"type":"hold","duration":0.75},{"time":305.25,"type":"block","angle":146.25},{"time":305.75,"type":"block","angle":180},{"time":306.25,"type":"block","angle":213.75},{"time":307.25,"type":"block","angle":270},{"time":308.25,"angle2":281.25,"angle":337.5,"type":"hold","duration":0.75},{"time":309.75,"type":"block","angle":247.5},{"time":310.5,"type":"side","angle":180},{"time":311.25,"type":"block","angle":146.25},{"time":311.75,"angle2":112.5,"angle":168.75,"type":"hold","duration":0.75},{"time":312.5,"angle2":236.25,"angle":112.5,"type":"hold","duration":0.75},{"time":313.75,"type":"block","angle":281.25},{"time":314.25,"type":"side","angle":360},{"time":315,"type":"block","angle":45},{"time":316,"type":"block","angle":348.75},{"time":316.5,"type":"block","angle":56.25},{"time":317.25,"type":"block","angle":11.25},{"time":317.75,"type":"block","angle":56.25},{"time":318.25,"angle2":-11.25,"angle":101.25,"type":"hold","duration":1},{"time":319.75,"type":"side","angle":270},{"time":320.5,"type":"block","angle":225},{"time":321.25,"type":"block","angle":180},{"time":321.75,"type":"block","angle":213.75},{"time":322.25,"type":"block","angle":168.75},{"time":323,"type":"block","angle":180},{"time":323.75,"type":"block","angle":146.25},{"time":324.25,"angle2":56.25,"angle":123.75,"type":"hold","duration":1},{"time":325.75,"type":"block","angle":112.5},{"time":327,"type":"side","angle":360},{"time":327.5,"angle2":213.75,"angle":270,"type":"hold","duration":0.5},{"time":328.5,"type":"block","angle":270},{"time":329.25,"type":"block","angle":326.25},{"time":329.75,"type":"block","angle":281.25},{"time":330.75,"angle2":135,"angle":180,"type":"hold","duration":0.5},{"time":331.25,"angle2":213.75,"angle":135,"type":"hold","duration":0.5},{"time":332.25,"type":"block","angle":258.75},{"time":333,"type":"block","angle":281.25},{"time":333.75,"type":"block","angle":225},{"time":335,"angle2":348.75,"angle":303.75,"type":"hold","duration":0.5},{"time":335.5,"angle2":393.75,"angle":348.75,"type":"hold","duration":0.5},{"time":336,"angle2":90,"angle":33.75,"type":"hold","duration":0.5},{"time":337.25,"type":"side","angle":0},{"time":338,"type":"block","angle":315},{"time":339,"type":"block","angle":270},{"time":339.5,"type":"block","angle":225},{"time":340,"type":"block","angle":270},{"time":340.5,"angle2":360,"angle":303.75,"type":"hold","duration":0.5},{"time":341,"angle2":258.75,"angle":360,"type":"hold","duration":0.75},{"time":342.75,"type":"block","angle":90},{"time":343.25,"type":"block","angle":56.25},{"time":343.75,"type":"block","angle":360},{"time":344.25,"type":"block","angle":33.75},{"time":344.75,"angle2":-101.25,"angle":56.25,"type":"hold","duration":1},{"time":346.75,"type":"block","angle":168.75},{"time":347.25,"type":"block","angle":146.25},{"time":347.75,"type":"block","angle":123.75},{"time":348.25,"angle2":0,"angle":90,"type":"hold","duration":0.5},{"time":349.25,"angle2":360,"angle":270,"type":"hold","duration":0.5},{"time":349.75,"angle2":180,"angle":0,"type":"hold","duration":1.25},{"time":352.5,"type":"block","angle":180},{"time":353.25,"type":"block","angle":146.25},{"time":352,"type":"block","angle":180},{"time":354,"type":"side","angle":78.75},{"time":354.5,"angle2":596.25,"angle":360,"type":"hold","duration":1},{"time":356.25,"type":"block","angle":270},{"time":357.5,"type":"block","angle":270},{"time":358.5,"type":"block","angle":236.25},{"time":359.5,"type":"block","angle":157.5},{"time":363,"type":"block","angle":90},{"time":366.5,"type":"block","angle":146.25},{"time":370,"type":"block","angle":270},{"time":370.5,"angle2":337.5,"angle":270,"type":"hold","duration":1},{"time":371.5,"angle2":270,"endTap":true,"angle":337.5,"type":"hold","duration":1},{"time":373.5,"type":"block","angle":202.5},{"time":374.5,"type":"block","angle":303.75},{"time":375.5,"type":"block","angle":56.25},{"time":380.25,"angle":292.5,"tap":true,"type":"block"},{"time":383.25,"type":"block","angle":315},{"time":381.25,"type":"block","angle":225},{"time":383.75,"type":"block","angle":270},{"time":384.25,"angle":213.75,"tap":true,"type":"block"},{"time":388.25,"angle":270,"tap":true,"type":"block"},{"time":360.5,"angle2":405,"angle":326.25,"type":"hold","duration":1},{"time":361.5,"angle2":-11.25,"angle":45,"type":"hold","duration":0.5},{"time":364.25,"type":"extraTap","angle":135},{"time":365.5,"type":"side","angle":236.25},{"time":368,"angle2":-11.25,"angle":45,"type":"hold","duration":0.5},{"time":368.5,"angle2":405,"angle":348.75,"type":"hold","duration":1},{"time":376.5,"angle2":180,"angle":90,"type":"hold","duration":1},{"time":377.5,"angle2":225,"angle":180,"type":"hold","duration":0.5},{"time":378,"angle2":135,"angle":225,"type":"hold","duration":1},{"time":382.25,"type":"side","angle":303.75},{"time":384.75,"angle2":90,"angle":157.5,"type":"hold","duration":0.75},{"time":386.25,"angle2":-90,"angle":0,"type":"hold","duration":1.25},{"time":389.5,"type":"block","angle":270},{"time":390.5,"type":"block","angle":236.25},{"time":391.5,"type":"block","angle":202.5},{"time":392.5,"angle2":22.5,"angle":180,"type":"hold","duration":1},{"time":394,"type":"side","angle":270},{"time":395,"type":"side","angle":90},{"time":396.5,"type":"extraTap","angle":360},{"time":397.5,"type":"block","angle":33.75},{"time":398.5,"type":"block","angle":337.5},{"time":400,"angle2":348.75,"angle":270,"type":"hold","duration":0.5},{"time":400.5,"angle2":292.5,"angle":348.75,"type":"hold","duration":0.75},{"time":401.25,"angle2":213.75,"angle":292.5,"type":"hold","duration":0.75},{"time":402.5,"type":"side","angle":90},{"time":404.5,"type":"extraTap","angle":360},{"time":405.5,"type":"block","angle":236.25},{"time":406.5,"type":"block","angle":180},{"time":407.5,"angle2":146.25,"angle":56.25,"type":"hold","duration":1},{"time":409.5,"type":"side","angle":270},{"time":410,"type":"block","angle":326.25},{"time":411,"type":"block","angle":33.75},{"time":412.5,"type":"extraTap","angle":0},{"time":416.5,"type":"extraTap","angle":360},{"time":417,"type":"block","angle":11.25},{"time":417.5,"type":"block","angle":33.75},{"time":418,"type":"block","angle":56.25},{"time":418.5,"angle2":22.5,"angle":101.25,"type":"hold","duration":0.75},{"time":420,"type":"side","angle":270},{"time":420.5,"angle2":0,"angle":180,"type":"hold","duration":4.25},{"time":420.5,"type":"inverse","angle":180},{"time":421.5,"type":"inverse","angle":135},{"time":422.5,"type":"inverse","angle":101.25},{"time":423.5,"type":"inverse","angle":56.25},{"time":424.5,"type":"inverse","angle":11.25},{"time":425.25,"type":"side","angle":90},{"time":425.75,"type":"block","angle":146.25},{"time":426.25,"angle2":67.5,"angle":146.25,"type":"hold","duration":1},{"time":427.75,"type":"block","angle":11.25},{"time":428.25,"angle2":-135,"angle":315,"type":"hold","duration":5},{"time":428.25,"type":"inverse","angle":315},{"time":429.25,"type":"inverse","angle":225},{"time":430.25,"type":"inverse","angle":135},{"time":431.25,"type":"inverse","angle":45},{"time":432.25,"type":"inverse","angle":326.25},{"time":433.25,"type":"inverse","angle":225},{"time":433.75,"type":"block","angle":247.5},{"time":434.25,"type":"block","angle":281.25},{"time":434.75,"type":"block","angle":315},{"time":435.25,"angle2":247.5,"angle":303.75,"type":"hold","duration":0.5},{"time":435.75,"angle2":337.5,"angle":247.5,"type":"hold","duration":0.5},{"time":437.75,"type":"block","angle":67.5},{"time":438.25,"type":"block","angle":123.75},{"time":440.75,"type":"block","angle":292.5},{"time":441.25,"type":"block","angle":315},{"time":441.75,"type":"block","angle":348.75},{"time":442.25,"type":"side","angle":78.75},{"time":442.75,"angle2":101.25,"angle":168.75,"type":"hold","duration":0.5},{"time":443.75,"type":"block","angle":22.5},{"time":444.5,"angle2":382.5,"angle":315,"type":"hold","duration":1.25},{"time":445.75,"angle2":-90,"angle":22.5,"type":"hold","duration":0.75},{"time":448.75,"type":"block","angle":281.25},{"time":449.25,"type":"block","angle":337.5},{"time":449.75,"type":"block","angle":33.75},{"time":450.25,"type":"block","angle":337.5},{"time":451,"angle2":-67.5,"angle":11.25,"type":"hold","duration":0.75},{"time":452.25,"angle2":393.75,"angle":270,"type":"hold","duration":1},{"time":457.5,"type":"block","angle":348.75},{"time":458.25,"type":"block","angle":281.25},{"time":459.25,"type":"block","angle":225},{"time":460.25,"angle2":135,"angle":202.5,"type":"hold","duration":1},{"time":461.25,"angle2":360,"angle":135,"type":"hold","duration":3.5},{"time":465.25,"type":"block","angle":56.25},{"time":465.75,"type":"block","angle":22.5},{"time":466.25,"type":"block","angle":56.25},{"time":466.75,"type":"block","angle":33.75},{"time":467.25,"type":"block","angle":67.5},{"time":467.75,"angle2":-56.25,"angle":33.75,"type":"hold","duration":0.5},{"time":469.25,"type":"side","angle":90},{"time":472.75,"angle2":360,"angle":303.75,"type":"hold","duration":0.5},{"time":473.25,"angle2":416.25,"angle":360,"type":"hold","duration":0.5},{"time":473.75,"angle2":0,"angle":56.25,"type":"hold","duration":0.5},{"time":474.25,"angle2":315,"angle":360,"type":"hold","duration":0.5},{"time":475.25,"type":"block","angle":247.5},{"time":475.75,"type":"block","angle":225},{"time":476.25,"type":"side","angle":90},{"time":477.25,"type":"block","angle":0},{"time":485.25,"type":"block","angle":303.75},{"time":485.75,"type":"block","angle":292.5},{"time":487.25,"type":"block","angle":236.25},{"time":487.75,"type":"block","angle":213.75},{"time":489.25,"angle2":78.75,"angle":123.75,"type":"hold","duration":0.5},{"time":491.25,"type":"block","angle":337.5},{"time":491.75,"type":"block","angle":348.75},{"time":493.25,"type":"block","angle":292.5},{"time":493.75,"type":"block","angle":270},{"time":495.25,"type":"block","angle":56.25},{"time":495.75,"type":"block","angle":112.5},{"time":497.25,"type":"block","angle":135},{"time":497.75,"type":"block","angle":67.5},{"time":499.5,"type":"block","angle":123.75},{"time":500,"type":"block","angle":180},{"time":507.5,"type":"block","angle":56.25},{"time":508,"type":"block","angle":112.5},{"time":501.5,"angle2":0,"angle":56.25,"type":"hold","duration":0.5},{"time":503.5,"angle2":281.25,"angle":236.25,"type":"hold","duration":0.5},{"time":505.5,"type":"side","angle":247.5},{"time":506,"type":"side","angle":303.75},{"time":510.5,"angle2":303.75,"angle":247.5,"type":"hold","duration":2},{"time":514.5,"type":"side","angle":270},{"time":527,"angle2":-56.25,"angle":0,"type":"hold","duration":2},{"time":529,"angle2":427.5,"angle":303.75,"type":"hold","duration":7.75},{"time":537.75,"angle2":303.75,"angle":270,"holdEase":"inBack","type":"hold","duration":0.75},{"time":538.5,"angle2":-191.25,"angle":303.75,"type":"hold","duration":7.75},{"time":548.5,"angle2":-45,"angle":157.5,"type":"hold","duration":3.75},{"time":552.25,"angle2":393.75,"angle":315,"type":"hold","duration":1},{"time":553.25,"angle2":-101.25,"angle":33.75,"type":"hold","duration":2.75},{"time":557,"angle":303.75,"type":"block"},{"time":557.75,"angle":0,"type":"block"}]