[{"endAngle":213.75,"type":"mine","angle":270,"time":0.75,"speedMult":1.3999999761581},{"endAngle":146.25,"type":"mine","angle":56.25,"time":0.75,"speedMult":1.3999999761581},{"endAngle":123.75,"type":"mine","angle":45,"time":0.75,"speedMult":1.3999999761581},{"endAngle":236.25,"type":"mine","angle":202.5,"time":0.75,"speedMult":1.3999999761581},{"endAngle":348.75,"type":"block","angle":45,"time":0.75},{"endAngle":11.25,"type":"block","angle":303.75,"time":0.75},{"endAngle":0,"type":"block","angle":67.5,"time":0.75},{"endAngle":337.5,"type":"block","angle":247.5,"time":0.75},{"endAngle":22.5,"type":"block","angle":78.75,"time":0.75},{"type":"mine","angle":236.25,"speedMult":1.3999999761581,"time":1.5},{"type":"mine","angle":168.75,"speedMult":1.3999999761581,"time":1.5},{"type":"mine","angle":146.25,"speedMult":1.3999999761581,"time":1.5},{"type":"mine","angle":258.75,"speedMult":1.3999999761581,"time":1.5},{"time":1.5,"type":"block","angle":371.25},{"time":1.5,"type":"block","angle":33.75},{"time":1.5,"type":"block","angle":382.5},{"time":1.5,"type":"block","angle":360},{"time":1.5,"type":"block","angle":45},{"type":"mine","angle":236.25,"speedMult":1.3999999761581,"time":4.25},{"type":"mine","angle":168.75,"speedMult":1.3999999761581,"time":4.25},{"type":"mine","angle":146.25,"speedMult":1.3999999761581,"time":4.25},{"type":"mine","angle":258.75,"speedMult":1.3999999761581,"time":4.25},{"time":4.25,"type":"block","angle":371.25},{"time":4.25,"type":"block","angle":33.75},{"time":4.25,"type":"block","angle":382.5},{"time":4.25,"type":"block","angle":360},{"time":4.25,"type":"block","angle":45},{"type":"mine","angle":258.75,"speedMult":1.3999999761581,"time":4.75},{"type":"mine","angle":191.25,"speedMult":1.3999999761581,"time":4.75},{"type":"mine","angle":168.75,"speedMult":1.3999999761581,"time":4.75},{"type":"mine","angle":281.25,"speedMult":1.3999999761581,"time":4.75},{"time":4.75,"type":"block","angle":393.75},{"time":4.75,"type":"block","angle":56.25},{"time":4.75,"type":"block","angle":405},{"time":4.75,"type":"block","angle":382.5},{"time":4.75,"type":"block","angle":67.5},{"type":"mine","angle":213.75,"speedMult":1.3999999761581,"time":5.5},{"type":"mine","angle":146.25,"speedMult":1.3999999761581,"time":5.5},{"type":"mine","angle":123.75,"speedMult":1.3999999761581,"time":5.5},{"type":"mine","angle":236.25,"speedMult":1.3999999761581,"time":5.5},{"time":5.5,"type":"block","angle":348.75},{"time":5.5,"type":"block","angle":11.25},{"time":5.5,"type":"block","angle":360},{"time":5.5,"type":"block","angle":337.5},{"time":5.5,"type":"block","angle":22.5},{"type":"mine","angle":303.75,"speedMult":1.3999999761581,"time":4.75},{"type":"mine","angle":326.25,"speedMult":1.3999999761581,"time":4.75},{"type":"mine","angle":258.75,"speedMult":1.3999999761581,"time":5.5},{"type":"mine","angle":281.25,"speedMult":1.3999999761581,"time":5.5},{"type":"mine","angle":146.25,"speedMult":1.3999999761581,"time":4.75},{"type":"mine","angle":123.75,"speedMult":1.3999999761581,"time":4.75},{"type":"mine","angle":281.25,"speedMult":1.3999999761581,"time":4.25},{"type":"mine","angle":303.75,"speedMult":1.3999999761581,"time":4.25},{"type":"mine","angle":123.75,"speedMult":1.3999999761581,"time":4.25},{"type":"mine","angle":101.25,"speedMult":1.3999999761581,"time":4.25},{"endAngle":101.25,"type":"mine","angle":157.5,"time":0.75,"speedMult":1.3999999761581},{"endAngle":78.75,"type":"mine","angle":-90,"time":0.75,"speedMult":1.3999999761581},{"endAngle":258.75,"type":"mine","angle":180,"time":0.75,"speedMult":1.3999999761581},{"endAngle":281.25,"type":"mine","angle":348.75,"time":0.75,"speedMult":1.3999999761581},{"type":"mine","angle":281.25,"speedMult":1.3999999761581,"time":1.5},{"type":"mine","angle":303.75,"speedMult":1.3999999761581,"time":1.5},{"type":"mine","angle":123.75,"speedMult":1.3999999761581,"time":1.5},{"type":"mine","angle":101.25,"speedMult":1.3999999761581,"time":1.5},{"type":"mine","angle":101.25,"speedMult":1.3999999761581,"time":5.5},{"type":"mine","angle":78.75,"speedMult":1.3999999761581,"time":5.5},{"type":"mine","angle":303.75,"speedMult":1.3999999761581,"time":8.25},{"type":"mine","angle":236.25,"speedMult":1.3999999761581,"time":8.25},{"type":"mine","angle":213.75,"speedMult":1.3999999761581,"time":8.25},{"type":"mine","angle":326.25,"speedMult":1.3999999761581,"time":8.25},{"time":8.25,"type":"block","angle":438.75},{"time":8.25,"type":"block","angle":101.25},{"time":8.25,"type":"block","angle":450},{"time":8.25,"type":"block","angle":427.5},{"time":8.25,"type":"block","angle":112.5},{"type":"mine","angle":258.75,"speedMult":1.3999999761581,"time":8.75},{"type":"mine","angle":191.25,"speedMult":1.3999999761581,"time":8.75},{"type":"mine","angle":168.75,"speedMult":1.3999999761581,"time":8.75},{"type":"mine","angle":281.25,"speedMult":1.3999999761581,"time":8.75},{"time":8.75,"type":"block","angle":393.75},{"time":8.75,"type":"block","angle":56.25},{"time":8.75,"type":"block","angle":405},{"time":8.75,"type":"block","angle":382.5},{"time":8.75,"type":"block","angle":67.5},{"type":"mine","angle":213.75,"speedMult":1.3999999761581,"time":9.5},{"type":"mine","angle":146.25,"speedMult":1.3999999761581,"time":9.5},{"type":"mine","angle":123.75,"speedMult":1.3999999761581,"time":9.5},{"type":"mine","angle":236.25,"speedMult":1.3999999761581,"time":9.5},{"time":9.5,"type":"block","angle":348.75},{"time":9.5,"type":"block","angle":11.25},{"time":9.5,"type":"block","angle":360},{"time":9.5,"type":"block","angle":337.5},{"time":9.5,"type":"block","angle":22.5},{"type":"mine","angle":303.75,"speedMult":1.3999999761581,"time":8.75},{"type":"mine","angle":326.25,"speedMult":1.3999999761581,"time":8.75},{"type":"mine","angle":258.75,"speedMult":1.3999999761581,"time":9.5},{"type":"mine","angle":281.25,"speedMult":1.3999999761581,"time":9.5},{"type":"mine","angle":146.25,"speedMult":1.3999999761581,"time":8.75},{"type":"mine","angle":123.75,"speedMult":1.3999999761581,"time":8.75},{"type":"mine","angle":348.75,"speedMult":1.3999999761581,"time":8.25},{"type":"mine","angle":371.25,"speedMult":1.3999999761581,"time":8.25},{"type":"mine","angle":191.25,"speedMult":1.3999999761581,"time":8.25},{"type":"mine","angle":168.75,"speedMult":1.3999999761581,"time":8.25},{"type":"mine","angle":101.25,"speedMult":1.3999999761581,"time":9.5},{"type":"mine","angle":78.75,"speedMult":1.3999999761581,"time":9.5},{"type":"mine","angle":123.75,"speedMult":1.3999999761581,"time":12.25},{"type":"mine","angle":56.25,"speedMult":1.3999999761581,"time":12.25},{"type":"mine","angle":33.75,"speedMult":1.3999999761581,"time":12.25},{"type":"mine","angle":146.25,"speedMult":1.3999999761581,"time":12.25},{"time":12.25,"type":"block","angle":258.75},{"time":12.25,"type":"block","angle":-78.75},{"time":12.25,"type":"block","angle":270},{"time":12.25,"type":"block","angle":247.5},{"time":12.25,"type":"block","angle":-67.5},{"type":"mine","angle":90,"speedMult":1.3999999761581,"time":12.75},{"type":"mine","angle":22.5,"speedMult":1.3999999761581,"time":12.75},{"type":"mine","angle":0,"speedMult":1.3999999761581,"time":12.75},{"type":"mine","angle":112.5,"speedMult":1.3999999761581,"time":12.75},{"time":12.75,"type":"block","angle":225},{"time":12.75,"type":"block","angle":-112.5},{"time":12.75,"type":"block","angle":236.25},{"time":12.75,"type":"block","angle":213.75},{"time":12.75,"type":"block","angle":-101.25},{"type":"mine","angle":67.5,"speedMult":1.3999999761581,"time":13.5},{"type":"mine","angle":0,"speedMult":1.3999999761581,"time":13.5},{"type":"mine","angle":-22.5,"speedMult":1.3999999761581,"time":13.5},{"type":"mine","angle":90,"speedMult":1.3999999761581,"time":13.5},{"time":13.5,"type":"block","angle":202.5},{"time":13.5,"type":"block","angle":-135},{"time":13.5,"type":"block","angle":213.75},{"time":13.5,"type":"block","angle":191.25},{"time":13.5,"type":"block","angle":-123.75},{"type":"mine","angle":135,"speedMult":1.3999999761581,"time":12.75},{"type":"mine","angle":157.5,"speedMult":1.3999999761581,"time":12.75},{"type":"mine","angle":112.5,"speedMult":1.3999999761581,"time":13.5},{"type":"mine","angle":135,"speedMult":1.3999999761581,"time":13.5},{"type":"mine","angle":-22.5,"speedMult":1.3999999761581,"time":12.75},{"type":"mine","angle":-45,"speedMult":1.3999999761581,"time":12.75},{"type":"mine","angle":168.75,"speedMult":1.3999999761581,"time":12.25},{"type":"mine","angle":191.25,"speedMult":1.3999999761581,"time":12.25},{"type":"mine","angle":11.25,"speedMult":1.3999999761581,"time":12.25},{"type":"mine","angle":-11.25,"speedMult":1.3999999761581,"time":12.25},{"type":"mine","angle":-45,"speedMult":1.3999999761581,"time":13.5},{"type":"mine","angle":-67.5,"speedMult":1.3999999761581,"time":13.5},{"type":"mine","angle":112.5,"speedMult":1.3999999761581,"time":14.25},{"type":"mine","angle":45,"speedMult":1.3999999761581,"time":14.25},{"type":"mine","angle":22.5,"speedMult":1.3999999761581,"time":14.25},{"type":"mine","angle":135,"speedMult":1.3999999761581,"time":14.25},{"time":14.25,"type":"block","angle":247.5},{"time":14.25,"type":"block","angle":-90},{"time":14.25,"type":"block","angle":258.75},{"time":14.25,"type":"block","angle":236.25},{"time":14.25,"type":"block","angle":-78.75},{"type":"mine","angle":67.5,"speedMult":1.3999999761581,"time":14.75},{"type":"mine","angle":0,"speedMult":1.3999999761581,"time":14.75},{"type":"mine","angle":-22.5,"speedMult":1.3999999761581,"time":14.75},{"type":"mine","angle":90,"speedMult":1.3999999761581,"time":14.75},{"time":14.75,"type":"block","angle":202.5},{"time":14.75,"type":"block","angle":-135},{"time":14.75,"type":"block","angle":213.75},{"time":14.75,"type":"block","angle":191.25},{"time":14.75,"type":"block","angle":-123.75},{"type":"mine","angle":22.5,"speedMult":1.3999999761581,"time":15.5},{"type":"mine","angle":-45,"speedMult":1.3999999761581,"time":15.5},{"type":"mine","angle":-67.5,"speedMult":1.3999999761581,"time":15.5},{"type":"mine","angle":45,"speedMult":1.3999999761581,"time":15.5},{"time":15.5,"type":"block","angle":157.5},{"time":15.5,"type":"block","angle":-180},{"time":15.5,"type":"block","angle":168.75},{"time":15.5,"type":"block","angle":146.25},{"time":15.5,"type":"block","angle":-168.75},{"type":"mine","angle":112.5,"speedMult":1.3999999761581,"time":14.75},{"type":"mine","angle":135,"speedMult":1.3999999761581,"time":14.75},{"type":"mine","angle":67.5,"speedMult":1.3999999761581,"time":15.5},{"type":"mine","angle":90,"speedMult":1.3999999761581,"time":15.5},{"type":"mine","angle":-45,"speedMult":1.3999999761581,"time":14.75},{"type":"mine","angle":-67.5,"speedMult":1.3999999761581,"time":14.75},{"type":"mine","angle":157.5,"speedMult":1.3999999761581,"time":14.25},{"type":"mine","angle":180,"speedMult":1.3999999761581,"time":14.25},{"type":"mine","angle":0,"speedMult":1.3999999761581,"time":14.25},{"type":"mine","angle":-22.5,"speedMult":1.3999999761581,"time":14.25},{"type":"mine","angle":-90,"speedMult":1.3999999761581,"time":15.5},{"type":"mine","angle":-112.5,"speedMult":1.3999999761581,"time":15.5},{"duration":0.5,"type":"hold","angle":236.25,"angle2":191.25,"time":14.25},{"duration":0.5,"type":"hold","angle":281.25,"angle2":236.25,"time":14.25},{"duration":0.75,"type":"hold","angle":236.25,"angle2":191.25,"time":14.75},{"duration":0.75,"type":"hold","angle":191.25,"angle2":146.25,"time":14.75},{"type":"mine","angle":67.5,"speedMult":1.3999999761581,"time":16.25},{"type":"mine","angle":0,"speedMult":1.3999999761581,"time":16.25},{"type":"mine","angle":-22.5,"speedMult":1.3999999761581,"time":16.25},{"type":"mine","angle":90,"speedMult":1.3999999761581,"time":16.25},{"time":16.25,"type":"block","angle":202.5},{"time":16.25,"type":"block","angle":-135},{"time":16.25,"type":"block","angle":213.75},{"time":16.25,"type":"block","angle":191.25},{"time":16.25,"type":"block","angle":-123.75},{"type":"mine","angle":22.5,"speedMult":1.3999999761581,"time":16.75},{"type":"mine","angle":-45,"speedMult":1.3999999761581,"time":16.75},{"type":"mine","angle":-67.5,"speedMult":1.3999999761581,"time":16.75},{"type":"mine","angle":45,"speedMult":1.3999999761581,"time":16.75},{"time":16.75,"type":"block","angle":157.5},{"time":16.75,"type":"block","angle":-180},{"time":16.75,"type":"block","angle":168.75},{"time":16.75,"type":"block","angle":146.25},{"time":16.75,"type":"block","angle":-168.75},{"type":"mine","angle":-22.5,"speedMult":1.3999999761581,"time":17.5},{"type":"mine","angle":-90,"speedMult":1.3999999761581,"time":17.5},{"type":"mine","angle":-112.5,"speedMult":1.3999999761581,"time":17.5},{"type":"mine","angle":0,"speedMult":1.3999999761581,"time":17.5},{"time":17.5,"type":"block","angle":112.5},{"time":17.5,"type":"block","angle":-225},{"time":17.5,"type":"block","angle":123.75},{"time":17.5,"type":"block","angle":101.25},{"time":17.5,"type":"block","angle":-213.75},{"type":"mine","angle":67.5,"speedMult":1.3999999761581,"time":16.75},{"type":"mine","angle":90,"speedMult":1.3999999761581,"time":16.75},{"type":"mine","angle":22.5,"speedMult":1.3999999761581,"time":17.5},{"type":"mine","angle":45,"speedMult":1.3999999761581,"time":17.5},{"type":"mine","angle":-90,"speedMult":1.3999999761581,"time":16.75},{"type":"mine","angle":-112.5,"speedMult":1.3999999761581,"time":16.75},{"type":"mine","angle":112.5,"speedMult":1.3999999761581,"time":16.25},{"type":"mine","angle":135,"speedMult":1.3999999761581,"time":16.25},{"type":"mine","angle":-45,"speedMult":1.3999999761581,"time":16.25},{"type":"mine","angle":-67.5,"speedMult":1.3999999761581,"time":16.25},{"type":"mine","angle":-135,"speedMult":1.3999999761581,"time":17.5},{"type":"mine","angle":-157.5,"speedMult":1.3999999761581,"time":17.5},{"type":"mine","angle":67.5,"speedMult":1.3999999761581,"time":20.25},{"type":"mine","angle":0,"speedMult":1.3999999761581,"time":20.25},{"type":"mine","angle":-22.5,"speedMult":1.3999999761581,"time":20.25},{"type":"mine","angle":90,"speedMult":1.3999999761581,"time":20.25},{"time":20.25,"type":"block","angle":202.5},{"time":20.25,"type":"block","angle":236.25},{"type":"mine","angle":22.5,"speedMult":1.3999999761581,"time":20.75},{"type":"mine","angle":-45,"speedMult":1.3999999761581,"time":20.75},{"type":"mine","angle":-67.5,"speedMult":1.3999999761581,"time":20.75},{"type":"mine","angle":45,"speedMult":1.3999999761581,"time":20.75},{"time":20.75,"type":"block","angle":157.5},{"time":20.75,"type":"block","angle":-180},{"time":20.75,"type":"block","angle":168.75},{"time":20.75,"type":"block","angle":146.25},{"time":20.75,"type":"block","angle":-168.75},{"type":"mine","angle":-22.5,"speedMult":1.3999999761581,"time":21.5},{"type":"mine","angle":-90,"speedMult":1.3999999761581,"time":21.5},{"type":"mine","angle":-112.5,"speedMult":1.3999999761581,"time":21.5},{"type":"mine","angle":0,"speedMult":1.3999999761581,"time":21.5},{"time":21.5,"type":"block","angle":112.5},{"time":21.5,"type":"block","angle":-225},{"time":21.5,"type":"block","angle":123.75},{"time":21.5,"type":"block","angle":101.25},{"time":21.5,"type":"block","angle":-213.75},{"type":"mine","angle":67.5,"speedMult":1.3999999761581,"time":20.75},{"type":"mine","angle":90,"speedMult":1.3999999761581,"time":20.75},{"type":"mine","angle":22.5,"speedMult":1.3999999761581,"time":21.5},{"type":"mine","angle":45,"speedMult":1.3999999761581,"time":21.5},{"type":"mine","angle":-90,"speedMult":1.3999999761581,"time":20.75},{"type":"mine","angle":-112.5,"speedMult":1.3999999761581,"time":20.75},{"type":"mine","angle":112.5,"speedMult":1.3999999761581,"time":20.25},{"type":"mine","angle":135,"speedMult":1.3999999761581,"time":20.25},{"type":"mine","angle":-45,"speedMult":1.3999999761581,"time":20.25},{"type":"mine","angle":-67.5,"speedMult":1.3999999761581,"time":20.25},{"type":"mine","angle":-135,"speedMult":1.3999999761581,"time":21.5},{"type":"mine","angle":-157.5,"speedMult":1.3999999761581,"time":21.5},{"time":20.25,"type":"block","angle":213.75},{"time":20.25,"type":"block","angle":225},{"time":20.25,"type":"block","angle":247.5},{"type":"mine","angle":-90,"speedMult":1.3999999761581,"time":24.25},{"type":"mine","angle":-157.5,"speedMult":1.3999999761581,"time":24.25},{"type":"mine","angle":-180,"speedMult":1.3999999761581,"time":24.25},{"type":"mine","angle":-67.5,"speedMult":1.3999999761581,"time":24.25},{"time":24.25,"type":"block","angle":45},{"time":24.25,"type":"block","angle":-292.5},{"time":24.25,"type":"block","angle":56.25},{"time":24.25,"type":"block","angle":33.75},{"time":24.25,"type":"block","angle":-281.25},{"type":"mine","angle":-112.5,"speedMult":1.3999999761581,"time":24.75},{"type":"mine","angle":-180,"speedMult":1.3999999761581,"time":24.75},{"type":"mine","angle":-202.5,"speedMult":1.3999999761581,"time":24.75},{"type":"mine","angle":-90,"speedMult":1.3999999761581,"time":24.75},{"time":24.75,"type":"block","angle":22.5},{"time":24.75,"type":"block","angle":-315},{"time":24.75,"type":"block","angle":33.75},{"time":24.75,"type":"block","angle":11.25},{"time":24.75,"type":"block","angle":-303.75},{"type":"mine","angle":-180,"speedMult":1.3999999761581,"time":25.5},{"type":"mine","angle":-247.5,"speedMult":1.3999999761581,"time":25.5},{"type":"mine","angle":-270,"speedMult":1.3999999761581,"time":25.5},{"type":"mine","angle":-157.5,"speedMult":1.3999999761581,"time":25.5},{"time":25.5,"type":"block","angle":-45},{"time":25.5,"type":"block","angle":-382.5},{"time":25.5,"type":"block","angle":-33.75},{"time":25.5,"type":"block","angle":-56.25},{"time":25.5,"type":"block","angle":-371.25},{"type":"mine","angle":-67.5,"speedMult":1.3999999761581,"time":24.75},{"type":"mine","angle":-45,"speedMult":1.3999999761581,"time":24.75},{"type":"mine","angle":-135,"speedMult":1.3999999761581,"time":25.5},{"type":"mine","angle":-112.5,"speedMult":1.3999999761581,"time":25.5},{"type":"mine","angle":-225,"speedMult":1.3999999761581,"time":24.75},{"type":"mine","angle":-247.5,"speedMult":1.3999999761581,"time":24.75},{"type":"mine","angle":-45,"speedMult":1.3999999761581,"time":24.25},{"type":"mine","angle":-22.5,"speedMult":1.3999999761581,"time":24.25},{"type":"mine","angle":-202.5,"speedMult":1.3999999761581,"time":24.25},{"type":"mine","angle":-225,"speedMult":1.3999999761581,"time":24.25},{"type":"mine","angle":-292.5,"speedMult":1.3999999761581,"time":25.5},{"type":"mine","angle":-315,"speedMult":1.3999999761581,"time":25.5},{"time":28.25,"type":"block","angle":352.75939941406},{"time":29.5,"type":"block","angle":56},{"duration":1.25,"type":"mineHold","angle":11.25,"time":28.25,"speedMult":1.2000000476837,"angle2":78.75},{"time":28.25,"type":"block","angle":36},{"time":28.75,"type":"block","angle":60},{"time":28.75,"type":"block","angle":12},{"time":29.5,"type":"block","angle":96},{"time":30.25,"type":"block","angle":-619.75939941406},{"time":31.5,"type":"block","angle":36},{"duration":1.25,"type":"mineHold","angle":-278.25,"time":30.25,"angle2":-345.75,"speedMult":1.2000000476837},{"time":30.25,"type":"block","angle":-300.7518081665},{"time":30.75,"type":"block","angle":36},{"time":30.75,"type":"block","angle":72},{"time":31.5,"type":"block","angle":356},{"time":32.25,"type":"block","angle":352.75939941406},{"time":33.5,"type":"block","angle":60},{"duration":1.25,"type":"mineHold","angle":11.25,"time":32.25,"angle2":78.75,"speedMult":1.2000000476837},{"time":32.25,"type":"block","angle":33.751808166504},{"time":32.75,"type":"block","angle":56},{"time":32.75,"type":"block","angle":20},{"time":33.5,"type":"block","angle":96},{"duration":1.75,"type":"mineHold","angle":495,"angle2":540,"time":40.25},{"duration":1.75,"type":"mineHold","angle":247.5,"angle2":281.25,"time":40.25},{"duration":0.5,"type":"mineHold","angle":-56.25,"holdEase":"outCubic","time":40.5,"angle2":-67.5},{"duration":0.5,"type":"mineHold","angle":-33.75,"holdEase":"outCubic","time":40.5,"angle2":-22.5},{"duration":0,"type":"mineHold","angle":-56.25,"angle2":-33.75,"time":40.5},{"duration":0.5,"type":"mineHold","angle":-23.3508605957,"holdEase":"inSine","time":41.25,"angle2":-45},{"duration":0.75,"type":"mineHold","angle":-67.34909057617,"holdEase":"inQuad","time":41,"angle2":-45},{"duration":0,"type":"mineHold","angle":-24.40396118164,"angle2":-33.75,"time":41.25},{"duration":1.25,"type":"mineHold","angle":0,"angle2":33.75,"time":40.5},{"duration":1.25,"type":"mineHold","angle":56.25,"angle2":33.75,"time":40.5},{"duration":0,"type":"mineHold","angle":47,"angle2":11.25,"time":41},{"duration":0.5,"type":"mineHold","angle":106.72796630859,"angle2":109.11012268066,"time":40.5},{"duration":0.75,"type":"mineHold","angle":109.06561279297,"holdEase":"outBack","time":41,"angle2":93.064529418945},{"duration":0.75,"type":"mineHold","angle":109.98310852051,"holdEase":"outBack","time":41,"angle2":127.60598754883},{"duration":0,"type":"mineHold","angle":540.11032104492,"angle2":281.75352478027,"time":42},{"duration":1.75,"type":"mineHold","angle":348.75,"angle2":393.75,"time":36.25},{"duration":1.75,"type":"mineHold","angle":101.25,"angle2":135,"time":36.25},{"duration":0,"type":"mineHold","angle":393.86032104492,"angle2":135.50352478027,"time":38},{"duration":1,"type":"mineHold","angle":702.2096862793,"angle2":725.80377197266,"time":36.5},{"duration":1,"type":"mineHold","angle":676.05804443359,"angle2":701.61972045898,"time":36.5},{"duration":0.5,"type":"mineHold","angle":698.44418334961,"angle2":701.62945556641,"time":37},{"duration":0.5,"type":"mineHold","angle":700.70645141602,"angle2":724.72055053711,"time":37},{"duration":0,"type":"mineHold","angle":348.93881225586,"angle2":100.62229919434,"time":36.25},{"duration":1,"type":"mineHold","angle":663.51086425781,"angle2":681.34558105469,"time":36.5},{"duration":1,"type":"mineHold","angle":638.51159667969,"angle2":681.77737426758,"time":36.5},{"duration":0,"type":"mineHold","angle":661.14898681641,"angle2":672.35147094727,"time":37},{"duration":1,"type":"mineHold","angle":623.6360168457,"angle2":665.74557495117,"time":36.5},{"duration":0,"type":"mineHold","angle":623.77355957031,"angle2":609.28466796875,"time":36.5},{"duration":0,"type":"mineHold","angle":594.43255615234,"angle2":578.38008117676,"time":36.5},{"duration":1,"type":"mineHold","angle":594.77003479004,"angle2":642.72821044922,"time":36.5},{"duration":0,"type":"mineHold","angle":642.40112304688,"angle2":628.32135009766,"time":37.5},{"duration":0.25,"type":"mineHold","angle":605.6316986084,"angle2":628.73234558105,"time":37.25},{"duration":0.5,"type":"mineHold","angle":573.86422729492,"angle2":588.35415649414,"time":36.5},{"duration":1,"type":"mineHold","angle":552.15747070313,"angle2":595.97033691406,"time":36.5},{"duration":0,"type":"mineHold","angle":555.25,"angle2":574.80834960938,"time":37},{"duration":1,"type":"mineHold","angle":527.49945068359,"angle2":581.92926025391,"time":36.5},{"duration":1,"type":"mineHold","angle":506.23760986328,"angle2":572.33685302734,"time":36.5},{"duration":1,"type":"mineHold","angle":490.39024353027,"angle2":555.4801940918,"time":36.5},{"duration":0.5,"type":"mineHold","angle":473.16259765625,"angle2":521.76953125,"time":36.5},{"duration":0.5,"type":"mineHold","angle":522.06463623047,"angle2":531.7041015625,"time":37},{"time":36.25,"type":"block","angle":21.630886077881},{"time":36.25,"type":"block","angle":59.907482147217},{"time":36.75,"type":"block","angle":39.509517669678},{"time":36.75,"type":"block","angle":72.012664794922},{"time":37.5,"type":"block","angle":68.481391906738},{"time":37.5,"type":"block","angle":110.12673950195},{"duration":1.25,"type":"hold","angle":168.75,"holdEase":"inQuad","time":40.25,"angle2":202.5},{"duration":1.25,"type":"hold","angle":202.5,"holdEase":"inQuad","time":40.25,"angle2":236.25},{"duration":0.75,"type":"hold","angle":191.25,"holdEase":"outCubic","time":40.75,"angle2":202.5},{"duration":0.75,"type":"hold","angle":225,"holdEase":"outCubic","time":40.75,"angle2":236.25},{"time":44.25,"type":"extraTap","angle":225},{"time":44.75,"type":"extraTap","angle":225},{"time":45.5,"type":"extraTap","angle":225},{"time":46.25,"type":"extraTap","angle":225},{"time":44.25,"type":"block","angle":202.5},{"time":44.25,"type":"block","angle":247.5},{"time":44.75,"type":"block","angle":191.25},{"time":44.75,"type":"block","angle":168.75},{"time":45.5,"type":"block","angle":236.25},{"time":45.5,"type":"block","angle":213.75},{"time":45.5,"type":"block","angle":225},{"time":46.25,"type":"block","angle":101.25},{"time":46.25,"type":"block","angle":123.75},{"endAngle":348.75,"spinEase":"inQuad","angle":720,"time":46.5,"type":"mine","speedMult":1.4500000476837},{"endAngle":405,"spinEase":"inQuad","angle":33.75,"time":46.5,"type":"mine","speedMult":1.4500000476837},{"endAngle":258.75,"spinEase":"inQuad","angle":630,"time":46.5,"type":"mine","speedMult":1.4500000476837},{"endAngle":596.25,"spinEase":"inQuad","angle":213.75,"time":46.5,"type":"mine","speedMult":1.4500000476837},{"endAngle":78.75,"spinEase":"inQuad","angle":450,"time":46.5,"type":"mine","speedMult":1.4500000476837},{"endAngle":495,"spinEase":"inQuad","angle":123.75,"time":46.5,"type":"mine","speedMult":1.4500000476837},{"endAngle":180,"spinEase":"inQuad","angle":540,"time":46.5,"type":"mine","speedMult":1.4500000476837},{"endAngle":675,"spinEase":"inQuad","angle":303.75,"time":46.5,"type":"mine","speedMult":1.4500000476837},{"endAngle":360,"spinEase":"inQuad","angle":731.25,"time":46.75,"type":"mine","speedMult":1.4700000286102},{"endAngle":416.25,"spinEase":"inQuad","angle":45,"time":46.75,"type":"mine","speedMult":1.4700000286102},{"endAngle":270,"spinEase":"inQuad","angle":641.25,"time":46.75,"type":"mine","speedMult":1.4700000286102},{"endAngle":585,"spinEase":"inQuad","angle":225,"time":46.75,"type":"mine","speedMult":1.4700000286102},{"endAngle":90,"spinEase":"inQuad","angle":461.25,"time":46.75,"type":"mine","speedMult":1.4700000286102},{"endAngle":506.25,"spinEase":"inQuad","angle":135,"time":46.75,"type":"mine","speedMult":1.4700000286102},{"endAngle":168.75,"spinEase":"inQuad","angle":551.25,"time":46.75,"type":"mine","speedMult":1.4700000286102},{"endAngle":686.25,"spinEase":"inQuad","angle":315,"time":46.75,"type":"mine","speedMult":1.4700000286102},{"endAngle":371.25,"spinEase":"inQuad","angle":742.5,"time":47,"type":"mine","speedMult":1.5},{"endAngle":427.5,"spinEase":"inQuad","angle":56.25,"time":47,"type":"mine","speedMult":1.5},{"endAngle":281.25,"spinEase":"inQuad","angle":652.5,"time":47,"type":"mine","speedMult":1.5},{"endAngle":607.5,"spinEase":"inQuad","angle":236.25,"time":47,"type":"mine","speedMult":1.5},{"endAngle":101.25,"spinEase":"inQuad","angle":472.5,"time":47,"type":"mine","speedMult":1.5},{"endAngle":517.5,"spinEase":"inQuad","angle":146.25,"time":47,"type":"mine","speedMult":1.5},{"endAngle":191.25,"spinEase":"inQuad","angle":562.5,"time":47,"type":"mine","speedMult":1.5},{"endAngle":697.5,"spinEase":"inQuad","angle":326.25,"time":47,"type":"mine","speedMult":1.5},{"endAngle":348.75,"spinEase":"inQuad","angle":731.25,"time":47.25,"type":"mine","speedMult":1.5499999523163},{"endAngle":405,"spinEase":"inQuad","angle":45,"time":47.25,"type":"mine","speedMult":1.5499999523163},{"endAngle":258.75,"spinEase":"inQuad","angle":641.25,"time":47.25,"type":"mine","speedMult":1.5499999523163},{"endAngle":585,"spinEase":"inQuad","angle":225,"time":47.25,"type":"mine","speedMult":1.5499999523163},{"endAngle":78.75,"spinEase":"inQuad","angle":461.25,"time":47.25,"type":"mine","speedMult":1.5499999523163},{"endAngle":495,"spinEase":"inQuad","angle":135,"time":47.25,"type":"mine","speedMult":1.5499999523163},{"endAngle":168.75,"spinEase":"inQuad","angle":551.25,"time":47.25,"type":"mine","speedMult":1.5499999523163},{"endAngle":675,"spinEase":"inQuad","angle":315,"time":47.25,"type":"mine","speedMult":1.5499999523163},{"endAngle":348.75,"spinEase":"inQuad","angle":720,"time":47.5,"type":"mine","speedMult":1.6000000238419},{"endAngle":405,"spinEase":"inQuad","angle":33.75,"time":47.5,"type":"mine","speedMult":1.6000000238419},{"endAngle":258.75,"spinEase":"inQuad","angle":630,"time":47.5,"type":"mine","speedMult":1.6000000238419},{"endAngle":585,"spinEase":"inQuad","angle":213.75,"time":47.5,"type":"mine","speedMult":1.6000000238419},{"endAngle":78.75,"spinEase":"inQuad","angle":450,"time":47.5,"type":"mine","speedMult":1.6000000238419},{"endAngle":495,"spinEase":"inQuad","angle":123.75,"time":47.5,"type":"mine","speedMult":1.6000000238419},{"endAngle":168.75,"spinEase":"inQuad","angle":540,"time":47.5,"type":"mine","speedMult":1.6000000238419},{"endAngle":675,"spinEase":"inQuad","angle":303.75,"time":47.5,"type":"mine","speedMult":1.6000000238419},{"endAngle":348.75,"spinEase":"inQuad","angle":742.5,"time":47.75,"type":"mine","speedMult":1.6499998569489},{"endAngle":405,"spinEase":"inQuad","angle":56.25,"time":47.75,"type":"mine","speedMult":1.6499998569489},{"endAngle":258.75,"spinEase":"inQuad","angle":652.5,"time":47.75,"type":"mine","speedMult":1.6499998569489},{"endAngle":585,"spinEase":"inQuad","angle":236.25,"time":47.75,"type":"mine","speedMult":1.6499998569489},{"endAngle":78.75,"spinEase":"inQuad","angle":472.5,"time":47.75,"type":"mine","speedMult":1.6499998569489},{"endAngle":495,"spinEase":"inQuad","angle":146.25,"time":47.75,"type":"mine","speedMult":1.6499998569489},{"endAngle":168.75,"spinEase":"inQuad","angle":562.5,"time":47.75,"type":"mine","speedMult":1.6499998569489},{"endAngle":675,"spinEase":"inQuad","angle":326.25,"time":47.75,"type":"mine","speedMult":1.6499998569489},{"endAngle":348.75,"spinEase":"inQuad","angle":697.5,"time":48,"type":"mine","speedMult":1.6499998569489},{"endAngle":405,"spinEase":"inQuad","angle":11.25,"time":48,"type":"mine","speedMult":1.6499998569489},{"endAngle":258.75,"spinEase":"inQuad","angle":607.5,"time":48,"type":"mine","speedMult":1.6499998569489},{"endAngle":585,"spinEase":"inQuad","angle":191.25,"time":48,"type":"mine","speedMult":1.6499998569489},{"endAngle":78.75,"spinEase":"inQuad","angle":427.5,"time":48,"type":"mine","speedMult":1.6499998569489},{"endAngle":495,"spinEase":"inQuad","angle":101.25,"time":48,"type":"mine","speedMult":1.6499998569489},{"endAngle":168.75,"spinEase":"inQuad","angle":517.5,"time":48,"type":"mine","speedMult":1.6499998569489},{"endAngle":675,"spinEase":"inQuad","angle":281.25,"time":48,"type":"mine","speedMult":1.6499998569489},{"duration":1,"type":"hold","angle":360,"holdEase":"inOutCubic","time":48.5,"angle2":382.5},{"duration":1,"type":"hold","angle":22.5,"angle2":11.25,"time":48.5},{"duration":1,"type":"hold","angle":303.75,"holdEase":"inOutBack","time":50.75,"angle2":337.5},{"duration":0.5,"type":"hold","angle":326.25,"angle2":326.25,"time":51.25},{"duration":1,"type":"mineHold","angle":112.5,"holdEase":"outQuad","time":50.75,"angle2":67.5},{"duration":1,"type":"mineHold","angle":56.25,"holdEase":"inBack","time":50.75,"angle2":146.25},{"duration":1,"type":"mineHold","angle":-202.5,"holdEase":"outQuad","time":50.75,"angle2":-157.5},{"duration":1,"type":"mineHold","angle":-146.25,"holdEase":"inBack","time":50.75,"angle2":-236.25},{"duration":1,"type":"hold","angle":258.75,"holdEase":"inQuint","time":52.75,"angle2":225},{"time":54.25,"type":"block","angle":270},{"time":54.25,"type":"block","angle":281.25},{"time":54.25,"type":"block","angle":292.5},{"time":54.75,"type":"block","angle":303.75},{"time":54.75,"type":"block","angle":315},{"time":54.75,"type":"block","angle":326.25},{"time":55.25,"type":"block","angle":315},{"time":55.25,"type":"block","angle":303.75},{"time":55.25,"type":"block","angle":326.25},{"time":55.75,"type":"block","angle":360},{"time":55.75,"type":"block","angle":348.75},{"time":55.75,"type":"block","angle":11.25},{"time":54.25,"type":"block","angle":275.71060180664},{"time":54.25,"type":"block","angle":287.26788330078},{"time":54.75,"type":"block","angle":310.44458007813},{"time":54.75,"type":"block","angle":320.35897827148},{"time":55.25,"type":"block","angle":309.27517700195},{"time":55.25,"type":"block","angle":320.84085083008},{"time":55.75,"type":"block","angle":6.0191502571106},{"time":55.75,"type":"block","angle":353.91925048828},{"time":56.25,"type":"block","angle":45},{"time":56.75,"type":"block","angle":33.75},{"time":56.75,"type":"block","angle":45},{"time":56.75,"type":"block","angle":56.25},{"duration":1,"type":"hold","angle":45,"holdEase":"outQuint","time":56.75,"angle2":0},{"duration":1,"type":"hold","angle":33.75,"holdEase":"outQuad","time":56.75,"angle2":11.25},{"duration":1,"type":"hold","angle":416.25,"holdEase":"outQuad","time":56.75,"angle2":348.75},{"time":57.25,"type":"block","angle":0},{"time":57.25,"type":"block","angle":11.25},{"time":58.75,"type":"block","angle":22.5},{"time":58.75,"type":"block","angle":33.75},{"time":58.75,"type":"block","angle":45},{"time":59.75,"type":"block","angle":22.5},{"time":59.75,"type":"block","angle":33.75},{"time":59.75,"type":"block","angle":11.25},{"duration":1,"type":"hold","angle":393.75,"angle2":382.5,"time":58.75},{"duration":0,"type":"hold","angle":11.25,"angle2":11.25,"time":59.25},{"duration":0,"type":"hold","angle":45,"angle2":45,"time":59.25},{"time":60.75,"type":"block","angle":90},{"time":60.75,"type":"block","angle":112.5},{"time":60.75,"type":"inverse","angle":112.5},{"time":60.75,"type":"inverse","angle":90},{"time":60.75,"type":"block","angle":101.25},{"time":60.5,"type":"block","angle":101.25},{"time":62.25,"type":"block","angle":213.75},{"time":62.75,"type":"block","angle":112.5},{"time":63.25,"type":"block","angle":337.5},{"time":63.75,"type":"block","angle":22.5},{"time":62.25,"type":"block","angle":202.5},{"time":62.75,"type":"block","angle":101.25},{"time":63.25,"type":"block","angle":326.25},{"time":63.75,"type":"block","angle":33.75},{"time":64.25,"type":"block","angle":0},{"time":64.25,"type":"block","angle":348.75},{"time":64.25,"type":"block","angle":11.25},{"time":64.25,"type":"block","angle":22.5},{"time":64.25,"type":"block","angle":337.5},{"duration":1,"type":"hold","angle":0,"angle2":22.5,"time":64.75},{"duration":1,"type":"hold","angle":360,"angle2":337.5,"time":64.75},{"duration":0.5,"type":"hold","angle":360,"angle2":382.5,"time":65.25},{"duration":0.5,"type":"hold","angle":360,"angle2":337.5,"time":65.25},{"duration":1,"type":"hold","angle":360,"holdEase":"outQuint","time":64.75,"angle2":337.5},{"duration":1,"type":"hold","angle":0,"holdEase":"outQuint","time":64.75,"angle2":22.5},{"duration":1,"type":"hold","angle":56.25,"angle2":78.75,"time":66.75},{"duration":1,"type":"hold","angle":416.25,"angle2":393.75,"time":66.75},{"duration":0.5,"type":"hold","angle":416.25,"angle2":438.75,"time":67.25},{"duration":0.5,"type":"hold","angle":416.25,"angle2":393.75,"time":67.25},{"duration":1,"type":"hold","angle":416.25,"holdEase":"outQuint","time":66.75,"angle2":393.75},{"duration":1,"type":"hold","angle":56.25,"holdEase":"outQuint","time":66.75,"angle2":78.75},{"duration":1,"type":"hold","angle":-135,"angle2":-112.5,"time":68.75},{"duration":1,"type":"hold","angle":225,"angle2":202.5,"time":68.75},{"duration":0.5,"type":"hold","angle":225,"angle2":247.5,"time":69.25},{"duration":0.5,"type":"hold","angle":225,"angle2":202.5,"time":69.25},{"duration":1,"type":"hold","angle":225,"holdEase":"outQuint","time":68.75,"angle2":202.5},{"duration":1,"type":"hold","angle":-135,"holdEase":"outQuint","time":68.75,"angle2":-112.5},{"time":70.25,"type":"block","angle":337.5},{"time":70.75,"type":"block","angle":191.25},{"time":71.25,"type":"block","angle":45},{"time":71.75,"type":"block","angle":202.5},{"duration":0.5,"type":"hold","angle":337.5,"holdEase":"outQuad","time":70.25,"angle2":191.25},{"duration":0.5,"type":"hold","angle":45,"holdEase":"outQuad","time":71.25,"angle2":202.5},{"duration":0.5,"type":"hold","angle":180,"angle2":180,"time":72.25},{"duration":0.5,"type":"hold","angle":191.25,"angle2":191.25,"time":72.75},{"duration":0.5,"type":"hold","angle":168.75,"angle2":168.75,"time":72.75},{"duration":0.25,"type":"hold","angle":180,"angle2":180,"time":73},{"duration":0.5,"type":"hold","angle":360,"angle2":360,"time":74.75},{"duration":0.5,"type":"hold","angle":371.25,"angle2":371.25,"time":75.25},{"duration":0.5,"type":"hold","angle":348.75,"angle2":348.75,"time":75.25},{"duration":0.25,"type":"hold","angle":360,"angle2":360,"time":75.5},{"duration":0.5,"type":"hold","angle":180,"holdEase":"outCirc","time":76.75,"angle2":202.5},{"duration":0.5,"type":"hold","angle":180,"holdEase":"outCirc","time":76.75,"angle2":157.5},{"duration":0.25,"type":"hold","angle":180,"angle2":202.5,"time":77},{"duration":0.25,"type":"hold","angle":180,"angle2":157.5,"time":77},{"duration":0.25,"type":"hold","angle":180,"angle2":180,"time":76.75},{"time":78.25,"type":"block","angle":135},{"time":78.75,"type":"block","angle":0},{"time":79.25,"type":"block","angle":225},{"time":79.75,"type":"block","angle":45},{"time":80.25,"type":"block","angle":202.5},{"time":80.25,"type":"block","angle":180},{"time":80.25,"type":"block","angle":180},{"time":80.25,"type":"block","angle":157.5},{"time":80.75,"type":"block","angle":180},{"time":81.25,"type":"block","angle":180},{"duration":0.5,"type":"hold","angle":202.5,"angle2":157.5,"time":80.75},{"duration":0.5,"type":"hold","angle":157.5,"angle2":202.5,"time":80.75},{"duration":0.5,"type":"hold","angle":45,"angle2":67.5,"time":82.75},{"duration":0.5,"type":"hold","angle":67.5,"angle2":45,"time":82.75},{"duration":0,"type":"hold","angle":56.25,"angle2":56.25,"time":83},{"duration":0.5,"type":"hold","angle":292.5,"holdEase":"outCirc","time":84.75,"angle2":303.75},{"duration":0.25,"type":"hold","angle":303.75,"holdEase":"outQuint","time":85,"angle2":292.5},{"time":86.25,"type":"block","angle":0},{"time":86.75,"type":"side","angle":315},{"time":87.25,"type":"block","angle":281.25},{"time":87.75,"type":"side","angle":247.5},{"time":88.25,"type":"block","angle":225},{"duration":4,"type":"hold","angle":180,"holdEase":"linear","time":88.75,"angle2":112.5},{"duration":0.5,"type":"hold","angle":170.68640136719,"holdEase":"inElastic","time":89.25,"angle2":197.35401916504},{"duration":0.5,"type":"hold","angle":179.64849853516,"holdEase":"inElastic","time":88.75,"angle2":202.02851867676},{"duration":0.5,"type":"hold","angle":161.79608154297,"holdEase":"inElastic","time":89.75,"angle2":140.95478820801},{"duration":0.5,"type":"hold","angle":153.61761474609,"holdEase":"inElastic","time":90.25,"angle2":133.7349395752},{"duration":0.5,"type":"hold","angle":144.98065185547,"holdEase":"inElastic","time":90.75,"angle2":156.81802368164},{"duration":0.5,"type":"hold","angle":137.98951721191,"holdEase":"inElastic","time":91.25,"angle2":152.22216796875},{"duration":0.5,"type":"hold","angle":128.98014831543,"holdEase":"inElastic","time":91.75,"angle2":102.18829345703},{"duration":0.5,"type":"hold","angle":120.47359466553,"holdEase":"inElastic","time":92.25,"angle2":100.93127441406},{"time":92.75,"type":"inverse","angle":165},{"time":92.75,"type":"inverse","angle":150},{"time":93.25,"type":"inverse","angle":180},{"time":93.25,"type":"inverse","angle":168.75},{"time":94.25,"type":"inverse","angle":191.25},{"time":94.25,"type":"inverse","angle":180},{"time":93.75,"type":"inverse","angle":157.5},{"time":93.75,"type":"inverse","angle":146.25},{"time":94.75,"type":"inverse","angle":180},{"time":94.75,"type":"inverse","angle":168.75},{"time":94.75,"type":"inverse","angle":157.5},{"duration":0.5,"type":"hold","angle":157.5,"angle2":180,"time":94.75},{"duration":0.5,"type":"hold","angle":180,"angle2":168.75,"time":94.75},{"time":95.75,"type":"block","angle":180},{"time":96,"type":"block","angle":191.25},{"time":96,"type":"block","angle":168.75},{"time":96.25,"type":"block","angle":180},{"time":96.75,"type":"mine","angle":236.25},{"time":96.75,"type":"mine","angle":247.5},{"time":96.75,"type":"mine","angle":270},{"time":96.75,"type":"mine","angle":258.75},{"time":96.75,"type":"mine","angle":281.25},{"time":96.75,"type":"mine","angle":292.5},{"time":96.75,"type":"mine","angle":303.75},{"time":96.75,"type":"mine","angle":315},{"time":96.75,"type":"mine","angle":326.25},{"time":96.75,"type":"mine","angle":337.5},{"time":96.75,"type":"mine","angle":348.75},{"time":96.75,"type":"mine","angle":11.25},{"time":96.75,"type":"mine","angle":360},{"time":96.75,"type":"mine","angle":22.5},{"time":96.75,"type":"mine","angle":33.75},{"time":96.75,"type":"mine","angle":45},{"time":96.75,"type":"mine","angle":56.25},{"time":96.75,"type":"mine","angle":67.5},{"time":96.75,"type":"mine","angle":78.75},{"time":96.75,"type":"mine","angle":90},{"time":96.75,"type":"mine","angle":101.25},{"time":96.75,"type":"mine","angle":112.5},{"time":96.75,"type":"mine","angle":123.75},{"time":96.75,"type":"mine","angle":135},{"time":96.75,"type":"mine","angle":146.25},{"time":97.5,"type":"mine","angle":247.5},{"time":97.5,"type":"mine","angle":258.75},{"time":97.5,"type":"mine","angle":281.25},{"time":97.5,"type":"mine","angle":270},{"time":97.5,"type":"mine","angle":292.5},{"time":97.5,"type":"mine","angle":303.75},{"time":97.5,"type":"mine","angle":315},{"time":97.5,"type":"mine","angle":326.25},{"time":97.5,"type":"mine","angle":337.5},{"time":97.5,"type":"mine","angle":348.75},{"time":97.5,"type":"mine","angle":360},{"time":97.5,"type":"mine","angle":22.5},{"time":97.5,"type":"mine","angle":371.25},{"time":97.5,"type":"mine","angle":33.75},{"time":97.5,"type":"mine","angle":45},{"time":97.5,"type":"mine","angle":56.25},{"time":97.5,"type":"mine","angle":67.5},{"time":97.5,"type":"mine","angle":78.75},{"time":97.5,"type":"mine","angle":90},{"time":97.5,"type":"mine","angle":101.25},{"time":97.5,"type":"mine","angle":112.5},{"time":97.5,"type":"mine","angle":123.75},{"time":97.5,"type":"mine","angle":135},{"time":97.5,"type":"mine","angle":146.25},{"time":97.5,"type":"mine","angle":157.5},{"time":97.75,"type":"mine","angle":225},{"time":97.75,"type":"mine","angle":236.25},{"time":97.75,"type":"mine","angle":258.75},{"time":97.75,"type":"mine","angle":247.5},{"time":97.75,"type":"mine","angle":270},{"time":97.75,"type":"mine","angle":281.25},{"time":97.75,"type":"mine","angle":292.5},{"time":97.75,"type":"mine","angle":303.75},{"time":97.75,"type":"mine","angle":315},{"time":97.75,"type":"mine","angle":326.25},{"time":97.75,"type":"mine","angle":337.5},{"time":97.75,"type":"mine","angle":0},{"time":97.75,"type":"mine","angle":348.75},{"time":97.75,"type":"mine","angle":11.25},{"time":97.75,"type":"mine","angle":22.5},{"time":97.75,"type":"mine","angle":33.75},{"time":97.75,"type":"mine","angle":45},{"time":97.75,"type":"mine","angle":56.25},{"time":97.75,"type":"mine","angle":67.5},{"time":97.75,"type":"mine","angle":78.75},{"time":97.75,"type":"mine","angle":90},{"time":97.75,"type":"mine","angle":101.25},{"time":97.75,"type":"mine","angle":112.5},{"time":97.75,"type":"mine","angle":123.75},{"time":97.75,"type":"mine","angle":135},{"time":98.25,"type":"mine","angle":236.25},{"time":98.25,"type":"mine","angle":247.5},{"time":98.25,"type":"mine","angle":270},{"time":98.25,"type":"mine","angle":258.75},{"time":98.25,"type":"mine","angle":281.25},{"time":98.25,"type":"mine","angle":292.5},{"time":98.25,"type":"mine","angle":303.75},{"time":98.25,"type":"mine","angle":315},{"time":98.25,"type":"mine","angle":326.25},{"time":98.25,"type":"mine","angle":337.5},{"time":98.25,"type":"mine","angle":348.75},{"time":98.25,"type":"mine","angle":11.25},{"time":98.25,"type":"mine","angle":360},{"time":98.25,"type":"mine","angle":22.5},{"time":98.25,"type":"mine","angle":33.75},{"time":98.25,"type":"mine","angle":45},{"time":98.25,"type":"mine","angle":56.25},{"time":98.25,"type":"mine","angle":67.5},{"time":98.25,"type":"mine","angle":78.75},{"time":98.25,"type":"mine","angle":90},{"time":98.25,"type":"mine","angle":101.25},{"time":98.25,"type":"mine","angle":112.5},{"time":98.25,"type":"mine","angle":123.75},{"time":98.25,"type":"mine","angle":135},{"time":98.25,"type":"mine","angle":146.25},{"time":98.5,"type":"mine","angle":258.75},{"time":98.5,"type":"mine","angle":270},{"time":98.5,"type":"mine","angle":292.5},{"time":98.5,"type":"mine","angle":281.25},{"time":98.5,"type":"mine","angle":303.75},{"time":98.5,"type":"mine","angle":315},{"time":98.5,"type":"mine","angle":326.25},{"time":98.5,"type":"mine","angle":337.5},{"time":98.5,"type":"mine","angle":348.75},{"time":98.5,"type":"mine","angle":360},{"time":98.5,"type":"mine","angle":371.25},{"time":98.5,"type":"mine","angle":33.75},{"time":98.5,"type":"mine","angle":382.5},{"time":98.5,"type":"mine","angle":45},{"time":98.5,"type":"mine","angle":56.25},{"time":98.5,"type":"mine","angle":67.5},{"time":98.5,"type":"mine","angle":78.75},{"time":98.5,"type":"mine","angle":90},{"time":98.5,"type":"mine","angle":101.25},{"time":98.5,"type":"mine","angle":112.5},{"time":98.5,"type":"mine","angle":123.75},{"time":98.5,"type":"mine","angle":135},{"time":98.5,"type":"mine","angle":146.25},{"time":98.5,"type":"mine","angle":157.5},{"time":98.5,"type":"mine","angle":168.75},{"time":99,"type":"block","angle":191.25},{"time":99,"type":"block","angle":180},{"time":99,"type":"block","angle":202.5},{"time":99.25,"type":"block","angle":191.25},{"time":99.5,"type":"block","angle":191.25},{"time":99.5,"type":"block","angle":180},{"time":99.5,"type":"block","angle":168.75},{"time":99.75,"type":"block","angle":180},{"time":100.25,"type":"block","angle":191.25},{"type":"block","angle":180,"time":100.25,"tap":true},{"type":"block","angle":168.75,"time":100.25,"tap":true},{"time":100.25,"type":"block","angle":157.5},{"duration":1,"type":"hold","angle":174.375,"holdEase":"inCirc","time":100.75,"angle2":123.75},{"duration":0.25,"type":"hold","angle":151.875,"holdEase":"inElastic","speedMult":3,"angle2":118.125,"time":101.25},{"duration":1.5,"type":"hold","angle":-163.125,"holdEase":"inCirc","time":102.75,"angle2":-112.5},{"duration":0.75,"type":"hold","angle":-140.625,"holdEase":"inElastic","angle2":-123.75,"speedMult":3,"time":103.25},{"time":103.75,"type":"block","angle":225},{"time":104.75,"type":"block","angle":180},{"type":"block","angle":177.1875,"time":105.25,"tap":true},{"time":105.75,"type":"block","angle":90},{"duration":1,"type":"hold","angle":180,"holdEase":"inQuint","time":104.75,"angle2":90},{"time":106.75,"type":"block","angle":0},{"type":"block","angle":-2.8125,"time":107.25,"tap":true},{"time":107.75,"type":"block","angle":-90},{"duration":1,"type":"hold","angle":0,"holdEase":"inQuint","time":106.75,"angle2":-90},{"duration":1,"type":"mineHold","angle":360,"holdEase":"inQuint","angle2":270,"speedMult":2,"time":104.75},{"duration":1,"type":"mineHold","angle":450,"holdEase":"inExpo","time":104.75,"angle2":360,"speedMult":2},{"duration":1,"type":"mineHold","angle":270,"holdEase":"inExpo","angle2":180,"speedMult":2,"time":104.75},{"duration":1,"type":"mineHold","angle":180,"holdEase":"inQuint","speedMult":2,"angle2":90,"time":106.75},{"duration":1,"type":"mineHold","angle":270,"holdEase":"inExpo","angle2":180,"speedMult":2,"time":106.75},{"duration":1,"type":"mineHold","angle":90,"holdEase":"inExpo","time":106.75,"angle2":0,"speedMult":2},{"duration":0,"type":"mineHold","angle":-22.5,"angle2":213.75,"time":108.25},{"time":108.75,"type":"block","angle":326.25},{"time":109.25,"type":"block","angle":123.75},{"time":109.75,"type":"block","angle":33.75},{"time":110.75,"type":"block","angle":146.25},{"time":111.25,"type":"block","angle":-56.25},{"time":111.75,"type":"block","angle":-146.25},{"time":109.25,"type":"block","angle":112.5},{"time":109.75,"type":"block","angle":22.5},{"time":109.75,"type":"block","angle":45},{"time":111.25,"type":"block","angle":292.5},{"time":111.75,"type":"block","angle":202.5},{"time":111.75,"type":"block","angle":225},{"duration":1.125,"type":"hold","angle":0,"holdEase":"inOutSine","time":112.75,"angle2":180},{"duration":0.625,"type":"hold","angle":78.75,"holdEase":"inOutElastic","time":113.25,"angle2":-180},{"duration":1.125,"type":"hold","angle":-180,"holdEase":"inOutSine","time":114.75,"angle2":0},{"duration":0.625,"type":"hold","angle":258.75,"holdEase":"inOutElastic","time":115.25,"angle2":0},{"type":"side","angle":22.5,"time":116.75,"tap":true},{"time":117,"type":"side","angle":67.5},{"type":"side","angle":112.5,"time":117.25,"tap":true},{"time":117.5,"type":"side","angle":157.5},{"type":"side","angle":202.5,"time":117.75,"tap":true},{"type":"side","angle":-22.5,"time":118.75,"tap":true},{"time":119,"type":"side","angle":-67.5},{"type":"side","angle":-112.5,"time":119.25,"tap":true},{"time":119.5,"type":"side","angle":-157.5},{"type":"side","angle":-202.5,"time":119.75,"tap":true},{"time":120,"type":"block","angle":135},{"time":118,"type":"block","angle":225},{"type":"mine","angle":202.5,"speedMult":2,"time":116.75},{"type":"mine","angle":225,"speedMult":2,"time":116.875},{"type":"mine","angle":247.5,"speedMult":2,"time":117},{"type":"mine","angle":270,"speedMult":2,"time":117.125},{"type":"mine","angle":292.5,"speedMult":2,"time":117.25},{"type":"mine","angle":315,"speedMult":2,"time":117.375},{"type":"mine","angle":337.5,"speedMult":2,"time":117.5},{"type":"mine","angle":360,"speedMult":2,"time":117.625},{"type":"mine","angle":22.5,"speedMult":2,"time":117.75},{"type":"mine","angle":45,"speedMult":2,"time":118},{"type":"mine","angle":213.75,"speedMult":2,"time":116.75},{"type":"mine","angle":236.25,"speedMult":2,"time":116.875},{"type":"mine","angle":258.75,"speedMult":2,"time":117},{"type":"mine","angle":281.25,"speedMult":2,"time":117.125},{"type":"mine","angle":303.75,"speedMult":2,"time":117.25},{"type":"mine","angle":326.25,"speedMult":2,"time":117.375},{"type":"mine","angle":348.75,"speedMult":2,"time":117.5},{"type":"mine","angle":11.25,"speedMult":2,"time":117.625},{"type":"mine","angle":33.75,"speedMult":2,"time":117.875},{"type":"mine","angle":-202.5,"speedMult":2,"time":118.75},{"type":"mine","angle":-225,"speedMult":2,"time":118.875},{"type":"mine","angle":-247.5,"speedMult":2,"time":119},{"type":"mine","angle":-270,"speedMult":2,"time":119.125},{"type":"mine","angle":-292.5,"speedMult":2,"time":119.25},{"type":"mine","angle":-315,"speedMult":2,"time":119.375},{"type":"mine","angle":-337.5,"speedMult":2,"time":119.5},{"type":"mine","angle":-360,"speedMult":2,"time":119.625},{"type":"mine","angle":-22.5,"speedMult":2,"time":119.75},{"type":"mine","angle":-45,"speedMult":2,"time":120},{"type":"mine","angle":-213.75,"speedMult":2,"time":118.75},{"type":"mine","angle":-236.25,"speedMult":2,"time":118.875},{"type":"mine","angle":-258.75,"speedMult":2,"time":119},{"type":"mine","angle":-281.25,"speedMult":2,"time":119.125},{"type":"mine","angle":-303.75,"speedMult":2,"time":119.25},{"type":"mine","angle":-326.25,"speedMult":2,"time":119.375},{"type":"mine","angle":-348.75,"speedMult":2,"time":119.5},{"type":"mine","angle":-11.25,"speedMult":2,"time":119.625},{"type":"mine","angle":-33.75,"speedMult":2,"time":119.875},{"time":120.75,"type":"mine","angle":348.75},{"time":120.75,"type":"mine","angle":90},{"time":120.75,"type":"block","angle":67.5},{"time":120.75,"type":"block","angle":11.25},{"type":"block","angle":45,"time":120.75,"tap":true},{"type":"block","angle":33.75,"time":120.75,"tap":true},{"time":121.25,"type":"mine","angle":247.5},{"time":121.25,"type":"mine","angle":348.75},{"time":121.25,"type":"block","angle":-33.75},{"time":121.25,"type":"block","angle":-90},{"type":"block","angle":-56.25,"time":121.25,"tap":true},{"type":"block","angle":-67.5,"time":121.25,"tap":true},{"time":121.75,"type":"mine","angle":135},{"time":121.75,"type":"mine","angle":236.25},{"time":121.75,"type":"block","angle":-146.25},{"time":121.75,"type":"block","angle":-202.5},{"type":"block","angle":-168.75,"time":121.75,"tap":true},{"type":"block","angle":-180,"time":121.75,"tap":true},{"time":122.75,"type":"mine","angle":168.75},{"time":122.75,"type":"mine","angle":270},{"time":122.75,"type":"block","angle":-112.5},{"time":122.75,"type":"block","angle":-168.75},{"type":"block","angle":-135,"time":122.75,"tap":true},{"type":"block","angle":-146.25,"time":122.75,"tap":true},{"time":123.25,"type":"mine","angle":67.5},{"time":123.25,"type":"mine","angle":168.75},{"time":123.25,"type":"block","angle":-213.75},{"time":123.25,"type":"block","angle":-270},{"type":"block","angle":-236.25,"time":123.25,"tap":true},{"type":"block","angle":-247.5,"time":123.25,"tap":true},{"time":123.75,"type":"mine","angle":315},{"time":123.75,"type":"mine","angle":56.25},{"time":123.75,"type":"block","angle":-326.25},{"time":123.75,"type":"block","angle":-382.5},{"type":"block","angle":-348.75,"time":123.75,"tap":true},{"type":"block","angle":-360,"time":123.75,"tap":true},{"duration":1,"type":"hold","angle":281.25,"holdEase":"outExpo","time":124.75,"angle2":225},{"duration":0.5,"type":"hold","angle":225,"holdEase":"outQuad","time":125.25,"angle2":258.75},{"duration":0,"type":"hold","angle":236.25,"time":125.5,"angle2":247.5},{"duration":1,"type":"hold","angle":-382.5,"time":126.75,"angle2":-360},{"duration":1,"type":"hold","angle":-22.5,"time":126.75,"angle2":-45},{"duration":0.5,"type":"hold","angle":-22.5,"time":127.25,"angle2":0},{"duration":0.5,"type":"hold","angle":-22.5,"time":127.25,"angle2":-45},{"duration":1,"type":"hold","angle":-22.5,"holdEase":"outQuint","time":126.75,"angle2":-45},{"duration":1,"type":"hold","angle":-382.5,"holdEase":"outQuint","time":126.75,"angle2":-360},{"time":128.75,"type":"side","angle":45},{"time":129,"type":"mine","angle":78.75},{"time":129,"type":"mine","angle":56.25},{"time":129.5,"type":"mine","angle":33.75},{"time":129.5,"type":"mine","angle":11.25},{"time":129.25,"type":"side","angle":45},{"time":129.75,"type":"side","angle":45},{"time":130,"type":"mine","angle":56.25},{"time":130,"type":"mine","angle":78.75},{"time":130.75,"type":"block","angle":0},{"time":131.75,"type":"block","angle":202.5},{"time":132.25,"type":"block","angle":33.75},{"time":132.75,"type":"block","angle":270},{"time":129,"type":"mine","angle":101.25},{"time":129.5,"type":"mine","angle":348.75},{"time":130,"type":"mine","angle":101.25},{"time":132.25,"type":"block","angle":45},{"time":132.75,"type":"block","angle":258.75},{"time":132.75,"type":"block","angle":281.25}]