{"metadata":{"description":"Greatest thx to @himych_hehe!!!\n","difficulty":6.69,"artistLink":"","artist":"t.a.t.u.","charter":"Charter","bgData":{"magentaChannel":{"b":255,"g":255,"r":255},"cyanChannel":{"b":255,"g":255,"r":255},"redChannel":{"b":39,"g":66,"r":71},"image":"cover.png","blueChannel":{"b":214,"g":231,"r":226},"greenChannel":{"b":255,"g":255,"r":255},"yellowChannel":{"b":255,"g":255,"r":255}},"songName":"malchik gay","bg":true},"properties":{"speed":100,"formatversion":13,"offset":8},"events":[{"volume":1,"type":"play","angle":0,"time":0,"bpm":133,"file":"gay.ogg"},{"newWidth":40,"duration":0,"type":"paddles","angle":67.5,"paddle":2,"ease":"linear","time":0,"newAngle":180,"enabled":true},{"g":240,"type":"setColor","angle":112.5,"b":245,"r":255,"color":2,"time":0},{"g":122,"type":"setColor","angle":146.25,"b":140,"r":227,"color":1,"time":0},{"g":218,"type":"setColor","angle":180,"b":221,"r":250,"color":0,"time":0},{"type":"setBgColor","angle":225,"time":0,"color":2},{"chance":0.60000002384186,"angle":270,"time":0,"color":2,"type":"noise"},{"type":"hom","angle":303.75,"time":0,"enable":true},{"newWidth":0,"duration":0.5,"type":"paddles","angle":22.5,"paddle":1,"time":0,"ease":"linear","enabled":false},{"newWidth":70,"duration":0.5,"type":"paddles","angle":45,"paddle":3,"time":0,"ease":"linear","enabled":true},{"newWidth":20,"duration":1,"type":"paddles","angle":22.5,"paddle":3,"time":25.5,"newAngle":-20,"ease":"linear"},{"newWidth":20,"duration":1,"type":"paddles","angle":11.25,"paddle":2,"time":25.5,"newAngle":20,"ease":"linear"},{"var":"extraHoldLeniency","value":999999995904,"angle":67.5,"time":40,"type":"ease"},{"newWidth":70,"duration":0.5,"type":"paddles","angle":236.25,"paddle":2,"time":42,"newAngle":0,"ease":"outBack"},{"newWidth":50,"duration":0.5,"type":"paddles","angle":225,"paddle":3,"time":42,"newAngle":0,"ease":"outBack"},{"var":"extraHoldLeniency","value":1,"angle":247.5,"time":42.25,"type":"ease"},{"newWidth":0,"duration":0.25,"type":"paddles","angle":146.25,"paddle":3,"time":46.25,"ease":"linear"},{"newWidth":0,"duration":0.25,"type":"paddles","angle":168.75,"paddle":2,"time":46.25,"ease":"linear"},{"duration":0,"type":"paddles","angle":146.25,"paddle":2,"time":46.5,"ease":"linear","enabled":false},{"duration":0,"type":"paddles","angle":191.25,"paddle":3,"time":46.5,"ease":"linear","enabled":false},{"duration":1.75,"type":"setColor","angle":78.75,"r":0,"color":2,"b":0,"g":0,"time":46.25},{"duration":1.25,"type":"setColor","angle":67.5,"r":0,"color":1,"b":0,"g":0,"time":46.25},{"duration":1.75,"type":"setColor","angle":56.25,"r":0,"color":0,"b":0,"g":0,"time":46.25},{"var":"vfx.canvPos.sx","duration":2,"value":1.3500000238419,"angle":180,"time":44.25,"type":"ease"},{"var":"vfx.canvPos.sy","duration":2,"value":1.3500000238419,"angle":157.5,"time":44.25,"type":"ease"},{"var":"vfx.canvPos.sx","duration":1.25,"type":"ease","angle":348.75,"time":46.75,"ease":"inCubic","value":0.86000001430511},{"var":"vfx.canvPos.sy","duration":1.25,"type":"ease","angle":337.5,"time":46.75,"ease":"outCubic","value":1},{"var":"vfx.canvPos.sx","duration":0.25,"type":"ease","angle":-22.5,"time":46.5,"ease":"outCubic","value":1.5},{"var":"vfx.canvPos.sy","duration":0.25,"type":"ease","angle":-45,"time":46.5,"ease":"outCubic","value":1.5},{"type":"deco","angle":90,"x":0,"y":-81,"drawLayer":"bg","sprite":"malchik.png","time":4.75,"id":"m"},{"g":122,"type":"setColor","angle":112.5,"b":140,"r":227,"color":6,"time":0.5},{"type":"deco","angle":45,"x":0,"y":100,"drawLayer":"bg","sprite":"gay.png","time":5.75,"id":"g"},{"type":"deco","angle":45,"hide":true,"y":-81,"drawLayer":"bg","sprite":"malchik.png","time":6.25,"id":"m","x":0},{"type":"deco","angle":67.5,"hide":true,"y":100,"drawLayer":"bg","sprite":"gay.png","time":6.25,"id":"g","x":0},{"type":"deco","angle":45,"hide":false,"y":-81,"drawLayer":"bg","sprite":"malchik.png","time":12.75,"id":"m","x":0},{"type":"deco","angle":45,"hide":false,"y":100,"drawLayer":"bg","sprite":"gay.png","time":13.5,"id":"g","x":0},{"type":"deco","angle":45,"hide":true,"y":-81,"drawLayer":"bg","sprite":"malchik.png","time":14,"id":"m","x":0},{"type":"deco","angle":67.5,"hide":true,"y":100,"drawLayer":"bg","sprite":"gay.png","time":14,"id":"g","x":0},{"type":"deco","angle":135,"hide":true,"y":-81,"drawLayer":"bg","sprite":"malchik.png","time":15,"id":"m","x":0},{"type":"deco","angle":56.25,"hide":false,"y":-81,"drawLayer":"bg","sprite":"malchik.png","time":15.5,"id":"m","x":0},{"type":"deco","angle":45,"hide":false,"y":100,"drawLayer":"bg","sprite":"gay.png","time":16.5,"id":"g","x":0},{"type":"deco","angle":45,"hide":true,"y":-81,"drawLayer":"bg","sprite":"malchik.png","time":17,"id":"m","x":0},{"type":"deco","angle":67.5,"hide":true,"y":100,"drawLayer":"bg","sprite":"gay.png","time":17,"id":"g","x":0},{"type":"deco","angle":56.25,"hide":false,"y":-81,"drawLayer":"bg","sprite":"malchik.png","time":14.5,"id":"m","x":0},{"type":"deco","angle":45,"drawOrder":1,"hide":false,"y":-81,"drawLayer":"bg","sprite":"malchik.png","time":20.5,"x":0,"id":"m"},{"type":"deco","angle":33.75,"drawOrder":1,"hide":false,"y":100,"drawLayer":"bg","sprite":"gay.png","time":21.25,"x":0,"id":"g"},{"type":"deco","angle":56.25,"drawOrder":0,"hide":false,"y":-75,"drawLayer":"bg","sprite":"malchik2.png","time":22,"x":7,"id":"m2"},{"type":"deco","angle":56.25,"drawOrder":0,"hide":false,"y":106,"drawLayer":"bg","sprite":"gay2.png","time":23,"x":7,"id":"g2"},{"g":218,"type":"setColor","angle":123.75,"b":221,"r":250,"color":7,"time":20.5},{"type":"deco","angle":45,"drawOrder":0,"hide":true,"y":-75,"drawLayer":"bg","sprite":"malchik2.png","time":23.75,"x":7,"id":"m2"},{"type":"deco","angle":67.5,"drawOrder":0,"hide":true,"y":106,"drawLayer":"bg","sprite":"gay2.png","time":24.75,"x":7,"id":"g2"},{"type":"deco","angle":135,"drawOrder":1,"hide":true,"y":-81,"drawLayer":"bg","sprite":"malchik.png","time":25.5,"x":0,"id":"m"},{"type":"deco","angle":157.5,"drawOrder":1,"hide":true,"y":100,"drawLayer":"bg","sprite":"gay.png","time":25.5,"x":0,"id":"g"},{"type":"deco","angle":45,"drawOrder":1,"hide":false,"y":-81,"drawLayer":"bg","sprite":"malchik.png","time":28.75,"x":0,"id":"m"},{"type":"deco","angle":33.75,"drawOrder":1,"hide":false,"y":100,"drawLayer":"bg","sprite":"gay.png","time":29.5,"x":0,"id":"g"},{"type":"deco","angle":56.25,"drawOrder":0,"hide":false,"y":-75,"drawLayer":"bg","sprite":"malchik2.png","time":30.25,"x":7,"id":"m2"},{"type":"deco","angle":56.25,"drawOrder":0,"hide":false,"y":106,"drawLayer":"bg","sprite":"gay2.png","time":31.25,"x":7,"id":"g2"},{"type":"deco","angle":45,"drawOrder":0,"hide":true,"y":-75,"drawLayer":"bg","sprite":"malchik2.png","time":32,"x":7,"id":"m2"},{"type":"deco","angle":67.5,"drawOrder":0,"hide":true,"y":106,"drawLayer":"bg","sprite":"gay2.png","time":33,"x":7,"id":"g2"},{"type":"deco","angle":135,"drawOrder":1,"hide":true,"y":-81,"drawLayer":"bg","sprite":"malchik.png","time":33.75,"x":0,"id":"m"},{"type":"deco","angle":157.5,"drawOrder":1,"hide":true,"y":100,"drawLayer":"bg","sprite":"gay.png","time":33.75,"x":0,"id":"g"},{"type":"deco","angle":90,"drawOrder":1,"hide":false,"y":-81,"drawLayer":"bg","sprite":"malchik.png","time":36.75,"x":0,"id":"m"},{"type":"deco","angle":78.75,"drawOrder":1,"hide":false,"y":100,"drawLayer":"bg","sprite":"gay.png","time":37.5,"x":0,"id":"g"},{"type":"deco","angle":101.25,"drawOrder":0,"hide":false,"y":-75,"drawLayer":"bg","sprite":"malchik2.png","time":38.25,"x":7,"id":"m2"},{"type":"deco","angle":101.25,"drawOrder":0,"hide":false,"y":106,"drawLayer":"bg","sprite":"gay2.png","time":39.25,"x":7,"id":"g2"},{"type":"deco","angle":90,"drawOrder":0,"hide":true,"y":-75,"drawLayer":"bg","sprite":"malchik2.png","time":40,"x":7,"id":"m2"},{"type":"deco","angle":112.5,"drawOrder":0,"hide":true,"y":106,"drawLayer":"bg","sprite":"gay2.png","time":40,"x":7,"id":"g2"},{"type":"deco","angle":180,"drawOrder":1,"hide":true,"y":-81,"drawLayer":"bg","sprite":"malchik.png","time":41.25,"x":0,"id":"m"},{"type":"deco","angle":135,"drawOrder":1,"hide":true,"y":100,"drawLayer":"bg","sprite":"gay.png","time":40,"x":0,"id":"g"},{"duration":1,"type":"setColor","angle":225,"r":0,"color":2,"b":10,"g":15,"time":48.5},{"duration":1,"type":"setColor","angle":202.5,"r":28,"color":1,"b":115,"g":133,"time":48.5},{"duration":1,"type":"setColor","angle":180,"r":5,"color":0,"b":34,"g":37,"time":48.5},{"var":"vfx.canvPos.sx","duration":0.25,"type":"ease","angle":-22.5,"time":48.25,"ease":"outCubic","value":1},{"var":"vfx.canvPos.sy","duration":0.25,"type":"ease","angle":-45,"time":48.25,"ease":"outCubic","value":1},{"newWidth":360,"duration":0,"type":"paddles","angle":247.5,"paddle":2,"time":48.25,"ease":"linear","enabled":true},{"newWidth":70,"duration":0.75,"type":"paddles","angle":45,"paddle":2,"time":48.75,"ease":"outSine"},{"var":"vfx.hwaves.strength","value":1.5,"angle":168.75,"time":46.5,"type":"ease"},{"var":"vfx.hwaves.period","value":1,"angle":146.25,"time":48.5,"type":"ease"},{"chance":0.30000001192093,"angle":78.75,"time":64.25,"color":2,"type":"noise"},{"g":240,"type":"setColor","angle":91.5,"b":245,"r":255,"color":2,"time":88.75},{"g":122,"type":"setColor","angle":125.25,"b":140,"r":227,"color":1,"time":88.75},{"g":218,"type":"setColor","angle":159,"b":221,"r":250,"color":0,"time":88.75},{"g":15,"type":"setColor","angle":262,"b":10,"r":0,"color":2,"time":89.25},{"g":133,"type":"setColor","angle":239.5,"b":115,"r":28,"color":1,"time":89.25},{"g":37,"type":"setColor","angle":217,"b":34,"r":5,"color":0,"time":89.25},{"g":240,"type":"setColor","angle":91.5,"b":245,"r":255,"color":2,"time":89.75},{"g":122,"type":"setColor","angle":125.25,"b":140,"r":227,"color":1,"time":89.75},{"g":218,"type":"setColor","angle":159,"b":221,"r":250,"color":0,"time":89.75},{"g":15,"type":"setColor","angle":262,"b":10,"r":0,"color":2,"time":90.25},{"g":133,"type":"setColor","angle":239.5,"b":115,"r":28,"color":1,"time":90.25},{"g":37,"type":"setColor","angle":217,"b":34,"r":5,"color":0,"time":90.25},{"g":240,"type":"setColor","angle":73.5,"b":245,"r":255,"color":2,"time":90.75},{"g":122,"type":"setColor","angle":107.25,"b":140,"r":227,"color":1,"time":90.75},{"g":218,"type":"setColor","angle":141,"b":221,"r":250,"color":0,"time":90.75},{"g":15,"type":"setColor","angle":244,"b":10,"r":0,"color":2,"time":91.25},{"g":133,"type":"setColor","angle":221.5,"b":115,"r":28,"color":1,"time":91.25},{"g":37,"type":"setColor","angle":199,"b":34,"r":5,"color":0,"time":91.25},{"g":240,"type":"setColor","angle":226.5,"b":245,"r":255,"color":2,"time":91.75},{"g":122,"type":"setColor","angle":260.25,"b":140,"r":227,"color":1,"time":91.75},{"g":218,"type":"setColor","angle":294,"b":221,"r":250,"color":0,"time":91.75},{"g":15,"type":"setColor","angle":397,"b":10,"r":0,"color":2,"time":92.25},{"g":133,"type":"setColor","angle":374.5,"b":115,"r":28,"color":1,"time":92.25},{"g":37,"type":"setColor","angle":352,"b":34,"r":5,"color":0,"time":92.25},{"g":240,"type":"setColor","angle":211.5,"b":245,"r":255,"color":2,"time":92.25},{"g":122,"type":"setColor","angle":245.25,"b":140,"r":227,"color":1,"time":92.25},{"g":218,"type":"setColor","angle":279,"b":221,"r":250,"color":0,"time":92.25},{"g":15,"type":"setColor","angle":382,"b":10,"r":0,"color":2,"time":92.75},{"g":133,"type":"setColor","angle":359.5,"b":115,"r":28,"color":1,"time":92.75},{"g":37,"type":"setColor","angle":337,"b":34,"r":5,"color":0,"time":92.75},{"newWidth":45,"duration":0,"type":"paddles","angle":157.5,"paddle":2,"time":96.25,"ease":"linear"},{"newWidth":70,"duration":0,"type":"paddles","angle":146.25,"paddle":2,"time":99.75,"ease":"linear"},{"duration":1,"type":"setColor","angle":226.5,"r":255,"color":2,"b":245,"g":240,"time":96.75},{"duration":1,"type":"setColor","angle":260.25,"r":227,"color":1,"b":140,"g":122,"time":96.75},{"duration":1,"type":"setColor","angle":294,"r":250,"color":0,"b":221,"g":218,"time":96.75},{"duration":1,"type":"setColor","angle":397,"r":0,"color":2,"b":10,"g":15,"time":97.25},{"duration":1,"type":"setColor","angle":374.5,"r":28,"color":1,"b":115,"g":133,"time":97.25},{"duration":1,"type":"setColor","angle":352,"r":5,"color":0,"b":34,"g":37,"time":97.25},{"duration":1,"type":"setColor","angle":211.5,"r":255,"color":2,"b":245,"g":240,"time":97.25},{"duration":1,"type":"setColor","angle":245.25,"r":227,"color":1,"b":140,"g":122,"time":97.25},{"duration":1,"type":"setColor","angle":279,"r":250,"color":0,"b":221,"g":218,"time":97.25},{"duration":1,"type":"setColor","angle":226.5,"r":255,"color":2,"b":245,"g":240,"time":97.75},{"duration":1,"type":"setColor","angle":260.25,"r":227,"color":1,"b":140,"g":122,"time":97.75},{"duration":1,"type":"setColor","angle":294,"r":250,"color":0,"b":221,"g":218,"time":97.75},{"duration":1,"type":"setColor","angle":397,"r":0,"color":2,"b":10,"g":15,"time":98.25},{"duration":1,"type":"setColor","angle":374.5,"r":28,"color":1,"b":115,"g":133,"time":98.25},{"duration":1,"type":"setColor","angle":352,"r":5,"color":0,"b":34,"g":37,"time":98.25},{"duration":1,"type":"setColor","angle":211.5,"r":255,"color":2,"b":245,"g":240,"time":98.25},{"duration":1,"type":"setColor","angle":245.25,"r":227,"color":1,"b":140,"g":122,"time":98.25},{"duration":1,"type":"setColor","angle":279,"r":250,"color":0,"b":221,"g":218,"time":98.25},{"g":240,"type":"setColor","angle":226.5,"b":245,"r":255,"color":2,"time":100.25},{"g":122,"type":"setColor","angle":260.25,"b":140,"r":227,"color":1,"time":100.25},{"g":218,"type":"setColor","angle":294,"b":221,"r":250,"color":0,"time":100.25},{"duration":0.25,"type":"setColor","angle":194.79963684082,"r":255,"color":2,"b":255,"time":99.75,"ease":"inQuad","g":255},{"duration":0.25,"type":"setColor","angle":206.12825012207,"r":255,"color":1,"b":255,"time":99.75,"ease":"inQuad","g":255},{"duration":0.25,"type":"setColor","angle":219.87181091309,"r":255,"color":0,"b":255,"time":99.75,"ease":"inQuad","g":255},{"var":"vfx.hwaves.strength","value":0,"angle":132.46644592285,"time":100.25,"type":"ease"},{"var":"scrollSpeed","type":"ease","angle":90,"time":100.25,"value":1.1499999761581},{"time":132.75,"type":"showResults","angle":281.25},{"var":"scrollSpeed","duration":1,"type":"ease","angle":45,"time":130.75,"ease":"inQuad","value":1.7000000476837},{"var":"scrollSpeed","duration":0.875,"type":"ease","angle":33.75,"time":115.875,"ease":"outQuad","value":0.89999997615814}]}