[{"angle2":1271.25,"angle":360,"type":"hold","duration":14,"endTap":true,"time":1},{"tap":true,"angle":157.5,"type":"block","time":15.75},{"time":15.875,"angle":157.5,"type":"block"},{"time":16,"angle":157.5,"type":"block"},{"time":17.25,"angle":0,"type":"side"},{"time":17.25,"angle":11.25,"type":"side"},{"time":17.25,"angle":348.75,"type":"side"},{"angle2":292.5,"angle":157.5,"type":"hold","duration":0.5,"time":16.25},{"angle2":202.5,"angle":11.25,"type":"hold","duration":0.5,"time":17.75},{"time":18.75,"angle":225,"type":"side"},{"time":19.25,"angle":225,"type":"side"},{"angle2":-135,"angle":225,"type":"hold","duration":0.5,"time":19.75},{"time":20.75,"angle":56.25,"type":"mine"},{"time":20.75,"angle":67.5,"type":"mine"},{"time":20.75,"angle":78.75,"type":"mine"},{"time":20.75,"angle":90,"type":"mine"},{"time":20.75,"angle":112.5,"type":"mine"},{"time":20.75,"angle":101.25,"type":"mine"},{"time":20.75,"angle":123.75,"type":"mine"},{"time":20.75,"angle":135,"type":"mine"},{"time":20.75,"angle":146.25,"type":"mine"},{"time":20.75,"angle":157.5,"type":"mine"},{"time":20.75,"angle":168.75,"type":"mine"},{"time":20.75,"angle":180,"type":"mine"},{"time":20.75,"angle":191.25,"type":"mine"},{"time":20.75,"angle":202.5,"type":"mine"},{"time":20.75,"angle":213.75,"type":"mine"},{"time":20.75,"angle":225,"type":"mine"},{"time":20.75,"angle":236.25,"type":"mine"},{"time":20.75,"angle":247.5,"type":"mine"},{"time":20.75,"angle":281.25,"type":"mine"},{"time":20.75,"angle":292.5,"type":"mine"},{"time":20.75,"angle":258.75,"type":"mine"},{"time":20.75,"angle":270,"type":"mine"},{"time":20.75,"angle":303.75,"type":"mine"},{"time":21.25,"angle":-33.75,"type":"mine"},{"time":21.25,"angle":-22.5,"type":"mine"},{"time":21.25,"angle":-11.25,"type":"mine"},{"time":21.25,"angle":0,"type":"mine"},{"time":21.25,"angle":22.5,"type":"mine"},{"time":21.25,"angle":11.25,"type":"mine"},{"time":21.25,"angle":33.75,"type":"mine"},{"time":21.25,"angle":45,"type":"mine"},{"time":21.25,"angle":56.25,"type":"mine"},{"time":21.25,"angle":67.5,"type":"mine"},{"time":21.25,"angle":78.75,"type":"mine"},{"time":21.25,"angle":90,"type":"mine"},{"time":21.25,"angle":101.25,"type":"mine"},{"time":21.25,"angle":112.5,"type":"mine"},{"time":21.25,"angle":123.75,"type":"mine"},{"time":21.25,"angle":135,"type":"mine"},{"time":21.25,"angle":146.25,"type":"mine"},{"time":21.25,"angle":157.5,"type":"mine"},{"time":21.25,"angle":191.25,"type":"mine"},{"time":21.25,"angle":202.5,"type":"mine"},{"time":21.25,"angle":168.75,"type":"mine"},{"time":21.25,"angle":180,"type":"mine"},{"time":21.25,"angle":213.75,"type":"mine"},{"time":21.75,"angle":281.25,"type":"extraTap"},{"angle2":360,"angle":270,"type":"hold","duration":0.5,"time":21.75,"holdEase":"outSine"},{"time":23,"angle":337.5,"type":"inverse"},{"time":22.75,"angle":348.75,"type":"inverse"},{"time":23.25,"angle":11.25,"type":"inverse"},{"angle2":-180,"angle":11.25,"type":"hold","duration":0.5,"time":23.75},{"time":24.75,"angle":90,"type":"side"},{"time":25.25,"angle":270,"type":"side"},{"time":25.75,"angle":236.25,"type":"block"},{"time":26.25,"angle":348.75,"type":"block"},{"angle2":292.5,"angle":292.5,"type":"mineHold","duration":1,"time":25.75},{"time":26.75,"angle":236.25,"type":"block"},{"angle2":0,"angle":180,"type":"hold","duration":0.5,"time":27.25},{"time":28.25,"angle":270,"type":"block"},{"time":28.75,"angle":90,"type":"inverse","speedMult":0.89999997615814},{"angle2":-540,"angle":180,"type":"hold","duration":0,"time":29.25,"segments":5,"speedMult":10},{"angle2":-180,"angle":180,"type":"hold","duration":0,"speedMult":10,"time":29.25},{"tap":true,"angle":180,"type":"block","time":29.25},{"angle2":-720,"angle":0,"type":"hold","duration":0,"time":29.75,"segments":5,"speedMult":10},{"angle2":-360,"angle":0,"type":"hold","duration":0,"speedMult":10,"time":29.75},{"tap":true,"angle":0,"type":"block","time":29.75},{"angle2":-450,"angle":270,"type":"hold","duration":0,"time":30.25,"segments":5,"speedMult":10},{"angle2":-90,"angle":270,"type":"hold","duration":0,"speedMult":10,"time":30.25},{"tap":true,"angle":270,"type":"block","time":30.25},{"angle2":-630,"angle":90,"type":"hold","duration":0,"time":30.75,"segments":5,"speedMult":10},{"angle2":-270,"angle":90,"type":"hold","duration":0,"speedMult":10,"time":30.75},{"tap":true,"angle":90,"type":"block","time":30.75},{"time":31.75,"angle":0,"type":"side"},{"angle2":540,"angle":360,"type":"hold","duration":0.5,"time":32.25},{"angle2":180,"angle":360,"type":"hold","duration":0.5,"time":33.25},{"time":34.25,"angle":56.25,"type":"block"},{"time":34.75,"angle":315,"type":"block"},{"time":35.25,"angle":56.25,"type":"side"},{"time":35.75,"angle":236.25,"type":"side"},{"time":36.25,"angle":270,"type":"extraTap"},{"time":36.75,"angle":270,"type":"extraTap"},{"time":37.25,"angle":270,"type":"extraTap"},{"time":37.75,"angle":270,"type":"extraTap"},{"angle2":360,"angle":0,"type":"hold","duration":0.5,"time":38.25},{"time":39.25,"angle":315,"type":"side"},{"time":39.75,"angle":33.75,"type":"side"},{"time":40.25,"angle":270,"type":"block"},{"time":40.75,"angle":247.5,"type":"block"},{"time":41.25,"angle":56.25,"type":"block"},{"angle2":-180,"angle":0,"type":"hold","duration":0.25,"time":41.75},{"angle2":0,"angle":180,"type":"hold","duration":0.25,"time":42},{"time":42.75,"angle":180,"type":"side"},{"time":43.25,"angle":0,"type":"side"},{"time":43.75,"angle":45,"type":"block"},{"time":44.25,"angle":135,"type":"block"},{"angle2":90,"angle":90,"type":"mineHold","duration":1,"time":43.5},{"time":44.75,"angle":270,"type":"side"},{"time":45.25,"angle":270,"type":"side"},{"angle2":450,"angle":270,"type":"hold","duration":0.5,"time":45.75,"holdEase":"outSine"},{"angle2":-90,"angle":90,"type":"hold","duration":0.5,"time":46.75,"holdEase":"outSine"},{"time":47.75,"angle":0,"type":"side"},{"time":48.25,"angle":180,"type":"side"},{"time":48.75,"angle":270,"type":"side"},{"time":51.25,"angle":281.25,"type":"side"},{"time":51.5,"angle":281.25,"type":"side"},{"time":51.75,"angle":337.5,"type":"side"},{"time":52,"angle":337.5,"type":"side"},{"time":52.5,"angle":22.5,"type":"side"},{"time":52.75,"angle":0,"type":"side"},{"time":53.25,"angle":101.25,"type":"side"},{"time":53.5,"angle":135,"type":"side"},{"time":54,"angle":101.25,"type":"side"},{"time":53.75,"angle":101.25,"type":"side"},{"time":54.5,"angle":360,"type":"side"},{"time":54.75,"angle":180,"type":"side"},{"time":55.5,"angle":90,"type":"side"},{"time":55.25,"angle":90,"type":"side"},{"time":55.75,"angle":0,"type":"side"},{"time":56,"angle":236.25,"type":"side"},{"angle2":157.5,"angle":157.5,"type":"mineHold","duration":1,"time":55.75},{"time":56.5,"angle":78.75,"type":"side"},{"time":56.75,"angle":56.25,"type":"side"},{"time":57.25,"angle":360,"type":"side"},{"time":57.75,"angle":45,"type":"side"},{"time":57.5,"angle":315,"type":"side"},{"time":58,"angle":0,"type":"side"},{"time":58.5,"angle":360,"type":"side"},{"time":58.75,"angle":180,"type":"side"},{"time":59.25,"angle":303.75,"type":"side"},{"time":59.5,"angle":303.75,"type":"side"},{"time":59.75,"angle":360,"type":"side"},{"time":60,"angle":45,"type":"side"},{"time":60.5,"angle":202.5,"type":"side"},{"time":60.75,"angle":157.5,"type":"side"},{"time":61.25,"angle":270,"type":"side"},{"time":61.5,"angle":90,"type":"side"},{"time":61.75,"angle":337.5,"type":"side"},{"time":62,"angle":22.5,"type":"side"},{"time":62.5,"angle":303.75,"type":"side"},{"time":62.75,"angle":270,"type":"side"},{"time":63.25,"angle":360,"type":"side"},{"time":63.5,"angle":360,"type":"side"},{"time":63.75,"angle":0,"type":"side"},{"time":64,"angle":0,"type":"side"},{"time":64.5,"angle":180,"type":"side"},{"time":64.75,"angle":180,"type":"side"},{"time":65.25,"angle":90,"type":"side"},{"time":65.5,"angle":90,"type":"side"},{"time":65.75,"angle":90,"type":"side"},{"time":66,"angle":90,"type":"side"},{"time":66.5,"angle":270,"type":"side"},{"time":31.25,"angle":360,"type":"block"},{"angle2":371.25,"angle":270,"type":"hold","duration":0.25,"time":67.25},{"angle2":-157.5,"angle":11.25,"type":"hold","duration":0.25,"time":67.5},{"angle2":-11.25,"angle":123.75,"type":"hold","duration":0.25,"time":68},{"angle2":258.75,"angle":348.75,"type":"hold","duration":0.25,"time":68.25},{"angle2":315,"angle":258.75,"type":"hold","duration":0.25,"time":68.5},{"time":69,"angle":0,"type":"side"},{"time":69.5,"angle":0,"type":"side"},{"time":70,"angle":0,"type":"side"},{"time":70.5,"angle":270,"type":"block"},{"time":70.75,"angle":315,"type":"block"},{"time":71,"angle":236.25,"type":"block"},{"time":71.25,"angle":270,"type":"block"},{"time":71.5,"angle":337.5,"type":"block"},{"time":71.75,"angle":0,"type":"hold","duration":0.25,"angle2":67.5,"holdEase":"inBack"},{"time":72,"angle":67.5,"type":"hold","duration":0.25,"angle2":0,"holdEase":"inBack"},{"time":73.25,"angle":45,"type":"side"},{"time":73.5,"angle":90,"type":"block"},{"time":74,"angle":45,"type":"block"},{"time":73.75,"angle":112.5,"type":"block"},{"time":74.25,"angle":157.5,"type":"block"},{"time":74.5,"angle":101.25,"type":"side"},{"time":69.25,"angle":360,"type":"side"},{"time":69.75,"angle":0,"type":"side"},{"time":74.75,"angle":90,"type":"hold","duration":0.25,"angle2":0},{"time":75,"angle":0,"type":"hold","duration":1,"angle2":0},{"time":76,"angle":360,"type":"hold","duration":1,"angle2":360},{"time":77.25,"angle":90,"type":"hold","duration":1,"angle2":90},{"time":77.5,"angle":101.25,"type":"inverse"},{"time":77.75,"angle":78.75,"type":"inverse"},{"time":78,"angle":101.25,"type":"inverse"},{"time":78.5,"angle":78.75,"type":"block"},{"time":78.75,"angle":101.25,"type":"block"},{"time":79,"angle":67.5,"type":"block"},{"time":79.25,"angle":112.5,"type":"block"},{"time":79.5,"angle":56.25,"type":"block"},{"time":79.75,"angle":123.75,"type":"block"},{"time":80,"angle":45,"type":"block"},{"time":80.25,"angle":135,"type":"block"},{"time":80.5,"angle":33.75,"type":"block"},{"time":80.75,"angle":33.75,"type":"hold","duration":0.25,"angle2":-90},{"time":75.5,"angle":33.75,"type":"block"},{"time":76,"angle":33.75,"type":"block"},{"time":76.5,"angle":33.75,"type":"block"},{"time":75.25,"angle":326.25,"type":"block"},{"time":75.75,"angle":326.25,"type":"block"},{"time":76.25,"angle":326.25,"type":"block"},{"time":76.75,"angle":326.25,"type":"block"},{"time":77,"angle":33.75,"type":"block"},{"time":81.25,"angle":180,"type":"side"},{"time":82.25,"angle":180,"type":"side"},{"time":72.5,"angle":11.25,"type":"block"},{"time":72.75,"angle":33.75,"type":"block"}]