{"properties":{"offset":8,"formatversion":12,"loadBeat":-1,"startBeat":0,"speed":70},"metadata":{"description":"","artist":"Ivory","bgData":{"cyanChannel":{"r":255,"g":255,"b":255},"image":"img.png","redChannel":{"r":101,"g":119,"b":145},"blueChannel":{"r":80,"g":86,"b":108},"greenChannel":{"r":111,"g":132,"b":160},"yellowChannel":{"r":255,"g":255,"b":255},"magentaChannel":{"r":255,"g":255,"b":255}},"artistLink":"","bg":true,"songName":"Empyrea","charter":"lalafk","difficulty":0},"events":[{"time":-1,"angle":247.5,"type":"outline","color":0,"enable":true},{"time":1,"offset":10.75,"type":"play","file":"empyrea.ogg","volume":0.5,"angle":292.5,"bpm":90},{"time":-1,"angle":225,"type":"noise","color":1,"chance":0.5},{"value":10,"angle":202.5,"type":"ease","var":"vfx.hglitch.strength","time":-1},{"value":1,"angle":180,"type":"ease","var":"vfx.hglitch.resolution","time":-1},{"value":0,"ease":"linear","type":"ease","duration":5,"time":1,"angle":22.5,"var":"vfx.hglitch.strength"},{"time":15,"angle":258.75,"type":"noise","color":0,"chance":1},{"id":"bg","drawLayer":"bg","sx":50,"sprite":"chaos3.png","time":15,"angle":236.25,"type":"deco","sy":50,"x":-15000,"y":-5000},{"id":"bg","duration":0.40000000596046,"sx":1,"sy":1.2000000476837,"time":15.75,"ease":"inOutSine","type":"deco","angle":135,"x":0,"y":0},{"id":"bg","angle":135,"type":"deco","sprite":"chaos3@20","time":17.25},{"value":1.5,"angle":303.75,"type":"ease","duration":0.25,"time":16.75,"ease":"outSine","var":"vfx.canvPos.sy"},{"value":1.5,"angle":315,"type":"ease","duration":0.25,"time":16.75,"ease":"outSine","var":"vfx.canvPos.sx"},{"value":15,"ease":"inOutSine","type":"ease","duration":0.25,"time":16.75,"angle":337.5,"var":"vfx.canvPos.r"},{"start":3,"var":"vfx.canvPos.sy","duration":0.5,"time":17.25,"ease":"outSine","type":"ease","value":1,"angle":303.75},{"start":3,"var":"vfx.canvPos.sx","duration":0.5,"time":17.25,"angle":315,"type":"ease","value":1,"ease":"outSine"},{"value":0,"angle":326.25,"type":"ease","duration":0.25,"time":17.25,"ease":"inOutSine","var":"vfx.canvPos.r"},{"start":10,"var":"vfx.hglitch.strength","duration":1,"time":17.25,"angle":292.5,"type":"ease","value":0,"ease":"inOutSine"},{"r":255,"angle":348.75,"type":"setColor","color":1,"time":16.75,"b":255,"g":255},{"time":16.75,"angle":360,"type":"setColor","color":0,"r":0,"b":0,"g":0},{"r":255,"angle":56.25,"type":"setColor","color":0,"time":17.25,"b":255,"g":255},{"time":17.25,"angle":45,"type":"setColor","color":1,"r":0,"b":0,"g":0},{"r":0,"angle":67.5,"type":"setColor","color":0,"time":15.75,"b":0,"g":0},{"time":15.75,"angle":78.75,"type":"setColor","color":1,"r":255,"b":255,"g":255},{"r":0,"angle":67.5,"type":"setColor","color":1,"time":16.125,"b":0,"g":0},{"time":16.125,"angle":78.75,"type":"setColor","color":0,"r":255,"b":255,"g":255},{"time":17.75,"angleOffset":false,"type":"tag","tag":"0b","angle":0},{"time":18.25,"angleOffset":false,"type":"tag","tag":"0w","angle":0},{"time":18.75,"angle":0,"type":"tag","tag":"0b","angleOffset":false},{"time":19.25,"angle":0,"type":"tag","tag":"0w","angleOffset":false},{"time":19.75,"angle":0,"type":"tag","tag":"0b","angleOffset":false},{"time":20.25,"angle":0,"type":"tag","tag":"0w","angleOffset":false},{"time":20.75,"angleOffset":false,"type":"tag","tag":"0b","angle":0},{"time":21.25,"angleOffset":false,"type":"tag","tag":"0w","angle":-90},{"time":21.75,"angle":0,"type":"tag","tag":"0b","angleOffset":false},{"time":22.25,"angle":0,"type":"tag","tag":"0w","angleOffset":false},{"time":22.75,"angleOffset":false,"type":"tag","tag":"0b","angle":0},{"time":23.25,"angleOffset":false,"type":"tag","tag":"0w","angle":0},{"time":23.75,"angleOffset":false,"type":"tag","tag":"0b","angle":0},{"time":24.25,"angleOffset":false,"type":"tag","tag":"0w","angle":0},{"time":24.75,"angle":0,"type":"tag","tag":"0b","angleOffset":false},{"time":25.25,"angle":0,"type":"tag","tag":"0w","angleOffset":false},{"time":25.75,"angle":0,"type":"tag","tag":"0b","angleOffset":false},{"time":26.25,"angle":0,"type":"tag","tag":"0w","angleOffset":false},{"time":26.75,"angleOffset":false,"type":"tag","tag":"0b","angle":0},{"time":27.25,"angleOffset":false,"type":"tag","tag":"0w","angle":0},{"time":27.75,"angleOffset":false,"type":"tag","tag":"0b","angle":0},{"time":28.25,"angleOffset":false,"type":"tag","tag":"0w","angle":0},{"value":2.5,"ease":"inOutSine","type":"ease","duration":0.80000001192093,"time":15,"angle":213.75,"var":"scrollSpeed"},{"time":28.75,"angle":0,"type":"tag","tag":"0b","angleOffset":false},{"time":29.25,"angle":0,"type":"tag","tag":"0w","angleOffset":false},{"time":29.75,"angle":0,"type":"tag","tag":"0b","angleOffset":false},{"time":30.25,"angle":0,"type":"tag","tag":"0w","angleOffset":false},{"time":30.75,"angle":360,"type":"tag","tag":"0b","angleOffset":false},{"time":31.25,"angle":90,"type":"tag","tag":"0w","angleOffset":false},{"time":31.75,"angle":90,"type":"tag","tag":"0b","angleOffset":false},{"time":32.25,"angle":90,"type":"tag","tag":"0w","angleOffset":false},{"time":32.75,"angle":90,"type":"tag","tag":"0b","angleOffset":false},{"time":33.25,"angle":90,"type":"tag","tag":"0w","angleOffset":false},{"time":33.75,"angle":90,"type":"tag","tag":"0b","angleOffset":false},{"time":34.25,"angle":90,"type":"tag","tag":"0w","angleOffset":false},{"time":34.75,"angle":90,"type":"tag","tag":"0b","angleOffset":false},{"time":35.25,"angle":90,"type":"tag","tag":"0w","angleOffset":false},{"time":35.75,"angle":90,"type":"tag","tag":"0b","angleOffset":false},{"time":36.25,"angle":90,"type":"tag","tag":"0w","angleOffset":false},{"time":36.75,"angle":90,"type":"tag","tag":"0b","angleOffset":false},{"time":37.25,"angle":90,"type":"tag","tag":"0w","angleOffset":false},{"time":37.75,"angle":90,"type":"tag","tag":"0b","angleOffset":false},{"time":38.25,"angle":90,"type":"tag","tag":"0w","angleOffset":false},{"time":38.75,"angle":90,"type":"tag","tag":"0b","angleOffset":false},{"time":39.25,"angle":90,"type":"tag","tag":"0w","angleOffset":false},{"time":39.75,"angle":90,"type":"tag","tag":"0b","angleOffset":false},{"time":40.25,"angle":90,"type":"tag","tag":"0w","angleOffset":false},{"time":40.75,"angle":90,"type":"tag","tag":"0b","angleOffset":false},{"time":41.25,"angle":90,"type":"tag","tag":"0w","angleOffset":false},{"time":41.75,"angle":90,"type":"tag","tag":"0b","angleOffset":false},{"time":42.25,"angle":90,"type":"tag","tag":"0w","angleOffset":false},{"time":42.75,"angle":90,"type":"tag","tag":"0b","angleOffset":false},{"time":43.25,"angle":90,"type":"tag","tag":"0w","angleOffset":false},{"time":43.75,"angle":90,"type":"tag","tag":"0b","angleOffset":false},{"time":44.25,"angle":90,"type":"tag","tag":"0w","angleOffset":false},{"time":44.75,"angle":90,"type":"tag","tag":"0b","angleOffset":false},{"time":45.25,"angle":90,"type":"tag","tag":"0w","angleOffset":false},{"time":45.75,"angle":90,"type":"tag","tag":"0b","angleOffset":false},{"time":46.25,"angle":90,"type":"tag","tag":"0w","angleOffset":false},{"time":46.75,"angle":90,"type":"tag","tag":"0b","angleOffset":false},{"time":47.25,"angle":90,"type":"tag","tag":"0w","angleOffset":false},{"time":47.75,"angle":90,"type":"tag","tag":"0b","angleOffset":false},{"time":48.25,"angle":90,"type":"tag","tag":"0w","angleOffset":false},{"paddle":1,"angle":225,"type":"paddles","duration":0,"time":36,"ease":"linear","enabled":false},{"time":37.75,"angle":258.75,"type":"paddles","duration":0,"ease":"linear","paddle":1,"enabled":true},{"id":"bg","duration":0.80000001192093,"drawLayer":"bg","sx":50,"sy":50,"time":48.75,"angle":236.25,"type":"deco","sprite":"chaos3.png","ease":"inOutSine","x":-15000,"y":-5000},{"id":"bg","sx":1,"sprite":"chaos4@15","time":49.75,"angle":236.25,"type":"deco","sy":1.2000000476837,"x":0,"y":0},{"id":"sides","sx":0.55000001192093,"sprite":"sides.png","time":48.75,"angle":225,"type":"deco","sy":0.55000001192093,"x":85,"y":-150},{"id":"sides","ease":"inOutSine","type":"deco","duration":1,"angle":225,"time":49,"y":10},{"r":255,"angle":213.75,"type":"setColor","color":2,"time":48.5,"b":0,"g":0},{"id":"sides","angle":225,"type":"deco","duration":1,"ease":"inOutSine","time":50.5,"y":-150},{"r":0,"angle":202.5,"type":"setColor","color":0,"time":48.75,"b":0,"g":0},{"g":255,"duration":0.5,"color":0,"r":255,"angle":213.75,"type":"setColor","time":50,"b":255,"ease":"inOutSine"},{"paddle":1,"ease":"linear","type":"paddles","duration":0,"angle":247.5,"time":49,"newWidth":35},{"id":"black","angle":258.75,"type":"deco","sprite":"black.png","time":66.25,"x":0,"y":-400},{"id":"black","duration":0.75,"sy":1.2000000476837,"time":66.5,"ease":"inOutSine","type":"deco","angle":258.75,"y":720},{"id":"bg","angle":258.75,"type":"deco","sprite":"chaos1@20","time":66.8125},{"time":66.75,"angle":270,"type":"paddles","duration":0,"paddle":1,"ease":"linear","newWidth":70},{"time":59.25,"angle":315,"type":"tag","tag":"0b","angleOffset":false},{"time":66.5,"angle":281.25,"type":"tag","tag":"0w","angleOffset":false},{"time":81.25,"angle":202.5,"type":"tag","tag":"0b","angleOffset":false},{"time":82.25,"angle":191.25,"type":"setColor","b":0,"g":0,"color":0,"r":0},{"time":82.25,"angle":202.5,"type":"setColor","b":0,"g":0,"color":1,"r":0},{"time":83.125,"angle":191.25,"type":"setColor","b":255,"r":255,"color":0,"g":255},{"time":83.125,"angle":202.5,"type":"setColor","b":255,"g":255,"color":1,"r":255},{"time":83.375,"angle":191.25,"type":"setColor","b":0,"g":0,"color":1,"r":0},{"time":83.375,"angle":202.5,"type":"setColor","b":0,"g":0,"color":0,"r":0}]}