{"events":[{"volume":1,"offset":0.32400000095367,"type":"play","angle":90,"bpm":120,"time":-0,"file":"mus.wav"},{"var":"vfx.drawUI","type":"setBoolean","angle":270,"time":-1,"enable":false},{"b":255,"r":255,"type":"setColor","angle":90,"g":255,"time":-1,"color":0},{"b":10,"r":10,"type":"setColor","angle":101.25,"g":10,"time":-1,"color":1},{"b":28,"r":28,"type":"setColor","angle":112.5,"g":28,"time":-1,"color":2},{"b":79,"r":79,"type":"setColor","angle":123.75,"g":79,"time":-1,"color":3},{"b":40,"r":19,"type":"setColor","angle":135,"g":27,"time":-1,"color":4},{"b":77,"r":35,"type":"setColor","angle":146.25,"g":52,"time":-1,"color":5},{"b":130,"r":44,"type":"setColor","angle":157.5,"g":81,"time":-1,"color":6},{"b":173,"r":51,"type":"setColor","angle":168.75,"g":105,"time":-1,"color":7},{"ox":195,"oy":120,"sy":0,"time":-1,"drawOrder":1,"drawLayer":"fg","sx":0,"id":"newlevel","sprite":"newlevel1.png","angle":191.25,"type":"deco"},{"ox":75,"oy":150,"type":"deco","time":-1,"drawOrder":0,"drawLayer":"fg","y":-300,"id":"evemt","sx":1,"sy":1,"sprite":"event.png","x":-300,"angle":202.5},{"ox":195,"oy":30,"time":-1,"drawOrder":-1,"drawLayer":"fg","type":"deco","y":-300,"sx":1,"angle":213.75,"sprite":"playback.png","id":"playback","sy":1},{"ox":125,"oy":50,"id":"gotobeat","time":-1,"drawOrder":0,"drawLayer":"fg","y":660,"sy":1,"sx":1,"angle":225,"sprite":"gotobeat.png","type":"deco","x":725},{"ox":125,"oy":270,"id":"eventedit","time":-1,"drawOrder":-1,"drawLayer":"fg","y":-300,"sy":1,"sx":1,"angle":236.25,"sprite":"eventedit.png","type":"deco","x":725},{"ox":75,"oy":45,"id":"snap","time":-1,"drawOrder":-1,"drawLayer":"fg","y":660,"sy":1,"sx":1,"angle":247.5,"sprite":"snap.png","type":"deco","x":-300},{"ox":195,"oy":120,"sy":1,"time":0,"drawOrder":1,"drawLayer":"fg","sx":1,"id":"newlevel","sprite":"newlevel1.png","angle":191.25,"type":"deco"},{"ease":"inExpo","duration":0,"oy":150,"sy":1,"y":150,"time":0,"drawOrder":0,"drawLayer":"fg","type":"deco","id":"evemt","sx":1,"angle":202.5,"sprite":"event.png","x":75,"ox":75},{"ease":"inExpo","duration":0,"oy":30,"y":30,"id":"playback","time":0,"drawOrder":-1,"drawLayer":"fg","sx":1,"type":"deco","sy":1,"sprite":"playback.png","ox":195,"angle":213.75},{"ease":"inExpo","duration":0,"oy":50,"sy":1,"y":310,"time":0,"drawOrder":0,"drawLayer":"fg","type":"deco","id":"gotobeat","sx":1,"angle":225,"sprite":"gotobeat.png","x":475,"ox":125},{"ease":"inExpo","duration":0,"oy":270,"sy":1,"y":270,"time":0,"drawOrder":-1,"drawLayer":"fg","type":"deco","id":"eventedit","sx":1,"angle":236.25,"sprite":"eventedit.png","x":475,"ox":125},{"ease":"inExpo","duration":0,"oy":45,"sy":1,"y":315,"time":0,"drawOrder":-1,"drawLayer":"fg","type":"deco","id":"snap","sx":1,"angle":247.5,"sprite":"snap.png","x":75,"ox":75},{"type":"deco","angle":180,"sprite":"newlevel2.png","time":4.5,"id":"newlevel"},{"type":"deco","angle":202.5,"sprite":"playback2.png","time":4.5,"id":"playback"},{"type":"deco","angle":180,"sprite":"newlevel3.png","time":14,"id":"newlevel"},{"type":"deco","angle":180,"sprite":"newlevel4.png","time":20.5,"id":"newlevel"},{"type":"deco","angle":180,"sprite":"newlevel5.png","time":22,"id":"newlevel"},{"ease":"inBack","duration":1,"oy":120,"id":"newlevel","time":22.5,"drawOrder":1,"drawLayer":"fg","type":"deco","sx":1,"sy":1,"angle":202.5,"y":800,"ox":195},{"ease":"inBack","duration":1.125,"time":22.5,"drawOrder":0,"drawLayer":"fg","type":"deco","id":"evemt","sprite":"event.png","angle":213.75,"y":800},{"ease":"inBack","duration":1.25,"time":22.5,"drawOrder":-1,"drawLayer":"fg","type":"deco","angle":225,"id":"playback","y":800},{"ease":"inBack","duration":1.375,"time":22.5,"drawOrder":0,"drawLayer":"fg","type":"deco","angle":236.25,"id":"gotobeat","y":800},{"ease":"inBack","duration":1.5,"time":22.5,"drawOrder":-1,"drawLayer":"fg","type":"deco","id":"eventedit","sprite":"eventedit.png","angle":247.5,"y":800},{"ease":"inBack","duration":1.625,"time":22.5,"drawOrder":-1,"drawLayer":"fg","type":"deco","angle":258.75,"id":"snap","y":800},{"ease":"inExpo","r":-1080,"type":"deco","angle":112.5,"id":"newlevel","time":22.5,"duration":3},{"ease":"inExpo","r":1080,"type":"deco","angle":135,"id":"playback","time":22.5,"duration":3},{"ease":"inExpo","r":1080,"type":"deco","angle":146.25,"id":"gotobeat","time":22.5,"duration":3},{"ease":"inExpo","r":1080,"type":"deco","angle":157.5,"id":"eventedit","time":22.5,"duration":3},{"ease":"inExpo","r":-1080,"type":"deco","angle":168.75,"id":"snap","time":22.5,"duration":3},{"ease":"inExpo","r":-1080,"type":"deco","angle":123.75,"id":"evemt","time":22.5,"duration":3},{"type":"deco","angle":180,"sprite":"newlevel4.png","time":22.5,"id":"newlevel"},{"ox":600,"oy":360,"sy":8,"time":21.5,"drawOrder":0,"drawLayer":"bg","sx":8,"id":"editor","sprite":"editor1.png","angle":191.25,"type":"deco"},{"ease":"linear","color":3,"g":191,"time":22,"b":191,"r":191,"type":"setColor","angle":135,"duration":2},{"ease":"inSine","duration":1,"time":22,"order":2,"sx":0.5,"angle":191.25,"sy":0.5,"id":"editor","type":"deco"},{"angleOffset":false,"type":"tag","angle":0,"tag":"editorloop","time":23},{"var":"scrollSpeed","value":0.40000000596046,"angle":202.5,"time":18,"type":"ease"},{"ease":"inSine","duration":2,"var":"scrollSpeed","value":1,"angle":202.5,"time":22,"type":"ease"},{"time":24,"order":0,"repeats":64,"repeatDelay":0.5,"var":"vfx.noteXScale","type":"ease","angle":326.25,"value":1},{"time":24.010000228882,"order":1,"repeats":64,"repeatDelay":0.5,"var":"vfx.noteXScale","type":"ease","angle":337.5,"value":0},{"type":"hom","angle":56.25,"time":24,"enable":true},{"angleOffset":false,"type":"tag","angle":11.25,"tag":"editorloop2","time":22.989999771118},{"angleOffset":false,"type":"tag","angle":0,"tag":"editorloop","time":31},{"angleOffset":false,"type":"tag","angle":11.25,"tag":"editorloop2","time":30.989999771118},{"angleOffset":false,"type":"tag","angle":0,"tag":"editorloop","time":39},{"angleOffset":false,"type":"tag","angle":11.25,"tag":"editorloop2","time":38.989999771118},{"angleOffset":false,"type":"tag","angle":0,"tag":"editorloop","time":47},{"angleOffset":false,"type":"tag","angle":11.25,"tag":"editorloop2","time":46.989999771118},{"ox":86,"oy":86,"sy":8,"time":21.5,"drawOrder":0,"drawLayer":"bg","sx":8,"id":"editorcircle","sprite":"editorcircle.png","angle":270,"type":"deco"},{"ease":"inSine","duration":2,"time":22,"type":"deco","sy":0.5,"id":"editorcircle","sx":0.5,"angle":270},{"ease":"inSine","duration":2,"time":22,"type":"deco","sy":0.5,"id":"editor","sx":0.5,"angle":157.5},{"ease":"inSine","duration":2,"var":"p.paddleDistance","value":25,"angle":0,"time":22,"type":"ease"},{"var":"vfx.canvPos.sx","value":1.039999961853,"angle":33.75,"time":55.5,"type":"ease"},{"var":"vfx.canvPos.sy","value":1.039999961853,"angle":45,"time":55.5,"type":"ease"},{"type":"deco","angle":180,"sprite":"editorcircle2.png","time":56,"id":"editorcircle"},{"ease":"outSine","duration":0.5,"var":"p.paddleDistance","value":31,"angle":56.25,"time":55.5,"type":"ease"},{"ease":"outElastic","duration":1,"time":56.020000457764,"order":2,"var":"vfx.noteXScale","type":"ease","angle":123.75,"value":1},{"ease":"linear","color":0,"g":0,"time":56,"b":0,"r":0,"type":"setColor","angle":168.75,"duration":4},{"b":255,"r":255,"type":"setColor","angle":157.5,"g":255,"time":56,"color":2},{"color":2,"type":"setBgColor","angle":146.25,"time":56},{"var":"p.outlineColor","value":2,"angle":135,"time":56,"type":"ease"},{"ease":"outSine","duration":1,"var":"scrollSpeed","value":1.2999999523163,"angle":78.75,"time":55.5,"type":"ease"},{"ease":"outSine","color":0,"g":255,"time":101,"b":255,"r":255,"type":"setColor","angle":180,"duration":4},{"ease":"outSine","color":2,"g":0,"time":101,"b":0,"r":0,"type":"setColor","angle":165,"duration":4},{"ease":"outSine","duration":4,"var":"vfx.canvPos.sx","value":1,"angle":150,"time":101,"type":"ease"},{"ease":"outSine","duration":1,"var":"vfx.canvPos.sy","value":1,"angle":135,"time":101,"type":"ease"},{"color":0,"type":"noise","angle":120,"chance":0.89999997615814,"time":101},{"b":255,"r":255,"type":"setColor","angle":360,"g":255,"time":104,"color":0},{"b":10,"r":10,"type":"setColor","angle":371.25,"g":10,"time":104,"color":1},{"b":28,"r":28,"type":"setColor","angle":382.5,"g":28,"time":104,"color":2},{"b":79,"r":79,"type":"setColor","angle":393.75,"g":79,"time":104,"color":3},{"b":40,"r":19,"type":"setColor","angle":405,"g":27,"time":104,"color":7},{"b":77,"r":35,"type":"setColor","angle":416.25,"g":52,"time":104,"color":6},{"b":130,"r":44,"type":"setColor","angle":427.5,"g":81,"time":104,"color":4},{"b":173,"r":51,"type":"setColor","angle":438.75,"g":105,"time":104,"color":5},{"color":0,"type":"setBgColor","angle":112.5,"time":104},{"ease":"linear","color":1,"g":0,"time":56,"b":0,"r":0,"type":"setColor","angle":191.25,"duration":4},{"var":"vfx.hglitch.strength","value":15,"angle":360,"time":119.5,"type":"ease"},{"var":"vfx.hglitch.strength","value":0,"angle":348.75,"time":120,"type":"ease"},{"type":"hom","angle":11.25,"time":119.5,"enable":true},{"type":"hom","angle":11.25,"time":120,"enable":false},{"ox":300,"oy":24,"ky":0,"kx":25,"outline":true,"time":55,"sy":0,"drawLayer":"bg","sx":1,"angle":270,"type":"deco","y":300,"sprite":"txt1.png","x":300,"id":"text"},{"var":"vfx.drawUI","type":"setBoolean","angle":22.5,"time":55.5,"enable":true},{"ease":"outElastic","duration":1,"kx":0,"ky":0,"time":56,"type":"deco","id":"text","sy":1,"sx":1,"angle":281.25},{"ease":"outSine","duration":2,"time":56,"repeats":48,"start":1.0499999523163,"var":"vfx.canvPos.sx","type":"ease","angle":45,"repeatDelay":1,"value":1.0199999809265},{"ease":"outSine","duration":2,"time":56,"repeats":48,"start":1.0499999523163,"var":"vfx.canvPos.sy","type":"ease","angle":56.25,"repeatDelay":1,"value":1.0199999809265},{"ox":300,"kx":25,"ky":0,"time":56,"order":-1,"id":"text","sy":0,"angle":270,"x":300,"y":300,"type":"deco","sx":1,"oy":24},{"ease":"outElastic","duration":1,"kx":0,"ky":0,"time":63.5,"sy":1,"type":"deco","id":"text","sprite":"txt2.png","sx":1,"angle":281.25},{"ox":300,"kx":25,"ky":0,"time":63.5,"order":-1,"oy":24,"y":80,"sy":0,"x":300,"angle":270,"id":"text","type":"deco","sx":1},{"ease":"outElastic","duration":1,"kx":0,"ky":0,"time":67.5,"sy":1,"type":"deco","id":"text2","sprite":"txt2.png","sx":1,"angle":315},{"ox":300,"kx":25,"ky":0,"time":67.5,"order":-1,"oy":24,"y":300,"sy":0,"x":300,"angle":303.75,"id":"text2","type":"deco","sx":1},{"ease":"outElastic","duration":1,"kx":0,"ky":25,"time":72,"sy":0,"type":"deco","id":"text2","sprite":"txt2.png","sx":1,"angle":0},{"ease":"outElastic","duration":1,"kx":0,"ky":0,"time":72,"sy":1,"type":"deco","id":"text","sprite":"txt3.png","sx":1,"angle":285},{"ox":300,"kx":25,"ky":0,"time":72,"order":-1,"oy":24,"y":300,"sy":0,"x":300,"angle":270,"id":"text","type":"deco","sx":1},{"ease":"outElastic","duration":1,"kx":0,"ky":0,"time":79.5,"sy":1,"type":"deco","id":"text","sprite":"txt4.png","sx":1,"angle":281.25},{"ox":300,"kx":25,"ky":0,"time":79.5,"order":-1,"oy":24,"y":300,"sy":0,"x":300,"angle":270,"id":"text","type":"deco","sx":1},{"ease":"outElastic","duration":1,"kx":0,"ky":0,"time":83.5,"sy":1,"type":"deco","id":"text2","sprite":"txt4.png","sx":1,"angle":281.25},{"ox":300,"kx":25,"ky":0,"time":83.5,"order":-1,"oy":24,"y":80,"sy":0,"x":300,"angle":270,"id":"text2","type":"deco","sx":1},{"ease":"outElastic","duration":1,"kx":0,"ky":0,"time":88,"sy":1,"type":"deco","id":"text","sprite":"txt5.png","sx":1,"angle":281.25},{"ox":300,"kx":25,"ky":0,"time":88,"order":-1,"oy":24,"y":300,"sy":0,"x":300,"angle":270,"id":"text","type":"deco","sx":1},{"ease":"outElastic","duration":1,"kx":25,"ky":0,"time":88,"type":"deco","id":"text2","sy":0,"sx":1,"angle":303.75},{"ease":"outElastic","duration":1,"kx":0,"ky":0,"time":95.5,"sy":1,"type":"deco","id":"text","sprite":"txt6.png","sx":1,"angle":281.25},{"ox":300,"kx":25,"ky":0,"time":95.5,"order":-1,"oy":24,"y":300,"sy":0,"x":300,"angle":270,"id":"text","type":"deco","sx":1},{"ease":"outElastic","duration":1,"kx":0,"ky":0,"time":99.5,"sy":1,"type":"deco","id":"text2","sprite":"txt6.png","sx":1,"angle":281.25},{"ox":300,"kx":25,"ky":0,"time":99.5,"order":-1,"type":"deco","y":80,"sy":0,"x":300,"angle":270,"id":"text2","sx":1,"oy":24},{"ease":"outElastic","duration":1,"kx":0,"ky":0,"time":104,"sy":1,"type":"deco","id":"text","sprite":"txt7.png","sx":1,"angle":303.75},{"ox":300,"kx":25,"ky":0,"time":104,"order":-1,"oy":24,"y":300,"sy":0,"x":300,"angle":292.5,"id":"text","type":"deco","sx":1},{"ease":"outElastic","duration":1,"kx":25,"ky":0,"time":104,"type":"deco","id":"text2","sy":0,"sx":1,"angle":326.25},{"ease":"outElastic","duration":1,"kx":0,"ky":0,"time":111.5,"sy":1,"type":"deco","id":"text","sprite":"txt8.png","sx":1,"angle":303.75},{"ox":300,"kx":25,"ky":0,"time":111.5,"order":-1,"oy":24,"y":300,"sy":0,"x":300,"angle":292.5,"id":"text","type":"deco","sx":1},{"ease":"outElastic","duration":1,"kx":25,"ky":0,"time":120,"sy":0,"type":"deco","id":"text","sprite":"txt5.png","sx":1,"angle":300},{"ease":"outSine","duration":4,"time":104,"order":1,"var":"vfx.canvPos.sx","type":"ease","angle":168.75,"value":1},{"ease":"outSine","duration":4,"time":104,"order":1,"var":"vfx.canvPos.sy","type":"ease","angle":157.5,"value":1},{"color":0,"type":"noise","angle":22.5,"chance":0,"time":119.5},{"var":"vfx.hglitch.strength","value":15,"angle":382.5,"time":127.5,"type":"ease"},{"var":"vfx.hglitch.strength","value":0,"angle":371.25,"time":128,"type":"ease"},{"type":"hom","angle":33.75,"time":127.5,"enable":true},{"type":"hom","angle":33.75,"time":128,"enable":false},{"color":6,"type":"noise","angle":45,"chance":0.80000001192093,"time":127.75},{"ease":"linear","duration":0,"type":"paddles","angle":180,"paddle":1,"time":127.5,"newAngle":180},{"ease":"linear","duration":0,"type":"paddles","angle":180,"paddle":1,"time":128.00999450684,"newAngle":0},{"ox":160,"oy":160,"time":120,"x":800,"angle":90,"sprite":"extrarev@8","id":"extra_rev","type":"deco"},{"ease":"outExpo","duration":4,"time":120,"order":1,"sx":1,"angle":101.25,"x":450,"id":"extra_rev","type":"deco"},{"color":0,"type":"noise","angle":45,"chance":0,"time":128},{"hide":true,"type":"deco","angle":337.5,"time":104,"id":"editorcircle"},{"hide":true,"type":"deco","angle":101.25,"time":127.75,"id":"extra_rev"},{"b":127,"r":236,"type":"setColor","angle":67.5,"g":127,"time":120,"color":5},{"b":45,"r":225,"type":"setColor","angle":78.75,"g":45,"time":120,"color":6},{"color":5,"type":"noise","angle":45,"chance":0.80000001192093,"time":127.5},{"var":"vfx.hglitch.strength","value":15,"angle":382.5,"time":132.5,"type":"ease"},{"var":"vfx.hglitch.strength","value":0,"angle":371.25,"time":133,"type":"ease"},{"type":"hom","angle":33.75,"time":132.5,"enable":true},{"type":"hom","angle":33.75,"time":133,"enable":false},{"color":6,"type":"noise","angle":45,"chance":0.80000001192093,"time":132.75},{"ease":"linear","duration":0,"type":"paddles","angle":180,"paddle":1,"time":132.5,"newAngle":180},{"ease":"linear","duration":0,"type":"paddles","angle":180,"paddle":1,"time":133,"newAngle":0},{"color":0,"type":"noise","angle":45,"chance":0,"time":133},{"b":127,"r":236,"type":"setColor","angle":67.5,"g":127,"time":132.5,"color":5},{"b":45,"r":225,"type":"setColor","angle":78.75,"g":45,"time":132.5,"color":6},{"color":5,"type":"noise","angle":45,"chance":0.80000001192093,"time":132.5},{"var":"vfx.hglitch.strength","value":15,"angle":382.5,"time":133.5,"type":"ease"},{"var":"vfx.hglitch.strength","value":0,"angle":371.25,"time":134,"type":"ease"},{"type":"hom","angle":33.75,"time":133.5,"enable":true},{"type":"hom","angle":33.75,"time":134,"enable":false},{"color":6,"type":"noise","angle":45,"chance":0.80000001192093,"time":133.75},{"ease":"linear","duration":0,"type":"paddles","angle":180,"paddle":1,"time":133.5,"newAngle":180},{"ease":"linear","duration":0,"type":"paddles","angle":180,"paddle":1,"time":134,"newAngle":0},{"color":0,"type":"noise","angle":45,"chance":0,"time":134},{"b":127,"r":236,"type":"setColor","angle":67.5,"g":127,"time":133.5,"color":5},{"b":45,"r":225,"type":"setColor","angle":78.75,"g":45,"time":133.5,"color":6},{"color":5,"type":"noise","angle":45,"chance":0.80000001192093,"time":133.5},{"var":"vfx.hglitch.strength","value":15,"angle":382.5,"time":134.5,"type":"ease"},{"var":"vfx.hglitch.strength","value":0,"angle":371.25,"time":135,"type":"ease"},{"type":"hom","angle":33.75,"time":134.5,"enable":true},{"type":"hom","angle":33.75,"time":135,"enable":false},{"color":6,"type":"noise","angle":45,"chance":0.80000001192093,"time":134.75},{"ease":"linear","duration":0,"type":"paddles","angle":180,"paddle":1,"time":134.5,"newAngle":180},{"ease":"linear","duration":0,"type":"paddles","angle":180,"paddle":1,"time":135,"newAngle":0},{"color":0,"type":"noise","angle":45,"chance":0,"time":135},{"b":127,"r":236,"type":"setColor","angle":67.5,"g":127,"time":134.5,"color":5},{"b":45,"r":225,"type":"setColor","angle":78.75,"g":45,"time":134.5,"color":6},{"color":5,"type":"noise","angle":45,"chance":0.80000001192093,"time":134.5},{"var":"vfx.hglitch.strength","value":15,"angle":382.5,"time":143.5,"type":"ease"},{"var":"vfx.hglitch.strength","value":0,"angle":371.25,"time":144,"type":"ease"},{"type":"hom","angle":33.75,"time":143.5,"enable":true},{"type":"hom","angle":33.75,"time":144,"enable":false},{"color":6,"type":"noise","angle":45,"chance":0.80000001192093,"time":143.75},{"ease":"linear","duration":0,"type":"paddles","angle":180,"paddle":1,"time":143.5,"newAngle":180},{"ease":"linear","duration":0,"type":"paddles","angle":180,"paddle":1,"time":144,"newAngle":0},{"color":0,"type":"noise","angle":45,"chance":0,"time":144},{"b":127,"r":236,"type":"setColor","angle":67.5,"g":127,"time":143.5,"color":5},{"b":45,"r":225,"type":"setColor","angle":78.75,"g":45,"time":143.5,"color":6},{"color":5,"type":"noise","angle":45,"chance":0.80000001192093,"time":143.5},{"color":0,"type":"noise","angle":90,"chance":0.89999997615814,"time":104},{"angleOffset":false,"type":"tag","angle":360,"tag":"backpulse2","time":159.75},{"angleOffset":false,"type":"tag","angle":348.75,"tag":"backpulse","time":103.75},{"angleOffset":false,"type":"tag","angle":11.25,"tag":"backpulse","time":111.75},{"angleOffset":false,"type":"tag","angle":0,"tag":"backpulse2","time":151.75},{"var":"vfx.hglitch.strength","value":15,"angle":427.5,"time":159.5,"type":"ease"},{"var":"vfx.hglitch.strength","value":0,"angle":416.25,"time":160,"type":"ease"},{"type":"hom","angle":78.75,"time":159.5,"enable":true},{"type":"hom","angle":78.75,"time":160,"enable":false},{"color":6,"type":"noise","angle":90,"chance":0.80000001192093,"time":159.75},{"ease":"linear","duration":0,"type":"paddles","angle":225,"paddle":1,"time":159.5,"newAngle":180},{"ease":"linear","duration":0,"type":"paddles","angle":225,"paddle":1,"time":160,"newAngle":0},{"color":0,"type":"noise","angle":90,"chance":0,"time":160},{"b":127,"r":236,"type":"setColor","angle":112.5,"g":127,"time":159.5,"color":5},{"b":45,"r":225,"type":"setColor","angle":123.75,"g":45,"time":159.5,"color":6},{"color":5,"type":"noise","angle":90,"chance":0.80000001192093,"time":159.5},{"var":"vfx.hglitch.strength","value":15,"angle":382.5,"time":164.5,"type":"ease"},{"var":"vfx.hglitch.strength","value":0,"angle":371.25,"time":165,"type":"ease"},{"type":"hom","angle":33.75,"time":164.5,"enable":true},{"type":"hom","angle":33.75,"time":165,"enable":false},{"color":6,"type":"noise","angle":45,"chance":0.80000001192093,"time":164.75},{"ease":"linear","duration":0,"type":"paddles","angle":180,"paddle":1,"time":164.5,"newAngle":180},{"ease":"linear","duration":0,"type":"paddles","angle":180,"paddle":1,"time":165,"newAngle":0},{"color":0,"type":"noise","angle":45,"chance":0,"time":165},{"b":127,"r":236,"type":"setColor","angle":67.5,"g":127,"time":164.5,"color":5},{"b":45,"r":225,"type":"setColor","angle":78.75,"g":45,"time":164.5,"color":6},{"color":5,"type":"noise","angle":45,"chance":0.80000001192093,"time":164.5},{"var":"vfx.hglitch.strength","value":15,"angle":382.5,"time":165.5,"type":"ease"},{"type":"hom","angle":33.75,"time":165.5,"enable":true},{"type":"hom","angle":33.75,"time":166,"enable":false},{"color":6,"type":"noise","angle":45,"chance":0.80000001192093,"time":165.75},{"ease":"linear","duration":0,"type":"paddles","angle":180,"paddle":1,"time":165.5,"newAngle":180},{"ease":"linear","duration":0,"type":"paddles","angle":180,"paddle":1,"time":166,"newAngle":0},{"color":0,"type":"noise","angle":45,"chance":0,"time":166},{"b":127,"r":236,"type":"setColor","angle":67.5,"g":127,"time":165.5,"color":5},{"b":45,"r":225,"type":"setColor","angle":78.75,"g":45,"time":165.5,"color":6},{"color":5,"type":"noise","angle":45,"chance":0.80000001192093,"time":165.5},{"var":"vfx.hglitch.strength","value":15,"angle":382.5,"time":166.5,"type":"ease"},{"type":"hom","angle":33.75,"time":166.5,"enable":true},{"type":"hom","angle":33.75,"time":168,"enable":false},{"color":6,"type":"noise","angle":45,"chance":0.80000001192093,"time":166.75},{"ease":"linear","duration":0,"type":"paddles","angle":180,"paddle":1,"time":166.5,"newAngle":180},{"color":0,"type":"noise","angle":45,"chance":0,"time":167},{"b":127,"r":236,"type":"setColor","angle":67.5,"g":127,"time":166.5,"color":5},{"b":45,"r":225,"type":"setColor","angle":78.75,"g":45,"time":166.5,"color":6},{"color":5,"type":"noise","angle":45,"chance":0.80000001192093,"time":166.5},{"var":"vfx.hglitch.strength","value":15,"angle":382.5,"time":167,"type":"ease"},{"color":6,"type":"noise","angle":45,"chance":0.80000001192093,"time":167.25},{"ease":"linear","duration":0,"type":"paddles","angle":180,"paddle":1,"time":167,"newAngle":180},{"color":0,"type":"noise","angle":45,"chance":0,"time":167.5},{"b":127,"r":236,"type":"setColor","angle":67.5,"g":127,"time":167,"color":5},{"b":45,"r":225,"type":"setColor","angle":78.75,"g":45,"time":167,"color":6},{"color":5,"type":"noise","angle":45,"chance":0.80000001192093,"time":167},{"var":"vfx.hglitch.strength","value":15,"angle":382.5,"time":167.5,"type":"ease"},{"var":"vfx.hglitch.strength","value":0,"angle":371.25,"time":168,"type":"ease"},{"color":6,"type":"noise","angle":45,"chance":0.80000001192093,"time":167.75},{"ease":"linear","duration":0,"type":"paddles","angle":180,"paddle":1,"time":167.5,"newAngle":180},{"ease":"linear","duration":0,"type":"paddles","angle":180,"paddle":1,"time":168,"newAngle":0},{"color":0,"type":"noise","angle":45,"chance":0,"time":168},{"b":127,"r":236,"type":"setColor","angle":67.5,"g":127,"time":167.5,"color":5},{"b":45,"r":225,"type":"setColor","angle":78.75,"g":45,"time":167.5,"color":6},{"color":5,"type":"noise","angle":45,"chance":0.80000001192093,"time":167.5},{"var":"vfx.hglitch.strength","value":0,"angle":22.5,"time":166,"type":"ease"},{"angleOffset":false,"type":"tag","angle":360,"tag":"backpulse2","time":170.75},{"var":"vfx.hglitch.strength","value":15,"angle":427.5,"time":170.5,"type":"ease"},{"var":"vfx.hglitch.strength","value":0,"angle":416.25,"time":171,"type":"ease"},{"type":"hom","angle":78.75,"time":170.5,"enable":true},{"type":"hom","angle":78.75,"time":171,"enable":false},{"color":6,"type":"noise","angle":90,"chance":0.80000001192093,"time":170.75},{"ease":"linear","duration":0,"type":"paddles","angle":225,"paddle":1,"time":170.5,"newAngle":180},{"ease":"linear","duration":0,"type":"paddles","angle":225,"paddle":1,"time":171.02000427246,"newAngle":0},{"color":0,"type":"noise","angle":90,"chance":0,"time":171},{"b":127,"r":236,"type":"setColor","angle":112.5,"g":127,"time":170.5,"color":5},{"b":45,"r":225,"type":"setColor","angle":123.75,"g":45,"time":170.5,"color":6},{"color":5,"type":"noise","angle":90,"chance":0.80000001192093,"time":170.5},{"color":6,"type":"outline","angle":123.75,"time":120,"enable":true},{"ease":"outSine","duration":2,"type":"paddles","angle":0,"paddle":1,"time":160,"newWidth":25},{"ease":"outSine","duration":1,"type":"paddles","angle":360,"paddle":1,"time":168,"newWidth":70},{"ease":"outElastic","duration":2,"var":"scrollSpeed","value":1.5,"angle":326.25,"time":151,"type":"ease"},{"color":0,"type":"outline","angle":0,"time":171.25,"enable":false},{"color":5,"type":"outline","angle":0,"time":171.5,"enable":true},{"color":0,"type":"outline","angle":0,"time":171.75,"enable":false},{"color":5,"type":"outline","angle":0,"time":172,"enable":true},{"color":0,"type":"outline","angle":0,"time":172.25,"enable":false},{"color":5,"type":"outline","angle":0,"time":172.5,"enable":true},{"color":0,"type":"outline","angle":0,"time":172.75,"enable":false},{"color":5,"type":"outline","angle":0,"time":171,"enable":true},{"type":"hom","angle":11.25,"time":176,"enable":true},{"ease":"inSine","duration":8,"var":"vfx.canvPos.r","value":4,"angle":348.75,"time":176,"type":"ease"},{"var":"vfx.canvPos.r","value":0,"angle":0,"time":184,"type":"ease"},{"angleOffset":false,"type":"tag","angle":0,"tag":"backpulse","time":176},{"color":2,"type":"setBgColor","angle":120,"time":184},{"angleOffset":false,"type":"tag","angle":-30,"tag":"impact","time":184},{"ox":320,"oy":320,"ky":0,"time":184,"type":"deco","angle":180,"sprite":"space.png","kx":0,"id":"space"},{"ease":"outExpo","duration":6,"kx":0.30000001192093,"ky":-0.30000001192093,"time":184,"order":1,"drawLayer":"bg","r":360,"type":"deco","id":"space","angle":165},{"ease":"outSine","duration":2,"time":184,"start":360,"var":"vfx.angleTwist.offset","type":"ease","angle":195,"value":0},{"ease":"inExpo","duration":1,"time":184,"start":5,"var":"scrollSpeed","type":"ease","angle":210,"value":2},{"b":36,"r":20,"type":"setColor","angle":105,"g":23,"time":184,"color":2},{"var":"vfx.canvPos.r","value":0,"angle":0,"time":187,"type":"ease"},{"angleOffset":false,"type":"tag","angle":345,"tag":"impact2","time":187},{"ox":320,"oy":320,"ky":0,"time":187,"type":"deco","angle":180,"sprite":"space.png","kx":0,"id":"space"},{"ease":"outExpo","duration":12,"kx":0.30000001192093,"ky":-0.30000001192093,"time":187,"order":1,"r":-360,"type":"deco","id":"space","angle":150},{"ease":"outSine","duration":2,"time":187,"repeats":3,"start":-720,"var":"vfx.angleTwist.offset","type":"ease","angle":210,"repeatDelay":1,"value":0},{"ease":"inExpo","duration":1,"time":187,"repeats":3,"start":5,"var":"scrollSpeed","type":"ease","angle":240,"repeatDelay":1,"value":2},{"ease":"linear","duration":4,"type":"paddles","angle":330,"paddle":1,"time":176,"newWidth":40},{"var":"vfx.canvPos.r","value":0,"angle":-15,"time":193,"type":"ease"},{"angleOffset":false,"type":"tag","angle":-45,"tag":"impact","time":193},{"ox":320,"oy":320,"ky":0,"time":193,"type":"deco","angle":135,"sprite":"space.png","kx":0,"id":"space"},{"ease":"outExpo","duration":6,"kx":0.30000001192093,"ky":-0.30000001192093,"time":193,"order":1,"r":360,"type":"deco","id":"space","angle":105},{"ease":"outSine","duration":2,"time":193,"start":360,"var":"vfx.angleTwist.offset","type":"ease","angle":165,"value":0},{"ease":"inExpo","duration":1,"time":193,"start":5,"var":"scrollSpeed","type":"ease","angle":195,"value":2},{"type":"hom","angle":15,"time":184,"enable":true},{"type":"hom","angle":15,"time":185,"enable":false},{"type":"hom","angle":45,"time":187,"enable":true},{"type":"hom","angle":90,"time":192,"enable":false},{"type":"hom","angle":75,"time":193,"enable":true},{"type":"hom","angle":90,"time":194,"enable":false},{"color":7,"type":"noise","angle":60,"chance":0.30000001192093,"time":184},{"var":"vfx.canvPos.r","value":0,"angle":-45,"time":195,"type":"ease"},{"angleOffset":false,"type":"tag","angle":-390,"tag":"impact2","time":195},{"ox":320,"oy":320,"ky":0,"time":195,"type":"deco","angle":-225,"sprite":"space.png","kx":0,"id":"space"},{"ease":"outExpo","duration":12,"kx":0.30000001192093,"ky":-0.30000001192093,"time":195,"order":1,"r":-360,"type":"deco","id":"space","angle":-195},{"ease":"outSine","duration":2,"time":195,"repeats":3,"start":-720,"var":"vfx.angleTwist.offset","type":"ease","angle":-255,"repeatDelay":1,"value":0},{"ease":"inExpo","duration":1,"time":195,"repeats":3,"start":5,"var":"scrollSpeed","type":"ease","angle":-285,"repeatDelay":1,"value":2},{"type":"hom","angle":-90,"time":195,"enable":true},{"type":"hom","angle":-135,"time":200,"enable":false},{"var":"vfx.canvPos.r","value":0,"angle":-90,"time":200,"type":"ease"},{"angleOffset":false,"type":"tag","angle":-120,"tag":"impact","time":200},{"ox":320,"oy":320,"ky":0,"time":200,"type":"deco","angle":60,"sprite":"space.png","kx":0,"id":"space"},{"ease":"outExpo","duration":6,"kx":0.30000001192093,"ky":-0.30000001192093,"time":200,"order":1,"r":360,"type":"deco","id":"space","angle":30},{"ease":"outSine","duration":2,"time":200,"start":360,"var":"vfx.angleTwist.offset","type":"ease","angle":90,"value":0},{"ease":"inExpo","duration":1,"time":200,"start":5,"var":"scrollSpeed","type":"ease","angle":120,"value":2},{"type":"hom","angle":0,"time":200,"enable":true},{"var":"vfx.canvPos.r","value":0,"angle":90,"time":203,"type":"ease"},{"angleOffset":false,"type":"tag","angle":435,"tag":"impact2","time":203},{"ox":320,"oy":320,"ky":0,"time":203,"type":"deco","angle":270,"sprite":"space.png","kx":0,"id":"space"},{"ease":"outExpo","duration":12,"kx":0.30000001192093,"ky":-0.30000001192093,"time":203,"order":1,"r":-360,"type":"deco","id":"space","angle":240},{"ease":"outSine","duration":2,"time":203,"repeats":3,"start":-720,"var":"vfx.angleTwist.offset","type":"ease","angle":300,"repeatDelay":1,"value":0},{"ease":"inExpo","duration":1,"time":203,"repeats":3,"start":5,"var":"scrollSpeed","type":"ease","angle":330,"repeatDelay":1,"value":2},{"var":"vfx.canvPos.r","value":0,"angle":75,"time":209,"type":"ease"},{"angleOffset":false,"type":"tag","angle":45,"tag":"impact","time":209},{"ox":320,"oy":320,"ky":0,"time":209,"type":"deco","angle":225,"sprite":"space.png","kx":0,"id":"space"},{"ease":"outExpo","duration":6,"kx":0.30000001192093,"ky":-0.30000001192093,"time":209,"order":1,"r":360,"type":"deco","id":"space","angle":195},{"ease":"outSine","duration":2,"time":209,"start":360,"var":"vfx.angleTwist.offset","type":"ease","angle":255,"value":0},{"ease":"inExpo","duration":1,"time":209,"start":5,"var":"scrollSpeed","type":"ease","angle":285,"value":2},{"type":"hom","angle":105,"time":201,"enable":false},{"type":"hom","angle":135,"time":203,"enable":true},{"type":"hom","angle":180,"time":208,"enable":false},{"type":"hom","angle":165,"time":209,"enable":true},{"type":"hom","angle":180,"time":210,"enable":false},{"var":"vfx.canvPos.r","value":0,"angle":45,"time":211,"type":"ease"},{"angleOffset":false,"type":"tag","angle":-300,"tag":"impact2","time":211},{"ox":320,"oy":320,"ky":0,"time":211,"type":"deco","angle":-135,"sprite":"space.png","kx":0,"id":"space"},{"ease":"outExpo","duration":12,"kx":0.30000001192093,"ky":-0.30000001192093,"time":211,"order":1,"r":-360,"type":"deco","id":"space","angle":-105},{"ease":"outSine","duration":2,"time":211,"repeats":3,"start":-720,"var":"vfx.angleTwist.offset","type":"ease","angle":-165,"repeatDelay":1,"value":0},{"ease":"inExpo","duration":1,"time":211,"repeats":3,"start":5,"var":"scrollSpeed","type":"ease","angle":-195,"repeatDelay":1,"value":2},{"type":"hom","angle":0,"time":211,"enable":true},{"type":"hom","angle":-45,"time":216,"enable":false},{"var":"vfx.canvPos.r","value":0,"angle":0,"time":216,"type":"ease"},{"angleOffset":false,"type":"tag","angle":-30,"tag":"impact","time":216},{"ox":320,"oy":320,"ky":0,"time":216,"type":"deco","angle":150,"sprite":"space.png","kx":0,"id":"space"},{"ease":"outExpo","duration":6,"kx":0.30000001192093,"ky":-0.30000001192093,"time":216,"order":1,"r":360,"type":"deco","id":"space","angle":120},{"ease":"outSine","duration":2,"time":216,"start":360,"var":"vfx.angleTwist.offset","type":"ease","angle":180,"value":0},{"ease":"inExpo","duration":1,"time":216,"start":5,"var":"scrollSpeed","type":"ease","angle":210,"value":2},{"type":"hom","angle":90,"time":216,"enable":true},{"var":"vfx.canvPos.r","value":0,"angle":0,"time":219,"type":"ease"},{"angleOffset":false,"type":"tag","angle":-345,"tag":"impact2","time":219},{"ox":320,"oy":320,"ky":0,"time":219,"type":"deco","angle":-180,"sprite":"space.png","kx":0,"id":"space"},{"ease":"outExpo","duration":12,"kx":0.30000001192093,"ky":-0.30000001192093,"time":219,"order":1,"r":-360,"type":"deco","id":"space","angle":-150},{"ease":"outSine","duration":2,"time":219,"repeats":3,"start":-720,"var":"vfx.angleTwist.offset","type":"ease","angle":-210,"repeatDelay":1,"value":0},{"ease":"inExpo","duration":1,"time":219,"repeats":3,"start":5,"var":"scrollSpeed","type":"ease","angle":-240,"repeatDelay":1,"value":2},{"var":"vfx.canvPos.r","value":0,"angle":15,"time":225,"type":"ease"},{"angleOffset":false,"type":"tag","angle":45,"tag":"impact","time":225},{"ox":320,"oy":320,"ky":0,"time":225,"type":"deco","angle":-135,"sprite":"space.png","kx":0,"id":"space"},{"ease":"outExpo","duration":6,"kx":0.30000001192093,"ky":-0.30000001192093,"time":225,"order":1,"r":360,"type":"deco","id":"space","angle":-105},{"ease":"outSine","duration":2,"time":225,"start":360,"var":"vfx.angleTwist.offset","type":"ease","angle":-165,"value":0},{"ease":"inExpo","duration":1,"time":225,"start":5,"var":"scrollSpeed","type":"ease","angle":-195,"value":2},{"type":"hom","angle":-15,"time":217,"enable":false},{"type":"hom","angle":-45,"time":219,"enable":true},{"type":"hom","angle":-90,"time":224,"enable":false},{"type":"hom","angle":-75,"time":225,"enable":true},{"type":"hom","angle":-90,"time":226,"enable":false},{"var":"vfx.canvPos.r","value":0,"angle":45,"time":227,"type":"ease"},{"angleOffset":false,"type":"tag","angle":390,"tag":"impact2","time":227},{"ox":320,"oy":320,"ky":0,"time":227,"type":"deco","angle":225,"sprite":"space.png","kx":0,"id":"space"},{"ease":"outExpo","duration":12,"kx":0.30000001192093,"ky":-0.30000001192093,"time":227,"order":1,"r":-360,"type":"deco","id":"space","angle":195},{"ease":"outSine","duration":2,"time":227,"repeats":3,"start":-720,"var":"vfx.angleTwist.offset","type":"ease","angle":255,"repeatDelay":1,"value":0},{"ease":"inExpo","duration":1,"time":227,"repeats":3,"start":5,"var":"scrollSpeed","type":"ease","angle":285,"repeatDelay":1,"value":2},{"type":"hom","angle":90,"time":227,"enable":true},{"var":"vfx.canvPos.r","value":0,"angle":-90,"time":235,"type":"ease"},{"angleOffset":false,"type":"tag","angle":-435,"tag":"impact2","time":235},{"ox":320,"oy":320,"ky":0,"time":235,"type":"deco","angle":-270,"sprite":"space.png","kx":0,"id":"space"},{"ease":"outExpo","duration":12,"kx":0.30000001192093,"ky":-0.30000001192093,"time":235,"order":1,"r":-360,"type":"deco","id":"space","angle":-240},{"ease":"outSine","duration":2,"time":235,"repeats":3,"start":-720,"var":"vfx.angleTwist.offset","type":"ease","angle":-300,"repeatDelay":1,"value":0},{"ease":"inExpo","duration":1,"time":235,"repeats":3,"start":5,"var":"scrollSpeed","type":"ease","angle":-330,"repeatDelay":1,"value":2},{"var":"vfx.canvPos.r","value":0,"angle":-75,"time":241,"type":"ease"},{"angleOffset":false,"type":"tag","angle":-45,"tag":"impact","time":241},{"ox":320,"oy":320,"ky":0,"time":241,"type":"deco","angle":-225,"sprite":"space.png","kx":0,"id":"space"},{"ease":"outExpo","duration":6,"kx":0.30000001192093,"ky":-0.30000001192093,"time":241,"order":1,"r":360,"type":"deco","id":"space","angle":-195},{"ease":"outSine","duration":2,"time":241,"start":360,"var":"vfx.angleTwist.offset","type":"ease","angle":-255,"value":0},{"ease":"inExpo","duration":1,"time":241,"start":5,"var":"scrollSpeed","type":"ease","angle":-285,"value":2},{"type":"hom","angle":-105,"time":233,"enable":false},{"type":"hom","angle":-135,"time":235,"enable":true},{"type":"hom","angle":-180,"time":240,"enable":false},{"type":"hom","angle":-165,"time":241,"enable":true},{"type":"hom","angle":-180,"time":242,"enable":false},{"var":"vfx.canvPos.r","value":0,"angle":-45,"time":243,"type":"ease"},{"angleOffset":false,"type":"tag","angle":300,"tag":"impact2","time":243},{"ox":320,"oy":320,"ky":0,"time":243,"type":"deco","angle":135,"sprite":"space.png","kx":0,"id":"space"},{"ease":"outExpo","duration":12,"kx":0.30000001192093,"ky":-0.30000001192093,"time":243,"order":1,"r":-360,"type":"deco","id":"space","angle":105},{"ease":"outSine","duration":2,"time":243,"repeats":3,"start":-720,"var":"vfx.angleTwist.offset","type":"ease","angle":165,"repeatDelay":1,"value":0},{"ease":"inExpo","duration":1,"time":243,"repeats":3,"start":5,"var":"scrollSpeed","type":"ease","angle":195,"repeatDelay":1,"value":2},{"type":"hom","angle":0,"time":243,"enable":true},{"ease":"inExpo","duration":4,"time":243,"type":"deco","sy":4,"id":"space","sx":4,"angle":75},{"ease":"outElastic","duration":1,"kx":0,"ky":0,"time":152,"sy":1,"type":"deco","id":"text","sprite":"txt9.png","sx":1,"angle":315},{"ox":300,"kx":25,"ky":0,"time":152,"order":-1,"oy":24,"y":300,"sy":0,"x":300,"angle":300,"id":"text","type":"deco","sx":1},{"ease":"outElastic","duration":1,"kx":0,"ky":0,"time":158,"sy":1,"type":"deco","id":"text","sprite":"txt10.png","sx":1,"angle":315},{"ox":300,"kx":25,"ky":0,"time":158,"order":-1,"oy":24,"y":300,"sy":0,"x":300,"angle":300,"id":"text","type":"deco","sx":1},{"ease":"outElastic","duration":1,"kx":0,"ky":0,"time":168,"sy":1,"type":"deco","id":"text","sprite":"txt11.png","sx":1,"angle":315},{"ox":300,"kx":25,"ky":0,"time":168,"order":-1,"id":"text","sy":0,"angle":300,"x":300,"y":300,"type":"deco","sx":1,"oy":24},{"ease":"outElastic","duration":1,"kx":0,"ky":0,"time":176,"sy":1,"type":"deco","id":"text","sprite":"txt12.png","sx":1,"angle":315},{"ox":300,"kx":25,"ky":0,"time":176,"order":-1,"id":"text","sy":0,"angle":300,"x":300,"y":300,"type":"deco","sx":1,"oy":24},{"ease":"outElastic","duration":1,"kx":25,"ky":0,"time":184,"type":"deco","id":"text","sy":0,"sx":1,"angle":285},{"ease":"inSine","duration":0.25,"type":"paddles","angle":15,"paddle":1,"time":186,"newWidth":40},{"ease":"outSine","duration":0.25,"type":"paddles","angle":15,"paddle":1,"time":187,"newWidth":25},{"ease":"inSine","duration":0.25,"type":"paddles","angle":30,"paddle":1,"time":192,"newWidth":40},{"ease":"outSine","duration":0.25,"type":"paddles","angle":30,"paddle":1,"time":193,"newWidth":25},{"ease":"inSine","duration":0.25,"type":"paddles","angle":15,"paddle":1,"time":194,"newWidth":40},{"ease":"outSine","duration":0.25,"type":"paddles","angle":15,"paddle":1,"time":195,"newWidth":25},{"ease":"inSine","duration":0.25,"type":"paddles","angle":15,"paddle":1,"time":198,"newWidth":40},{"ease":"outSine","duration":0.25,"type":"paddles","angle":15,"paddle":1,"time":199,"newWidth":25},{"ease":"inSine","duration":0.25,"type":"paddles","angle":15,"paddle":1,"time":201,"newWidth":40},{"ease":"outSine","duration":0.25,"type":"paddles","angle":30,"paddle":1,"time":203,"newWidth":25},{"ease":"inSine","duration":0.25,"type":"paddles","angle":15,"paddle":1,"time":208,"newWidth":40},{"ease":"outSine","duration":0.25,"type":"paddles","angle":15,"paddle":1,"time":209,"newWidth":25},{"ease":"inSine","duration":0.25,"type":"paddles","angle":15,"paddle":1,"time":210,"newWidth":40},{"ease":"outSine","duration":0.25,"type":"paddles","angle":15,"paddle":1,"time":211,"newWidth":25},{"ease":"inSine","duration":0.25,"type":"paddles","angle":15,"paddle":1,"time":217,"newWidth":40},{"ease":"outSine","duration":0.25,"type":"paddles","angle":30,"paddle":1,"time":219,"newWidth":25},{"ease":"inSine","duration":0.25,"type":"paddles","angle":15,"paddle":1,"time":224,"newWidth":40},{"ease":"outSine","duration":0.25,"type":"paddles","angle":15,"paddle":1,"time":225,"newWidth":25},{"ease":"inSine","duration":0.25,"type":"paddles","angle":15,"paddle":1,"time":226,"newWidth":40},{"ease":"outSine","duration":0.25,"type":"paddles","angle":15,"paddle":1,"time":227,"newWidth":25},{"ease":"inSine","duration":0.25,"type":"paddles","angle":15,"paddle":1,"time":230,"newWidth":40},{"ease":"inSine","duration":0.25,"type":"paddles","angle":15,"paddle":1,"time":231,"newWidth":40},{"ease":"outSine","duration":0.25,"type":"paddles","angle":225,"paddle":1,"time":231,"newWidth":25},{"ease":"inSine","duration":0.25,"type":"paddles","angle":15,"paddle":1,"time":233,"newWidth":40},{"ease":"outSine","duration":0.25,"type":"paddles","angle":0,"paddle":1,"time":235,"newWidth":25},{"ease":"inSine","duration":0.25,"type":"paddles","angle":15,"paddle":1,"time":242,"newWidth":40},{"ease":"outSine","duration":0.25,"type":"paddles","angle":15,"paddle":1,"time":243,"newWidth":25},{"ease":"outSine","duration":1,"type":"paddles","angle":15,"paddle":1,"time":248,"newWidth":70},{"ease":"linear","color":0,"g":255,"time":248,"b":255,"r":255,"type":"setColor","angle":33.75,"duration":1},{"ease":"linear","color":1,"g":10,"time":248,"b":10,"r":10,"type":"setColor","angle":45,"duration":1},{"ease":"linear","color":2,"g":28,"time":248,"b":28,"r":28,"type":"setColor","angle":56.25,"duration":1},{"ease":"linear","color":3,"g":79,"time":248,"b":79,"r":79,"type":"setColor","angle":67.5,"duration":1},{"ease":"linear","color":4,"g":27,"time":248,"b":40,"r":19,"type":"setColor","angle":78.75,"duration":1},{"ease":"linear","color":5,"g":52,"time":248,"b":77,"r":35,"type":"setColor","angle":90,"duration":1},{"ease":"linear","color":6,"g":81,"time":248,"b":130,"r":44,"type":"setColor","angle":101.25,"duration":1},{"ease":"linear","color":7,"g":105,"time":248,"b":173,"r":51,"type":"setColor","angle":112.5,"duration":1},{"ox":1220,"oy":0,"angle":258.75,"time":255,"x":290,"sy":0.5,"sx":0.5,"id":"fakenote1","sprite":"fakenote2.png","y":170,"type":"deco"},{"ease":"linear","duration":4,"oy":0,"time":255,"order":1,"type":"deco","angle":247.5,"id":"fakenote1","ox":100},{"ease":"linear","duration":2,"var":"scrollSpeed","value":2,"angle":123.75,"time":248,"type":"ease"},{"ox":862.67028808594,"oy":-862.67028808594,"angle":281.25,"time":255.25,"x":290,"sy":0.5,"sx":0.5,"id":"fakenote2","sprite":"fakenote2.png","y":170,"type":"deco"},{"ease":"linear","duration":4,"oy":-70.710678100586,"time":255.25,"order":1,"type":"deco","angle":270,"id":"fakenote2","ox":70.710678100586},{"ox":0,"oy":-1220,"angle":303.75,"time":255.5,"x":290,"sy":0.5,"sx":0.5,"id":"fakenote3","sprite":"fakenote2.png","y":170,"type":"deco"},{"ease":"linear","duration":4,"oy":-100,"time":255.5,"order":1,"type":"deco","angle":292.5,"id":"fakenote3","ox":0},{"ox":-862.66998291016,"oy":-862.66998291016,"angle":326.25,"time":255.75,"x":290,"sy":0.5,"sx":0.5,"id":"fakenote4","sprite":"fakenote2.png","y":170,"type":"deco"},{"ease":"linear","duration":4,"oy":-70.710998535156,"time":255.75,"order":1,"type":"deco","angle":315,"id":"fakenote4","ox":-70.710998535156},{"ox":-1220,"oy":0,"angle":348.75,"time":256,"x":290,"sy":0.5,"sx":0.5,"id":"fakenote5","sprite":"fakenote2.png","y":170,"type":"deco"},{"ease":"linear","duration":4,"oy":0,"time":256,"order":1,"type":"deco","angle":337.5,"id":"fakenote5","ox":-100},{"ease":"linear","duration":4,"time":259,"order":1,"hide":true,"type":"deco","id":"fakenote1","angle":360},{"ease":"linear","duration":4,"time":259.25,"order":1,"hide":true,"type":"deco","id":"fakenote2","angle":0},{"ease":"linear","duration":4,"time":259.5,"order":1,"hide":true,"type":"deco","id":"fakenote3","angle":0},{"ease":"linear","duration":4,"time":259.75,"order":1,"hide":true,"type":"deco","id":"fakenote4","angle":0},{"ease":"linear","duration":4,"time":260,"order":1,"hide":true,"type":"deco","id":"fakenote5","angle":0},{"ox":240,"oy":120,"time":251,"angle":360,"sy":0.5,"sx":0.5,"id":"swap","sprite":"swap@3","y":-100,"type":"deco"},{"ease":"inOutSine","duration":4,"time":251,"order":1,"type":"deco","angle":22.5,"id":"swap","y":80},{"ease":"inOutSine","duration":4,"type":"deco","y":-100,"angle":45,"time":257,"id":"swap"},{"type":"deco","angle":67.5,"time":255.5,"id":"swap"},{"ease":"inOutSine","color":7,"g":255,"time":262,"b":255,"r":255,"type":"setColor","angle":180,"duration":2},{"ease":"outElastic","duration":1,"kx":0,"ky":0,"time":268,"sy":1,"type":"deco","id":"text","sprite":"txt14.png","sx":1,"angle":303.75},{"ox":300,"kx":25,"ky":0,"time":268,"order":-1,"oy":24,"y":300,"sy":0,"x":300,"angle":292.5,"id":"text","type":"deco","sx":1},{"ease":"outElastic","duration":1,"kx":0,"ky":0,"time":272,"sy":1,"type":"deco","id":"text","sprite":"txt15.png","sx":1,"angle":303.75},{"ox":300,"kx":25,"ky":0,"time":272,"order":-1,"oy":24,"y":300,"sy":0,"x":300,"angle":292.5,"id":"text","type":"deco","sx":1},{"ease":"outElastic","duration":1,"kx":0,"ky":0,"time":279.5,"sy":1,"type":"deco","id":"text","sprite":"txt16.png","sx":1,"angle":303.75},{"ox":300,"kx":25,"ky":0,"time":279.5,"order":-1,"id":"text","sy":0,"angle":292.5,"x":300,"y":300,"type":"deco","sx":1,"oy":24},{"ease":"outElastic","duration":1,"kx":0,"ky":0,"time":284,"sy":1,"type":"deco","id":"text","sprite":"txt17.png","sx":1,"angle":303.75},{"ox":300,"kx":25,"ky":0,"time":284,"order":-1,"id":"text","sy":0,"angle":292.5,"x":300,"y":300,"type":"deco","sx":1,"oy":24},{"ease":"outElastic","duration":1,"kx":0,"ky":0,"time":287.75,"sy":1,"type":"deco","id":"text","sprite":"txt18.png","sx":1,"angle":303.75},{"ox":300,"kx":25,"ky":0,"time":287.75,"order":-1,"id":"text","sy":0,"angle":292.5,"x":300,"y":300,"type":"deco","sx":1,"oy":24},{"ease":"outElastic","duration":1,"kx":0,"ky":0,"time":291.75,"sy":1,"type":"deco","id":"text","sprite":"txt19.png","sx":1,"angle":303.75},{"ox":300,"kx":25,"ky":0,"time":291.75,"order":-1,"id":"text","sy":0,"angle":292.5,"x":300,"y":300,"type":"deco","sx":1,"oy":24},{"ease":"outElastic","duration":1,"kx":25,"ky":0,"time":296,"type":"deco","id":"text","sy":0,"sx":1,"angle":300},{"hide":false,"angle":180,"recolor":0,"id":"editorcircle","sprite":"editorcircle2.png","time":264,"type":"deco"},{"ease":"linear","color":0,"g":255,"time":264,"b":255,"r":255,"type":"setColor","angle":168.75,"duration":4},{"b":0,"r":0,"type":"setColor","angle":157.5,"g":0,"time":264,"color":2},{"color":1,"type":"setBgColor","angle":146.25,"time":264},{"var":"p.outlineColor","value":2,"angle":135,"time":264,"type":"ease"},{"ease":"linear","color":1,"g":255,"time":264,"b":255,"r":255,"type":"setColor","angle":191.25,"duration":4},{"ease":"outElastic","duration":1,"kx":0,"ky":0,"time":264,"type":"deco","id":"text","sy":1,"sx":1,"angle":281.25},{"ease":"outSine","duration":2,"time":264,"repeats":32,"start":1.039999961853,"var":"vfx.canvPos.sx","type":"ease","angle":33.75,"repeatDelay":1,"value":1.0199999809265},{"ease":"outSine","duration":2,"time":264,"repeats":32,"start":1.039999961853,"var":"vfx.canvPos.sy","type":"ease","angle":45,"repeatDelay":1,"value":1.0199999809265},{"ox":300,"oy":24,"ky":0,"kx":25,"angle":292.5,"time":264,"order":-1,"y":300,"sy":0,"sx":1,"type":"deco","id":"text","sprite":"txt13.png","x":300,"recolor":2},{"color":0,"type":"noise","angle":112.5,"chance":0,"time":264},{"ease":"outSine","duration":2,"type":"paddles","angle":157.5,"paddle":1,"time":262,"newWidth":40},{"color":0,"type":"outline","angle":90,"time":264.5,"enable":false},{"ease":"outSine","duration":2,"var":"scrollSpeed","value":0.60000002384186,"angle":67.5,"time":263,"type":"ease"},{"type":"hom","angle":90,"time":296,"enable":false},{"ease":"outSine","color":0,"g":255,"time":293,"b":255,"r":255,"type":"setColor","angle":180,"duration":4},{"ease":"outSine","color":1,"g":0,"time":293,"b":0,"r":0,"type":"setColor","angle":165,"duration":4},{"ease":"outSine","duration":4,"var":"vfx.canvPos.sx","value":1,"angle":150,"time":293,"type":"ease"},{"ease":"outSine","duration":1,"var":"vfx.canvPos.sy","value":1,"angle":135,"time":293,"type":"ease"},{"color":0,"type":"noise","angle":120,"chance":0.89999997615814,"time":293},{"color":3,"type":"noise","angle":78.75,"chance":0.5,"time":296},{"color":0,"type":"setBgColor","angle":67.5,"time":296},{"ease":"outSine","duration":3,"var":"scrollSpeed","value":2,"angle":78.75,"time":293,"type":"ease"},{"ease":"outSine","duration":2,"time":296,"repeatDelay":1,"var":"vfx.canvPos.sx","type":"ease","angle":33.75,"value":1},{"ease":"outSine","duration":2,"time":296,"repeatDelay":1,"var":"vfx.canvPos.sy","type":"ease","angle":45,"value":1},{"ease":"outSine","duration":0.5,"type":"paddles","angle":180,"paddle":1,"time":295.5,"newWidth":70},{"ease":"inSine","color":3,"g":199,"time":295,"b":199,"r":199,"type":"setColor","angle":90,"duration":1},{"hide":true,"type":"deco","angle":101.25,"time":296,"id":"editorcircle"},{"angleOffset":false,"type":"tag","angle":360,"tag":"backpulse2","time":311.75},{"ease":"inSine","color":4,"g":199,"time":310.75,"b":199,"r":199,"type":"setColor","angle":90,"duration":1},{"ease":"inSine","color":5,"g":255,"time":310.75,"b":255,"r":255,"type":"setColor","angle":101.25,"duration":1},{"angleOffset":false,"type":"tag","angle":360,"tag":"backpulse2","time":319.75},{"var":"vfx.canvPos.r","value":0,"angle":0,"time":344,"type":"ease"},{"color":7,"type":"setBgColor","angle":123.75,"time":343},{"ox":320,"oy":320,"recolor":1,"time":344,"kx":0,"type":"deco","angle":180,"sprite":"space.png","ky":0,"id":"space"},{"ease":"outExpo","duration":6,"kx":0.30000001192093,"ky":-0.30000001192093,"hide":false,"time":344,"order":1,"drawLayer":"bg","r":360,"type":"deco","sy":1,"angle":168.75,"sx":1,"id":"space"},{"ease":"linear","color":2,"g":23,"time":343,"b":36,"r":20,"type":"setColor","angle":112.5,"duration":2},{"var":"vfx.canvPos.r","value":0,"angle":0,"time":347,"type":"ease"},{"angleOffset":false,"type":"tag","angle":345,"tag":"impact2","time":347},{"ox":320,"oy":320,"ky":0,"time":347,"type":"deco","angle":180,"sprite":"space.png","kx":0,"id":"space"},{"ease":"outExpo","duration":12,"kx":0.30000001192093,"ky":-0.30000001192093,"time":347,"order":1,"r":-360,"type":"deco","id":"space","angle":150},{"ease":"outSine","duration":2,"time":347,"repeats":3,"start":-720,"var":"vfx.angleTwist.offset","type":"ease","angle":210,"repeatDelay":1,"value":0},{"ease":"inExpo","duration":1,"time":347,"repeats":3,"start":5,"var":"scrollSpeed","type":"ease","angle":240,"repeatDelay":1,"value":2},{"var":"vfx.canvPos.r","value":0,"angle":-15,"time":353,"type":"ease"},{"angleOffset":false,"type":"tag","angle":-45,"tag":"impact","time":353},{"ox":320,"oy":320,"ky":0,"time":353,"type":"deco","angle":135,"sprite":"space.png","kx":0,"id":"space"},{"ease":"outExpo","duration":6,"kx":0.30000001192093,"ky":-0.30000001192093,"time":353,"order":1,"r":360,"type":"deco","id":"space","angle":105},{"ease":"outSine","duration":2,"time":353,"start":360,"var":"vfx.angleTwist.offset","type":"ease","angle":165,"value":0},{"ease":"inExpo","duration":1,"time":353,"start":5,"var":"scrollSpeed","type":"ease","angle":195,"value":2},{"type":"hom","angle":15,"time":344,"enable":true},{"type":"hom","angle":15,"time":345,"enable":false},{"type":"hom","angle":45,"time":347,"enable":true},{"type":"hom","angle":90,"time":352,"enable":false},{"type":"hom","angle":75,"time":353,"enable":true},{"type":"hom","angle":90,"time":354,"enable":false},{"color":7,"type":"noise","angle":60,"chance":0.30000001192093,"time":344},{"ease":"outElastic","duration":1,"kx":25,"ky":0,"time":344,"type":"deco","id":"text","sy":0,"sx":1,"angle":285},{"ease":"inSine","duration":0.25,"type":"paddles","angle":15,"paddle":1,"time":346,"newWidth":40},{"ease":"outSine","duration":0.25,"type":"paddles","angle":15,"paddle":1,"time":347,"newWidth":25},{"ease":"inSine","duration":0.25,"type":"paddles","angle":30,"paddle":1,"time":352,"newWidth":40},{"ease":"outSine","duration":0.25,"type":"paddles","angle":30,"paddle":1,"time":353,"newWidth":25},{"ease":"inSine","duration":0.25,"type":"paddles","angle":15,"paddle":1,"time":354,"newWidth":40},{"ease":"outSine","duration":1,"var":"vfx.angleTwist.offset","value":-360,"angle":225,"time":345,"type":"ease"},{"ease":"inSine","duration":1,"var":"vfx.angleTwist.offset","value":0,"angle":225,"time":346,"type":"ease"},{"ease":"linear","color":0,"g":255,"time":328,"b":255,"r":255,"type":"setColor","angle":90,"duration":8},{"ease":"linear","color":1,"g":10,"time":328,"b":10,"r":10,"type":"setColor","angle":101.25,"duration":8},{"ease":"linear","color":2,"g":28,"time":328,"b":28,"r":28,"type":"setColor","angle":112.5,"duration":8},{"ease":"linear","color":3,"g":79,"time":328,"b":79,"r":79,"type":"setColor","angle":123.75,"duration":8},{"ease":"linear","color":4,"g":27,"time":328,"b":40,"r":19,"type":"setColor","angle":135,"duration":8},{"ease":"linear","color":6,"g":81,"time":328,"b":130,"r":44,"type":"setColor","angle":157.5,"duration":8},{"ease":"linear","color":7,"g":105,"time":328,"b":173,"r":51,"type":"setColor","angle":168.75,"duration":8},{"ease":"linear","color":5,"g":52,"time":328,"b":77,"r":35,"type":"setColor","angle":146.25,"duration":8},{"color":0,"type":"noise","angle":78.75,"chance":0,"time":328},{"var":"vfx.canvPos.r","value":0,"angle":-45,"time":355,"type":"ease"},{"angleOffset":false,"type":"tag","angle":-390,"tag":"impact2","time":355},{"ox":320,"oy":320,"ky":0,"time":355,"type":"deco","angle":-225,"sprite":"space.png","kx":0,"id":"space"},{"ease":"outExpo","duration":12,"kx":0.30000001192093,"ky":-0.30000001192093,"time":355,"order":1,"r":-360,"type":"deco","id":"space","angle":-195},{"ease":"outSine","duration":2,"time":355,"repeats":3,"start":-720,"var":"vfx.angleTwist.offset","type":"ease","angle":-255,"repeatDelay":1,"value":0},{"ease":"inExpo","duration":1,"time":355,"repeats":3,"start":5,"var":"scrollSpeed","type":"ease","angle":-285,"repeatDelay":1,"value":2},{"type":"hom","angle":-90,"time":355,"enable":true},{"type":"hom","angle":105,"time":361,"enable":false},{"ease":"outSine","duration":0.25,"type":"paddles","angle":-15,"paddle":1,"time":355,"newWidth":25},{"ease":"inSine","duration":0.25,"type":"paddles","angle":-15,"paddle":1,"time":358,"newWidth":40},{"ease":"inSine","duration":0.25,"type":"paddles","angle":-15,"paddle":1,"time":359,"newWidth":40},{"ease":"outSine","duration":0.25,"type":"paddles","angle":-225,"paddle":1,"time":359,"newWidth":25},{"ease":"inSine","duration":0.25,"type":"paddles","angle":-15,"paddle":1,"time":361,"newWidth":40},{"angleOffset":false,"type":"tag","angle":360,"tag":"backpulse","time":327.75},{"angleOffset":false,"type":"tag","angle":0,"tag":"backpulse","time":335.75},{"angleOffset":false,"type":"tag","angle":330,"tag":"backpulse","time":346.75},{"angleOffset":false,"type":"tag","angle":285,"tag":"backpulse","time":354.75},{"angleOffset":false,"type":"tag","angle":285,"tag":"backpulse","time":362.75},{"angleOffset":false,"type":"tag","angle":285,"tag":"backpulse","time":369.75},{"var":"vfx.canvPos.r","value":0,"angle":-45,"time":361,"type":"ease"},{"angleOffset":false,"type":"tag","angle":-75,"tag":"impact","time":361},{"ox":320,"oy":320,"ky":0,"time":361,"type":"deco","angle":105,"sprite":"space.png","kx":0,"id":"space"},{"ease":"outExpo","duration":6,"kx":0.30000001192093,"ky":-0.30000001192093,"time":361,"order":1,"r":360,"type":"deco","id":"space","angle":75},{"ease":"outSine","duration":2,"time":361,"start":360,"var":"vfx.angleTwist.offset","type":"ease","angle":135,"value":0},{"ease":"inExpo","duration":1,"time":361,"start":5,"var":"scrollSpeed","type":"ease","angle":165,"value":2},{"type":"hom","angle":45,"time":361,"enable":true},{"type":"hom","angle":60,"time":362,"enable":false},{"ease":"outSine","duration":0.25,"type":"paddles","angle":-45,"paddle":1,"time":361,"newWidth":25},{"ease":"inSine","duration":0.25,"type":"paddles","angle":-45,"paddle":1,"time":362,"newWidth":40},{"var":"vfx.canvPos.r","value":0,"angle":0,"time":362,"type":"ease"},{"angleOffset":false,"type":"tag","angle":-30,"tag":"impact","time":362},{"ox":320,"oy":320,"ky":0,"time":362,"type":"deco","angle":150,"sprite":"space.png","kx":0,"id":"space"},{"ease":"outExpo","duration":6,"kx":0.30000001192093,"ky":-0.30000001192093,"time":362,"order":1,"r":360,"type":"deco","id":"space","angle":120},{"ease":"outSine","duration":2,"time":362,"start":360,"var":"vfx.angleTwist.offset","type":"ease","angle":180,"value":0},{"ease":"inExpo","duration":1,"time":362,"start":5,"var":"scrollSpeed","type":"ease","angle":210,"value":2},{"type":"hom","angle":90,"time":362,"enable":true},{"type":"hom","angle":105,"time":363,"enable":false},{"ease":"inSine","duration":0.25,"type":"paddles","angle":0,"paddle":1,"time":363,"newWidth":40},{"var":"vfx.canvPos.r","value":0,"angle":-75,"time":363,"type":"ease"},{"angleOffset":false,"type":"tag","angle":-420,"tag":"impact2","time":363},{"ox":320,"oy":320,"ky":0,"time":363,"type":"deco","angle":-255,"sprite":"space.png","kx":0,"id":"space"},{"ease":"outExpo","duration":12,"kx":0.30000001192093,"ky":-0.30000001192093,"time":363,"order":1,"r":-360,"type":"deco","id":"space","angle":-225},{"ease":"outSine","duration":2,"time":363,"repeats":3,"start":-720,"var":"vfx.angleTwist.offset","type":"ease","angle":-285,"repeatDelay":1,"value":0},{"ease":"inExpo","duration":1,"time":363,"repeats":3,"start":5,"var":"scrollSpeed","type":"ease","angle":-315,"repeatDelay":1,"value":2},{"type":"hom","angle":-120,"time":363,"enable":true},{"ease":"outSine","duration":0.25,"type":"paddles","angle":345,"paddle":1,"time":363,"newWidth":25},{"var":"vfx.canvPos.r","value":0,"angle":90,"time":369,"type":"ease"},{"angleOffset":false,"type":"tag","angle":435,"tag":"impact2","time":369},{"ox":320,"oy":320,"ky":0,"time":369,"type":"deco","angle":270,"sprite":"space.png","kx":0,"id":"space"},{"ease":"outExpo","duration":12,"kx":0.30000001192093,"ky":-0.30000001192093,"time":369,"order":1,"r":360,"type":"deco","id":"space","angle":240},{"ease":"outSine","duration":2,"time":369,"repeats":3,"start":-720,"var":"vfx.angleTwist.offset","type":"ease","angle":300,"repeatDelay":1,"value":0},{"ease":"inExpo","duration":1,"time":369,"repeats":3,"start":5,"var":"scrollSpeed","type":"ease","angle":330,"repeatDelay":1,"value":2},{"var":"vfx.canvPos.r","value":0,"angle":75,"time":375,"type":"ease"},{"angleOffset":false,"type":"tag","angle":45,"tag":"impact","time":375},{"ox":320,"oy":320,"ky":0,"time":375,"type":"deco","angle":225,"sprite":"space.png","kx":0,"id":"space"},{"ease":"outExpo","duration":6,"kx":0.30000001192093,"ky":-0.30000001192093,"time":375,"order":1,"r":360,"type":"deco","id":"space","angle":195},{"ease":"outSine","duration":2,"time":375,"start":360,"var":"vfx.angleTwist.offset","type":"ease","angle":255,"value":0},{"ease":"inExpo","duration":1,"time":375,"start":5,"var":"scrollSpeed","type":"ease","angle":285,"value":2},{"type":"hom","angle":135,"time":369,"enable":true},{"type":"hom","angle":180,"time":374,"enable":false},{"type":"hom","angle":165,"time":375,"enable":true},{"ease":"outSine","duration":0.25,"type":"paddles","angle":30,"paddle":1,"time":369,"newWidth":25},{"ease":"inSine","duration":0.25,"type":"paddles","angle":15,"paddle":1,"time":374,"newWidth":40},{"ease":"outSine","duration":0.25,"type":"paddles","angle":15,"paddle":1,"time":375,"newWidth":25},{"ease":"inSine","duration":0.25,"type":"paddles","angle":15,"paddle":1,"time":376,"newWidth":40},{"var":"vfx.canvPos.r","value":0,"angle":90,"time":373,"type":"ease"},{"angleOffset":false,"type":"tag","angle":435,"tag":"impact2","time":373},{"ox":320,"oy":320,"ky":0,"time":373,"type":"deco","angle":270,"sprite":"space.png","kx":0,"id":"space"},{"ease":"outExpo","duration":12,"kx":0.30000001192093,"ky":-0.30000001192093,"time":373,"order":1,"r":-360,"type":"deco","id":"space","angle":240},{"ease":"outSine","duration":2,"time":373,"repeats":3,"start":-720,"var":"vfx.angleTwist.offset","type":"ease","angle":300,"repeatDelay":1,"value":0},{"ease":"inExpo","duration":1,"time":373,"repeats":3,"start":5,"var":"scrollSpeed","type":"ease","angle":330,"repeatDelay":1,"value":2},{"type":"hom","angle":135,"time":373,"enable":true},{"ease":"outSine","duration":0.25,"type":"paddles","angle":30,"paddle":1,"time":373,"newWidth":25},{"var":"vfx.canvPos.r","value":0,"angle":-45,"time":372,"type":"ease"},{"angleOffset":false,"type":"tag","angle":300,"tag":"impact2","time":372},{"ox":320,"oy":320,"ky":0,"time":372,"type":"deco","angle":135,"sprite":"space.png","kx":0,"id":"space"},{"ease":"outExpo","duration":12,"kx":0.30000001192093,"ky":-0.30000001192093,"time":372,"order":1,"r":-360,"type":"deco","id":"space","angle":105},{"ease":"outSine","duration":2,"time":372,"repeats":3,"start":-720,"var":"vfx.angleTwist.offset","type":"ease","angle":165,"repeatDelay":1,"value":0},{"ease":"inExpo","duration":1,"time":372,"repeats":3,"start":5,"var":"scrollSpeed","type":"ease","angle":195,"repeatDelay":1,"value":2},{"type":"hom","angle":0,"time":372,"enable":true},{"ease":"inExpo","duration":4,"time":372,"type":"deco","sy":4,"id":"space","sx":4,"angle":75},{"ease":"outSine","duration":0.25,"type":"paddles","angle":15,"paddle":1,"time":372,"newWidth":25},{"ease":"outElastic","duration":1,"kx":0,"ky":0,"time":376,"sy":1,"type":"deco","id":"text","sprite":"txt20.png","sx":1,"angle":300},{"ox":300,"kx":25,"ky":0,"time":376,"order":-1,"oy":24,"y":300,"sy":0,"x":300,"angle":285,"id":"text","type":"deco","sx":1},{"ease":"outElastic","duration":1,"kx":0,"ky":0,"time":383,"sy":1,"type":"deco","id":"text","sprite":"txt21.png","angle":300,"sx":1},{"ox":300,"kx":25,"ky":0,"time":383,"order":-1,"id":"text","y":300,"sy":0,"x":300,"angle":285,"type":"deco","sx":1,"oy":24},{"ease":"linear","duration":2,"var":"vfx.extraTapWidth","value":0,"angle":90,"time":312,"type":"ease"},{"ease":"linear","duration":2,"var":"vfx.extraTapWidth","value":2,"angle":30,"time":326,"type":"ease"},{"ox":160,"oy":160,"time":296,"x":800,"angle":123.75,"sprite":"memory@3","id":"memorys","type":"deco"},{"ease":"outExpo","duration":4,"time":296,"order":1,"sx":1,"angle":135,"x":450,"id":"memorys","type":"deco"},{"ease":"inOutExpo","duration":4,"time":308,"order":1,"sx":1,"angle":123.75,"x":800,"id":"memorys","type":"deco"},{"ease":"inSine","duration":1,"time":328,"repeats":15,"start":0.30000001192093,"var":"scrollSpeed","type":"ease","angle":315,"repeatDelay":1,"value":5},{"ease":"outSine","duration":2,"var":"scrollSpeed","value":2,"angle":135,"time":344,"type":"ease"},{"angleOffset":false,"type":"tag","angle":0,"time":375.75,"tag":"backpulse2"},{"angleOffset":false,"type":"tag","angle":0,"time":381.75,"tag":"backpulse2"},{"color":5,"type":"outline","angle":90,"time":264,"enable":true},{"color":5,"type":"outline","angle":90,"time":268,"enable":true},{"color":0,"type":"outline","angle":90,"time":268.5,"enable":false},{"color":5,"type":"outline","angle":90,"time":272,"enable":true},{"color":0,"type":"outline","angle":90,"time":272.5,"enable":false},{"color":5,"type":"outline","angle":90,"time":280,"enable":true},{"color":0,"type":"outline","angle":90,"time":280.5,"enable":false},{"color":5,"type":"outline","angle":90,"time":288,"enable":true},{"color":0,"type":"outline","angle":90,"time":288.5,"enable":false},{"ease":"outSine","duration":1,"var":"p.drawScale","value":0.75,"angle":360,"time":389.75,"type":"ease"},{"ease":"inQuint","duration":1.25,"var":"p.drawScale","value":40,"angle":360,"time":390.75,"type":"ease"},{"ease":"outSine","duration":1,"var":"p.lookRadius","value":6,"angle":22.5,"time":389.75,"type":"ease"},{"ease":"inQuint","duration":1.25,"var":"p.lookRadius","value":24,"angle":22.5,"time":390.75,"type":"ease"},{"ease":"outExpo","duration":1.5,"time":392,"start":1,"var":"p.drawScale","type":"ease","angle":0,"value":1},{"ease":"outExpo","var":"p.lookRadius","value":6,"angle":22.5,"time":392,"type":"ease"},{"var":"p.faceColor","value":0,"angle":45,"time":392,"type":"ease"},{"ease":"inSine","duration":2,"type":"deco","angle":360,"id":"text","time":389.5,"y":400},{"ease":"linear","duration":1.5,"time":392,"start":0,"var":"p.paddleDistance","type":"ease","angle":67.5,"value":120},{"ox":300,"oy":180,"time":392,"x":300,"type":"deco","id":"result3","sprite":"fakeresult3.png","angle":337.5,"y":360},{"ease":"outSine","duration":1.5,"var":"p.y","value":200,"angle":90,"time":392,"type":"ease"},{"ease":"inQuint","duration":1,"var":"p.paddleDistance","value":5,"angle":67.5,"time":390.75,"type":"ease"},{"ease":"inQuint","duration":1,"var":"p.lineWidth","value":5,"angle":45,"time":390.75,"type":"ease"},{"ease":"outSine","duration":1,"var":"p.lineWidth","value":2,"angle":112.5,"time":392,"type":"ease"},{"ease":"outExpo","duration":1.5,"time":392,"order":1,"type":"deco","angle":326.25,"x":300,"id":"result3","y":180},{"ox":300,"oy":180,"time":392,"x":300,"type":"deco","id":"result2","sprite":"fakeresult2.png","angle":315,"y":0},{"ease":"outExpo","duration":1.5,"time":392,"order":1,"type":"deco","id":"result2","x":300,"angle":303.75,"y":180},{"ox":300,"oy":180,"time":392,"x":300,"type":"deco","id":"result1","sprite":"fakeresult1.png","angle":292.5,"y":160},{"ease":"outExpo","duration":1.5,"time":392,"order":1,"type":"deco","id":"result1","x":300,"angle":281.25,"y":180},{"var":"vfx.drawUI","type":"setBoolean","angle":348.75,"time":392,"enable":false},{"var":"vfx.hglitch.strength","value":25,"angle":0,"time":395.75,"type":"ease"},{"var":"vfx.hglitch.strength","value":0,"angle":360,"time":396,"type":"ease"},{"ease":"inOutExpo","duration":0.5,"var":"p.paddleDistance","value":135,"angle":11.25,"time":395.5,"type":"ease"},{"ease":"outExpo","duration":1.5,"time":392,"start":640,"var":"p.bodyRadius","type":"ease","angle":11.25,"value":135},{"var":"vfx.drawUI","type":"setBoolean","angle":112.5,"time":396,"enable":true},{"angle":0,"time":458,"type":"showResults"},{"var":"vfx.drawUI","type":"setBoolean","angle":90,"time":421,"enable":false},{"b":255,"r":255,"type":"setColor","angle":270,"g":255,"time":421,"color":0},{"b":10,"r":10,"type":"setColor","angle":281.25,"g":10,"time":421,"color":1},{"b":28,"r":28,"type":"setColor","angle":292.5,"g":28,"time":421,"color":2},{"b":79,"r":79,"type":"setColor","angle":303.75,"g":79,"time":421,"color":3},{"b":40,"r":19,"type":"setColor","angle":315,"g":27,"time":421,"color":4},{"b":77,"r":35,"type":"setColor","angle":326.25,"g":52,"time":421,"color":5},{"b":130,"r":44,"type":"setColor","angle":337.5,"g":81,"time":421,"color":6},{"b":173,"r":51,"type":"setColor","angle":348.75,"g":105,"time":421,"color":7},{"ease":"inExpo","duration":2.5,"oy":120,"sx":1,"time":421.5,"drawOrder":1,"drawLayer":"fg","angle":-33.75,"type":"deco","sy":1,"sprite":"newlevel4.png","id":"newlevel","ox":195},{"ease":"inExpo","duration":2.5,"oy":150,"x":75,"id":"evemt","time":421.5,"drawOrder":0,"drawLayer":"fg","type":"deco","y":150,"sx":1,"sy":1,"sprite":"event.png","angle":-22.5,"ox":75},{"ease":"inExpo","duration":2.5,"oy":30,"id":"playback","y":30,"time":421.5,"drawOrder":-1,"drawLayer":"fg","sx":1,"type":"deco","sy":1,"sprite":"playback.png","angle":-11.25,"ox":195},{"ease":"inExpo","duration":2.5,"oy":50,"sy":1,"id":"gotobeat","time":421.5,"drawOrder":0,"drawLayer":"fg","type":"deco","y":310,"sx":1,"angle":0,"sprite":"gotobeat.png","x":475,"ox":125},{"ease":"inExpo","duration":2.5,"oy":270,"sy":1,"y":270,"time":421.5,"drawOrder":-1,"drawLayer":"fg","type":"deco","id":"eventedit","sx":1,"angle":11.25,"sprite":"eventedit.png","x":475,"ox":125},{"ease":"inExpo","duration":2.5,"oy":45,"x":75,"id":"snap","time":421.5,"drawOrder":-1,"drawLayer":"fg","type":"deco","y":315,"sx":1,"sy":1,"sprite":"snap.png","angle":22.5,"ox":75},{"ox":195,"oy":120,"time":421,"drawOrder":1,"drawLayer":"fg","type":"deco","y":-300,"sx":1,"angle":135,"sprite":"newlevel1.png","id":"newlevel","sy":1},{"ease":"inExpo","duration":0,"oy":150,"x":75,"id":"evemt","time":421,"drawOrder":0,"drawLayer":"fg","sx":1,"y":-300,"type":"deco","sy":1,"sprite":"event.png","angle":146.25,"ox":75},{"ease":"inExpo","duration":0,"oy":30,"y":-300,"id":"playback","time":421,"drawOrder":-1,"drawLayer":"fg","angle":157.5,"sx":1,"sy":1,"sprite":"playback.png","type":"deco","ox":195},{"ease":"inExpo","duration":0,"oy":50,"sy":1,"y":-300,"time":421,"drawOrder":0,"drawLayer":"fg","type":"deco","id":"gotobeat","sx":1,"angle":168.75,"sprite":"gotobeat.png","x":475,"ox":125},{"ease":"inExpo","duration":0,"oy":270,"x":475,"id":"eventedit","time":421,"drawOrder":-1,"drawLayer":"fg","sx":1,"y":-300,"type":"deco","sy":1,"sprite":"eventedit.png","angle":180,"ox":125},{"ease":"inExpo","duration":0,"oy":45,"sy":1,"id":"snap","time":421,"drawOrder":-1,"drawLayer":"fg","type":"deco","y":-300,"sx":1,"angle":191.25,"sprite":"snap.png","x":75,"ox":75},{"ease":"inSine","duration":1,"oy":120,"angle":146.25,"time":422,"drawOrder":1,"drawLayer":"fg","id":"newlevel","sx":1,"sy":1,"ox":195,"y":800,"type":"deco"},{"ease":"inBack","duration":1.125,"time":422,"drawOrder":0,"drawLayer":"fg","type":"deco","id":"evemt","sprite":"event.png","angle":157.5,"y":800},{"ease":"inBack","duration":1.25,"time":422,"drawOrder":1,"drawLayer":"fg","type":"deco","angle":168.75,"id":"playback","y":800},{"ease":"inBack","duration":1.375,"time":422,"drawOrder":0,"drawLayer":"fg","type":"deco","id":"gotobeat","angle":180,"y":800},{"ease":"inBack","duration":1.5,"time":422,"drawOrder":-1,"drawLayer":"fg","type":"deco","id":"eventedit","sprite":"eventedit.png","angle":191.25,"y":800},{"ease":"inBack","duration":1.625,"time":422,"drawOrder":-1,"drawLayer":"fg","type":"deco","id":"snap","angle":202.5,"y":800},{"ease":"inOutExpo","r":-1080,"type":"deco","angle":45,"id":"newlevel","time":421.25,"duration":3},{"ease":"inOutExpo","r":1080,"type":"deco","angle":67.5,"id":"playback","time":421.25,"duration":3},{"ease":"inOutExpo","r":1080,"type":"deco","angle":78.75,"id":"gotobeat","time":421.25,"duration":3},{"ease":"inOutExpo","r":1080,"type":"deco","angle":90,"id":"eventedit","time":421.25,"duration":3},{"ease":"inOutExpo","r":-1080,"type":"deco","angle":101.25,"id":"snap","time":421.25,"duration":3},{"ease":"inOutExpo","r":-1080,"type":"deco","angle":56.25,"id":"evemt","time":421.25,"duration":3},{"type":"deco","angle":112.5,"sprite":"newlevel4.png","time":421.25,"id":"newlevel"},{"var":"p.paddleDistance","value":31,"angle":90,"time":423,"type":"ease"},{"var":"p.bodyRadius","value":20,"angle":101.25,"time":423,"type":"ease"},{"hide":true,"type":"deco","angle":11.25,"time":423,"id":"result2"},{"hide":true,"type":"deco","angle":0,"time":423,"id":"result3"},{"ox":300,"oy":200,"time":423,"type":"deco","y":200,"sprite":"fakeresult4.png","id":"result4","angle":33.75},{"ease":"inBack","duration":1,"time":423,"order":1,"type":"deco","id":"result4","x":500,"y":400,"angle":45},{"ease":"linear","duration":1,"time":424,"order":1,"type":"deco","y":1200,"id":"result4","angle":33.75},{"ease":"linear","duration":1,"time":423,"order":1,"r":360,"type":"deco","id":"result4","x":400,"angle":56.25},{"ease":"inBack","duration":1.25,"time":423,"drawOrder":1,"drawLayer":"fg","type":"deco","angle":67.5,"id":"playback","y":850},{"ease":"outSine","duration":1.25,"time":423,"drawOrder":1,"drawLayer":"fg","r":800,"type":"deco","id":"playback","x":150,"angle":78.75},{"var":"p.faceColor","value":-1,"angle":112.5,"time":423,"type":"ease"},{"ease":"inSine","duration":1,"var":"p.paddleDistance","value":20,"angle":247.5,"time":421,"type":"ease"},{"ease":"linear","duration":1,"time":423,"order":1,"x":500,"angle":22.5,"id":"result4","type":"deco"},{"ease":"outSine","duration":2,"type":"paddles","angle":270,"paddle":1,"time":422,"newWidth":70},{"ease":"inQuad","duration":2,"type":"deco","angle":348.75,"id":"result1","time":458,"y":120},{"ease":"outSine","duration":2,"time":428,"repeats":3,"start":90,"var":"vfx.angleTwist.offset","type":"ease","angle":0,"repeatDelay":8,"value":0},{"ease":"outSine","duration":2,"time":429,"repeats":3,"start":-90,"var":"vfx.angleTwist.offset","type":"ease","angle":0,"repeatDelay":8,"value":0},{"ease":"outSine","duration":2,"time":430,"repeats":3,"start":90,"var":"vfx.angleTwist.offset","type":"ease","angle":0,"repeatDelay":8,"value":0},{"ease":"outSine","duration":2,"time":431,"repeats":3,"start":-90,"var":"vfx.angleTwist.offset","type":"ease","angle":0,"repeatDelay":8,"value":0},{"ease":"linear","duration":2,"time":424,"repeats":32,"start":1.0499999523163,"var":"vfx.canvPos.sy","type":"ease","angle":360,"repeatDelay":1,"value":1},{"ease":"linear","duration":2,"time":424,"repeats":32,"start":1.0499999523163,"var":"vfx.canvPos.sx","type":"ease","angle":348.75,"repeatDelay":1,"value":1},{"angleOffset":false,"type":"tag","angle":0,"time":423.75,"tag":"backpulse4"},{"angleOffset":false,"type":"tag","angle":0,"tag":"backpulse4","time":431.75},{"angleOffset":false,"type":"tag","angle":0,"tag":"backpulse4","time":439.75},{"angleOffset":false,"type":"tag","angle":0,"time":447.75,"tag":"backpulse4"},{"type":"hom","angle":11.25,"time":424,"enable":true},{"recolor":2,"sy":0,"time":456,"drawOrder":3,"drawLayer":"bg","type":"deco","id":"circle1","sprite":"circle3.png","sx":0,"angle":348.75},{"ease":"linear","duration":24,"time":456,"order":1,"sx":9,"angle":337.5,"sy":9,"id":"circle1","type":"deco"},{"drawLayer":"bg","type":"deco","angle":326.25,"id":"result1","time":456,"drawOrder":0},{"ease":"inSine","duration":16,"time":376,"order":5,"start":0.5,"var":"scrollSpeed","value":2,"angle":22.5,"type":"ease"},{"ease":"linear","duration":16,"var":"vfx.extraTapWidth","value":5,"angle":0,"time":376,"type":"ease"},{"var":"vfx.drawUI","type":"setBoolean","angle":326.25,"time":424,"enable":true},{"color":0,"type":"outline","angle":348.75,"time":423,"enable":true}],"metadata":{"artistLink":"https://businesscasual87.bandcamp.com/album/cheesecake","description":"Wow! It's a ouais!","bgData":{"image":"bg.png","cyanChannel":{"b":255,"r":255,"g":255},"redChannel":{"b":130,"r":44,"g":81},"blueChannel":{"b":255,"r":0,"g":0},"greenChannel":{"b":255,"r":255,"g":255},"yellowChannel":{"b":255,"r":255,"g":255},"magentaChannel":{"b":255,"r":255,"g":255}},"songName":"Ouais Ouais (ft. SlyLeaf)","charter":"Starcat_JP","difficulty":0,"artist":"LemKuuja","bg":true},"properties":{"formatversion":12,"speed":70,"startBeat":0,"offset":8}}