[{"startTap":true,"duration":8,"angle":60,"type":"hold","time":0.5,"angle2":90},{"startTap":true,"duration":7.5,"angle":120,"type":"hold","time":1,"angle2":112.5},{"startTap":true,"duration":7,"angle":180,"type":"hold","time":1.5,"angle2":135},{"startTap":true,"duration":6.5,"angle":240,"type":"hold","time":2,"angle2":157.5},{"startTap":true,"duration":6,"angle":300,"type":"hold","time":2.5,"angle2":180},{"endTap":true,"duration":3,"angle":60,"type":"hold","time":3.5,"angle2":420},{"startTap":true,"duration":3,"angle":300,"type":"hold","time":3.5,"angle2":660},{"type":"hold","angle2":540,"angle":180,"time":3.5,"duration":3},{"startTap":true,"duration":5,"angle":360,"type":"hold","time":3,"angle2":210},{"type":"hold","angle2":-330,"angle":60,"time":8.5,"duration":3},{"type":"hold","angle2":-210,"angle":180,"time":8.5,"duration":3},{"startTap":true,"endTap":true,"type":"hold","angle":300,"angle2":-90,"time":8.5,"duration":3},{"type":"block","angle":210,"tap":true,"time":4.5},{"type":"block","angle":180,"tap":true,"time":5},{"type":"block","angle":120,"tap":true,"time":6},{"type":"block","angle":150,"tap":true,"time":5.5},{"type":"block","angle":240,"tap":true,"time":4},{"type":"block","angle":30,"tap":true,"time":7},{"type":"block","angle":0,"tap":true,"time":7.5},{"type":"block","angle":330,"tap":true,"time":8},{"startTap":true,"duration":5,"angle":330,"type":"hold","time":9,"angle2":420},{"startTap":true,"duration":4.5,"angle":30,"type":"hold","time":9.5,"angle2":120},{"startTap":true,"duration":4,"angle":90,"type":"hold","time":10,"angle2":180},{"startTap":true,"duration":3.5,"angle":150,"type":"hold","time":10.5,"angle2":240},{"startTap":true,"duration":3,"angle":210,"type":"hold","time":11,"angle2":300},{"angle":180,"time":14.5,"startTap":true,"endTap":true,"segments":22,"type":"hold","angle2":1800,"duration":2},{"startTap":true,"segments":14,"type":"hold","angle":360,"angle2":1800,"time":16.5,"duration":1.5},{"speedMult":2,"segments":23,"type":"hold","angle":360,"angle2":1080,"time":18,"duration":0},{"speedMult":2,"segments":23,"type":"hold","angle":240,"angle2":960,"time":18.5,"duration":0},{"speedMult":2,"segments":23,"type":"hold","angle":495,"angle2":1215,"time":19,"duration":0},{"angle2":1125,"segments":23,"type":"hold","angle":405,"speedMult":2,"time":19.5,"duration":0},{"angle2":960,"segments":23,"duration":0,"angle":-120,"speedMult":2,"time":20.5,"type":"hold"},{"speedMult":2,"segments":23,"type":"hold","angle":450,"angle2":1170,"time":21.5,"duration":0},{"speedMult":2,"segments":28,"type":"hold","angle":-157.5,"angle2":922.5,"time":22.5,"duration":0},{"angle2":1440,"segments":33,"duration":0,"angle":360,"speedMult":2,"time":23,"type":"hold"},{"angle2":810,"segments":25,"type":"hold","angle":-270,"speedMult":2,"time":23.5,"duration":0},{"segments":14,"duration":0.5,"angle":0,"type":"hold","time":33,"angle2":60},{"type":"hold","angle2":0,"angle":60,"time":33.5,"duration":0.5},{"endTap":true,"duration":0.5,"angle":360,"type":"hold","time":34,"angle2":390},{"type":"hold","angle2":180,"angle":120,"time":33,"duration":0.5},{"type":"hold","angle2":120,"angle":180,"time":33.5,"duration":0.5},{"type":"hold","angle2":300,"angle":240,"time":33,"duration":0.5},{"type":"hold","angle2":240,"angle":300,"time":33.5,"duration":0.5},{"type":"mineHold","angle2":240,"angle":180,"time":33,"duration":0.5},{"type":"mineHold","angle2":180,"angle":240,"time":33.5,"duration":0.5},{"type":"mineHold","angle2":120,"angle":60,"time":33,"duration":0.5},{"type":"mineHold","angle2":60,"angle":120,"time":33.5,"duration":0.5},{"type":"mineHold","angle2":360,"angle":300,"time":33,"duration":0.5},{"type":"mineHold","angle2":300,"angle":360,"time":33.5,"duration":0.5},{"endTap":true,"duration":0.5,"angle":240,"type":"hold","time":34,"angle2":270},{"type":"hold","angle2":390,"angle":330,"time":35,"duration":0.5},{"type":"hold","angle2":0,"angle":30,"time":35.5,"duration":0.5},{"type":"hold","angle2":60,"angle":0,"time":36,"duration":0.5},{"type":"hold","angle2":30,"angle":60,"time":36.5,"duration":0.5},{"type":"hold","angle2":0,"angle":30,"time":37,"duration":0.5},{"type":"hold","angle2":60,"angle":0,"time":37.5,"duration":0.5},{"endTap":true,"duration":0.5,"angle":60,"type":"hold","time":38,"angle2":30},{"type":"hold","angle2":150,"angle":90,"time":35,"duration":0.5},{"type":"hold","angle2":270,"angle":210,"time":35,"duration":0.5},{"type":"hold","angle2":120,"angle":150,"time":35.5,"duration":0.5},{"type":"hold","angle2":240,"angle":270,"time":35.5,"duration":0.5},{"type":"hold","angle2":180,"angle":120,"time":36,"duration":0.5},{"type":"hold","angle2":300,"angle":240,"time":36,"duration":0.5},{"type":"hold","angle2":270,"angle":300,"time":36.5,"duration":0.5},{"type":"hold","angle2":150,"angle":180,"time":36.5,"duration":0.5},{"type":"hold","angle2":120,"angle":150,"time":37,"duration":0.5},{"type":"hold","angle2":240,"angle":270,"time":37,"duration":0.5},{"type":"hold","angle2":180,"angle":120,"time":37.5,"duration":0.5},{"type":"hold","angle2":300,"angle":240,"time":37.5,"duration":0.5},{"endTap":true,"duration":0.5,"angle":300,"type":"hold","time":38,"angle2":270},{"endTap":true,"duration":0.5,"angle":180,"type":"hold","time":38,"angle2":150},{"type":"mineHold","angle2":90,"angle":30,"time":35,"duration":0.5},{"type":"mineHold","angle2":210,"angle":150,"time":35,"duration":0.5},{"type":"mineHold","angle2":330,"angle":270,"time":35,"duration":0.5},{"type":"mineHold","angle2":60,"angle":90,"time":35.5,"duration":0.5},{"type":"mineHold","angle2":180,"angle":210,"time":35.5,"duration":0.5},{"type":"mineHold","angle2":300,"angle":330,"time":35.5,"duration":0.5},{"type":"mineHold","angle2":120,"angle":60,"time":36,"duration":0.5},{"type":"mineHold","angle2":240,"angle":180,"time":36,"duration":0.5},{"type":"mineHold","angle2":360,"angle":300,"time":36,"duration":0.5},{"type":"mineHold","angle2":90,"angle":120,"time":36.5,"duration":0.5},{"type":"mineHold","angle2":210,"angle":240,"time":36.5,"duration":0.5},{"type":"mineHold","angle2":330,"angle":360,"time":36.5,"duration":0.5},{"type":"mineHold","angle2":60,"angle":90,"time":37,"duration":0.5},{"type":"mineHold","angle2":300,"angle":330,"time":37,"duration":0.5},{"type":"mineHold","angle2":180,"angle":210,"time":37,"duration":0.5},{"type":"mineHold","angle2":240,"angle":180,"time":37.5,"duration":0.5},{"type":"mineHold","angle2":120,"angle":60,"time":37.5,"duration":0.5},{"type":"mineHold","angle2":360,"angle":300,"time":37.5,"duration":0.5},{"type":"mineHold","angle2":330,"angle":360,"time":38,"duration":0.5},{"type":"mineHold","angle2":90,"angle":120,"time":38,"duration":0.5},{"type":"mineHold","angle2":210,"angle":240,"time":38,"duration":0.5},{"type":"mineHold","angle2":90,"angle":60,"time":34,"duration":0.5},{"type":"mineHold","angle2":330,"angle":300,"time":34,"duration":0.5},{"type":"mineHold","angle2":210,"angle":180,"time":34,"duration":0.5},{"endTap":true,"duration":0.5,"angle":120,"type":"hold","time":34,"angle2":150},{"startTap":true,"duration":0.5,"angle":60,"type":"hold","time":32,"angle2":0},{"startTap":true,"duration":0.5,"angle":180,"type":"hold","time":32,"angle2":120},{"startTap":true,"duration":0.5,"angle":300,"type":"hold","time":32,"angle2":240},{"type":"hold","angle2":270,"angle":330,"time":39,"duration":0.5},{"type":"hold","angle2":210,"angle":270,"time":39.5,"duration":0.5},{"type":"hold","angle2":240,"angle":210,"time":40,"duration":0.5},{"type":"hold","angle2":180,"angle":240,"time":40.5,"duration":0.5},{"type":"hold","angle2":240,"angle":180,"time":41,"duration":0.5},{"type":"hold","angle2":180,"angle":240,"time":41.5,"duration":0.5},{"type":"hold","angle2":30,"angle":90,"time":39,"duration":0.5},{"type":"hold","angle2":150,"angle":210,"time":39,"duration":0.5},{"type":"hold","angle2":-30,"angle":30,"time":39.5,"duration":0.5},{"type":"hold","angle2":90,"angle":150,"time":39.5,"duration":0.5},{"type":"hold","angle2":120,"angle":90,"time":40,"duration":0.5},{"type":"hold","angle2":360,"angle":330,"time":40,"duration":0.5},{"type":"hold","angle2":60,"angle":120,"time":40.5,"duration":0.5},{"type":"hold","angle2":-60,"angle":0,"time":40.5,"duration":0.5},{"type":"hold","angle2":120,"angle":60,"time":41,"duration":0.5},{"type":"hold","angle2":360,"angle":300,"time":41,"duration":0.5},{"type":"hold","angle2":60,"angle":120,"time":41.5,"duration":0.5},{"type":"hold","angle2":-60,"angle":0,"time":41.5,"duration":0.5},{"type":"mineHold","angle2":90,"angle":150,"time":39,"duration":0.5},{"type":"mineHold","angle2":30,"angle":90,"time":39.5,"duration":0.5},{"type":"mineHold","angle2":210,"angle":270,"time":39,"duration":0.5},{"type":"mineHold","angle2":150,"angle":210,"time":39.5,"duration":0.5},{"type":"mineHold","angle2":-30,"angle":30,"time":39,"duration":0.5},{"type":"mineHold","angle2":270,"angle":330,"time":39.5,"duration":0.5},{"type":"mineHold","angle2":180,"angle":150,"time":40,"duration":0.5},{"type":"mineHold","angle2":300,"angle":270,"time":40,"duration":0.5},{"type":"mineHold","angle2":60,"angle":30,"time":40,"duration":0.5},{"type":"mineHold","angle2":0,"angle":60,"time":40.5,"duration":0.5},{"type":"mineHold","angle2":240,"angle":300,"time":40.5,"duration":0.5},{"type":"mineHold","angle2":120,"angle":180,"time":40.5,"duration":0.5},{"type":"mineHold","angle2":60,"angle":0,"time":41,"duration":0.5},{"type":"mineHold","angle2":300,"angle":240,"time":41,"duration":0.5},{"type":"mineHold","angle2":180,"angle":120,"time":41,"duration":0.5},{"type":"mineHold","angle2":240,"angle":300,"time":41.5,"duration":0.5},{"type":"mineHold","angle2":120,"angle":180,"time":41.5,"duration":0.5},{"type":"mineHold","angle2":0,"angle":60,"time":41.5,"duration":0.5},{"type":"mineHold","angle2":270,"angle":240,"time":42,"duration":0.5},{"type":"mineHold","angle2":150,"angle":120,"time":42,"duration":0.5},{"type":"mineHold","angle2":30,"angle":0,"time":42,"duration":0.5},{"endTap":true,"duration":0.5,"angle":300,"type":"hold","time":42,"angle2":360},{"endTap":true,"duration":0.5,"angle":60,"type":"hold","time":42,"angle2":120},{"endTap":true,"duration":0.5,"angle":180,"type":"hold","time":42,"angle2":240},{"type":"hold","angle2":105,"angle":75,"time":45.5,"duration":0},{"type":"hold","angle2":345,"angle":315,"time":45.5,"duration":0},{"type":"hold","angle2":225,"angle":195,"time":45.5,"duration":0},{"type":"hold","holdEase":"outQuad","angle2":90,"angle":0,"time":43.5,"duration":2},{"type":"hold","holdEase":"outQuad","angle2":210,"angle":120,"time":43.5,"duration":2},{"type":"hold","holdEase":"outQuad","angle2":330,"angle":240,"time":43.5,"duration":2},{"type":"hold","holdEase":"outQuad","angle2":105,"angle":0,"time":43.5,"duration":2},{"type":"hold","holdEase":"outQuad","angle2":435,"angle":360,"time":43.5,"duration":2},{"type":"hold","holdEase":"outSine","angle2":345,"angle":240,"time":43.5,"duration":2},{"type":"hold","holdEase":"outSine","angle2":315,"angle":240,"time":43.5,"duration":2},{"type":"hold","holdEase":"outQuad","angle2":195,"angle":120,"time":43.5,"duration":2},{"type":"hold","holdEase":"outQuad","angle2":225,"angle":120,"time":43.5,"duration":2},{"type":"mineHold","angle2":300,"angle":240,"time":45.5,"duration":0.5},{"type":"mineHold","angle2":60,"angle":0,"time":45.5,"duration":0.5},{"type":"mineHold","angle2":180,"angle":120,"time":45.5,"duration":0.5},{"type":"mineHold","angle2":120,"angle":180,"time":46,"duration":0},{"type":"mineHold","angle2":300,"angle":240,"time":46,"duration":0},{"type":"mineHold","angle2":60,"angle":0,"time":46,"duration":0},{"type":"mineHold","angle2":120,"angle":180,"time":45.5,"duration":0.5},{"type":"mineHold","angle2":0,"angle":60,"time":45.5,"duration":0.5},{"type":"mineHold","angle2":240,"angle":300,"time":45.5,"duration":0.5},{"type":"mineHold","angle2":240,"angle":180,"time":47,"duration":0.5},{"type":"mineHold","angle2":60,"angle":120,"time":47,"duration":0.5},{"type":"mineHold","angle2":-60,"angle":0,"time":47,"duration":0.5},{"type":"mineHold","angle2":300,"angle":300,"time":45.5,"duration":0.5},{"type":"mineHold","angle2":240,"angle":240,"time":45.5,"duration":0.5},{"type":"mineHold","angle2":60,"angle":60,"time":45.5,"duration":0.5},{"type":"mineHold","angle2":0,"angle":0,"time":45.5,"duration":0.5},{"type":"mineHold","angle2":120,"angle":120,"time":45.5,"duration":0.5},{"type":"mineHold","angle2":180,"angle":180,"time":45.5,"duration":0.5},{"type":"mineHold","angle2":60,"angle":120,"time":47.5,"duration":0},{"type":"mineHold","angle2":300,"angle":360,"time":47.5,"duration":0},{"type":"mineHold","angle2":180,"angle":240,"time":47.5,"duration":0},{"type":"mineHold","angle2":120,"angle":120,"time":47,"duration":0.5},{"type":"mineHold","angle2":120,"angle":60,"time":47,"duration":0.5},{"type":"mineHold","angle2":60,"angle":60,"time":47,"duration":0.5},{"type":"mineHold","angle2":180,"angle":240,"time":47,"duration":0.5},{"type":"mineHold","angle2":180,"angle":180,"time":47,"duration":0.5},{"type":"mineHold","angle2":240,"angle":240,"time":47,"duration":0.5},{"type":"mineHold","angle2":360,"angle":300,"time":47,"duration":0.5},{"type":"mineHold","angle2":0,"angle":0,"time":47,"duration":0.5},{"type":"mineHold","angle2":300,"angle":300,"time":47,"duration":0.5},{"type":"mineHold","angle2":420,"angle":360,"time":48.5,"duration":0.5},{"type":"mineHold","angle2":0,"angle":60,"time":48.5,"duration":0.5},{"type":"mineHold","angle2":15,"angle":45,"time":50,"duration":0},{"type":"mineHold","angle2":315,"angle":345,"time":50.5,"duration":0},{"type":"mineHold","angle2":15,"angle":45,"time":51,"duration":0},{"type":"mineHold","angle2":60,"angle":60,"time":48.5,"duration":0.5},{"type":"mineHold","angle2":360,"angle":360,"time":48.5,"duration":0.5},{"type":"mineHold","angle2":300,"angle":240,"time":48.5,"duration":0.5},{"type":"mineHold","angle2":240,"angle":300,"time":48.5,"duration":0.5},{"type":"mineHold","angle2":240,"angle":240,"time":48.5,"duration":0.5},{"type":"mineHold","angle2":300,"angle":300,"time":48.5,"duration":0.5},{"type":"mineHold","angle2":300,"angle":240,"time":49,"duration":0},{"type":"mineHold","angle2":420,"angle":360,"time":49,"duration":0},{"type":"mineHold","angle2":135,"angle":165,"time":50,"duration":0},{"type":"mineHold","angle2":255,"angle":285,"time":50,"duration":0},{"type":"mineHold","angle2":180,"angle":120,"time":48.5,"duration":0.5},{"type":"mineHold","angle2":120,"angle":180,"time":48.5,"duration":0.5},{"type":"mineHold","angle2":120,"angle":120,"time":48.5,"duration":0.5},{"type":"mineHold","angle2":180,"angle":180,"time":48.5,"duration":0.5},{"type":"mineHold","angle2":180,"angle":120,"time":49,"duration":0},{"type":"mineHold","angle2":195,"angle":225,"time":49.5,"duration":0},{"type":"mineHold","angle2":315,"angle":345,"time":49.5,"duration":0},{"type":"mineHold","angle2":75,"angle":105,"time":49.5,"duration":0},{"type":"mineHold","angle2":195,"angle":225,"time":50.5,"duration":0},{"type":"mineHold","angle2":75,"angle":105,"time":50.5,"duration":0},{"type":"mineHold","angle2":45,"angle":75,"time":49.5,"duration":0.5},{"type":"mineHold","angle2":75,"angle":60,"time":49,"duration":0.5},{"type":"mineHold","angle2":315,"angle":300,"time":49,"duration":0.5},{"type":"mineHold","angle2":195,"angle":180,"time":49,"duration":0.5},{"type":"mineHold","angle2":315,"angle":285,"time":50,"duration":0.5},{"type":"mineHold","angle2":285,"angle":315,"time":49.5,"duration":0.5},{"type":"mineHold","angle2":165,"angle":195,"time":49.5,"duration":0.5},{"type":"mineHold","angle2":75,"angle":45,"time":50,"duration":0.5},{"type":"mineHold","angle2":195,"angle":165,"time":50,"duration":0.5},{"angle":210,"time":51,"type":"block"},{"angle":330,"time":51,"type":"block"},{"angle":270,"time":51.5,"type":"block"},{"angle":210,"time":52,"type":"block"},{"angle":150,"time":51.5,"type":"block"},{"angle":90,"time":51,"type":"block"},{"angle":90,"time":52,"type":"block"},{"angle":30,"time":51.5,"type":"block"},{"angle":330,"time":52,"type":"block"},{"type":"mineHold","angle2":45,"angle":75,"time":50.5,"duration":0.5},{"type":"mineHold","angle2":285,"angle":345,"time":51.5,"duration":0.5},{"type":"mineHold","angle2":45,"angle":105,"time":51.5,"duration":0.5},{"type":"mineHold","angle2":285,"angle":315,"time":50.5,"duration":0.5},{"angle":30,"time":52.5,"type":"block"},{"angle":330,"time":53,"type":"block"},{"angle":30,"time":53.5,"type":"block"},{"angle":330,"time":54,"type":"block"},{"angle":150,"time":52.5,"type":"block"},{"angle":270,"time":52.5,"type":"block"},{"angle":210,"time":53,"type":"block"},{"angle":90,"time":53,"type":"block"},{"angle":150,"time":53.5,"type":"block"},{"angle":270,"time":53.5,"type":"block"},{"angle":210,"time":54,"type":"block"},{"angle":90,"time":54,"type":"block"},{"type":"mineHold","angle2":15,"angle":45,"time":53,"duration":0},{"type":"mineHold","angle2":15,"angle":45,"time":54,"duration":0},{"type":"mineHold","angle2":75,"angle":105,"time":54.5,"duration":0},{"type":"mineHold","angle2":75,"angle":105,"time":53.5,"duration":0},{"type":"mineHold","angle2":135,"angle":165,"time":54,"duration":0},{"type":"mineHold","angle2":135,"angle":165,"time":53,"duration":0},{"type":"mineHold","angle2":345,"angle":315,"time":53.5,"duration":0},{"type":"mineHold","angle2":345,"angle":315,"time":54.5,"duration":0},{"type":"mineHold","angle2":285,"angle":255,"time":53,"duration":0},{"type":"mineHold","angle2":285,"angle":255,"time":54,"duration":0},{"type":"mineHold","angle2":225,"angle":195,"time":53.5,"duration":0},{"type":"mineHold","angle2":225,"angle":195,"time":54.5,"duration":0},{"type":"mineHold","angle2":75,"angle":105,"time":52.5,"duration":0},{"type":"mineHold","angle2":315,"angle":345,"time":52.5,"duration":0},{"type":"mineHold","angle2":225,"angle":195,"time":52.5,"duration":0},{"type":"mineHold","angle2":135,"angle":165,"time":52,"duration":0},{"type":"mineHold","angle2":255,"angle":285,"time":52,"duration":0},{"type":"mineHold","angle2":45,"angle":75,"time":52.5,"duration":0.5},{"type":"mineHold","angle2":75,"angle":45,"time":53,"duration":0.5},{"type":"mineHold","angle2":45,"angle":75,"time":53.5,"duration":0.5},{"type":"mineHold","angle2":75,"angle":45,"time":54,"duration":0.5},{"type":"mineHold","angle2":315,"angle":285,"time":52,"duration":0.5},{"type":"mineHold","angle2":285,"angle":315,"time":52.5,"duration":0.5},{"type":"mineHold","angle2":315,"angle":285,"time":53,"duration":0.5},{"type":"mineHold","angle2":285,"angle":315,"time":53.5,"duration":0.5},{"type":"mineHold","angle2":315,"angle":285,"time":54,"duration":0.5},{"type":"mineHold","angle2":195,"angle":165,"time":52,"duration":0.5},{"type":"mineHold","angle2":165,"angle":195,"time":52.5,"duration":0.5},{"type":"mineHold","angle2":195,"angle":165,"time":53,"duration":0.5},{"type":"mineHold","angle2":165,"angle":195,"time":53.5,"duration":0.5},{"type":"mineHold","angle2":195,"angle":165,"time":54,"duration":0.5},{"startTap":true,"endTap":true,"type":"hold","angle":30,"angle2":-60,"time":54.5,"duration":1},{"startTap":true,"endTap":true,"type":"hold","angle":300,"angle2":390,"time":55.5,"duration":1},{"startTap":true,"endTap":true,"type":"hold","angle":270,"angle2":180,"time":54.5,"duration":1},{"startTap":true,"endTap":true,"type":"hold","angle":150,"angle2":60,"time":54.5,"duration":1},{"startTap":true,"endTap":true,"type":"hold","angle":60,"angle2":150,"time":55.5,"duration":1},{"startTap":true,"endTap":true,"type":"hold","angle":180,"angle2":270,"time":55.5,"duration":1},{"startTap":true,"endTap":true,"type":"hold","angle":30,"angle2":-30,"time":54.5,"duration":2},{"startTap":true,"endTap":true,"type":"hold","angle":300,"angle2":360,"time":55.5,"duration":1},{"startTap":true,"endTap":true,"type":"hold","angle":30,"angle2":-60,"time":54.5,"duration":2},{"startTap":true,"endTap":true,"type":"hold","angle":60,"angle2":120,"time":55.5,"duration":1},{"startTap":true,"endTap":true,"type":"hold","angle":180,"angle2":240,"time":55.5,"duration":1},{"startTap":true,"endTap":true,"type":"hold","angle":150,"angle2":90,"time":54.5,"duration":2},{"startTap":true,"endTap":true,"type":"hold","angle":150,"angle2":60,"time":54.5,"duration":2},{"startTap":true,"endTap":true,"type":"hold","angle":270,"angle2":210,"time":54.5,"duration":2},{"startTap":true,"endTap":true,"type":"hold","angle":270,"angle2":180,"time":54.5,"duration":2},{"angle":270,"time":56.5,"type":"extraTap"},{"angle":60,"time":34.5,"type":"extraTap"},{"angle":300,"time":42.5,"type":"extraTap"},{"angle":300,"time":38.5,"type":"extraTap"},{"speedMult":2,"segments":23,"type":"hold","angle":360,"angle2":1080,"time":58,"duration":0},{"speedMult":2,"segments":30,"type":"hold","angle":495,"angle2":1215,"time":58.5,"duration":0},{"speedMult":2,"segments":20,"type":"hold","angle":270,"angle2":990,"time":59,"duration":0},{"speedMult":2,"segments":20,"type":"hold","angle":157.5,"angle2":877.5,"time":59.5,"duration":0},{"speedMult":2,"segments":40,"type":"hold","angle":22.5,"angle2":1102.5,"time":60.5,"duration":0},{"speedMult":2,"segments":40,"type":"hold","angle":-112.5,"angle2":967.5,"time":61.5,"duration":0},{"type":"hold","segments":23,"duration":0,"angle2":1102.5,"speedMult":2,"time":62.5,"angle":22.5},{"type":"hold","segments":20,"duration":0,"angle2":967.5,"speedMult":2,"time":63,"angle":247.5},{"duration":0,"segments":23,"type":"hold","angle2":1237.5,"speedMult":2,"time":63.5,"angle":157.5},{"startTap":true,"duration":1.5,"angle":420,"type":"hold","time":64,"angle2":240},{"startTap":true,"duration":1.75,"angle":60,"type":"hold","time":64,"angle2":-105},{"startTap":true,"duration":2,"angle":60,"type":"hold","time":64,"angle2":-90},{"startTap":true,"duration":2.25,"angle":60,"type":"hold","time":64,"angle2":-75},{"startTap":true,"duration":2.5,"angle":60,"type":"hold","time":64,"angle2":-60},{"startTap":true,"duration":1,"angle":120,"type":"hold","time":64.5,"angle2":-120},{"startTap":true,"duration":1.25,"angle":120,"type":"hold","time":64.5,"angle2":-105},{"startTap":true,"duration":1.5,"angle":120,"type":"hold","time":64.5,"angle2":-90},{"startTap":true,"duration":1.75,"angle":120,"type":"hold","time":64.5,"angle2":-75},{"startTap":true,"duration":2,"angle":120,"type":"hold","time":64.5,"angle2":-60},{"startTap":true,"duration":2,"angle":120,"type":"hold","time":64.5,"angle2":300},{"startTap":true,"duration":1.75,"angle":120,"type":"hold","time":64.5,"angle2":285},{"startTap":true,"duration":1.5,"angle":120,"type":"hold","time":64.5,"angle2":270},{"startTap":true,"duration":1.25,"angle":120,"type":"hold","time":64.5,"angle2":255},{"startTap":true,"endTap":true,"type":"hold","angle":120,"angle2":240,"time":64.5,"duration":1},{"startTap":true,"duration":9,"angle":180,"type":"hold","time":65,"angle2":-300},{"startTap":true,"endTap":true,"type":"hold","angle":180,"angle2":660,"time":65,"duration":7},{"type":"hold","angle2":660,"angle":300,"time":66.5,"duration":3},{"type":"hold","angle2":420,"angle":60,"time":66.5,"duration":4},{"startTap":true,"duration":3.5,"angle":0,"type":"hold","time":67,"angle2":30},{"startTap":true,"duration":3,"angle":60,"type":"hold","time":67.5,"angle2":90},{"startTap":true,"duration":2.5,"angle":120,"type":"hold","time":68,"angle2":150},{"startTap":true,"duration":2,"angle":180,"type":"hold","time":68.5,"angle2":210},{"startTap":true,"duration":1.5,"angle":240,"type":"hold","time":69,"angle2":270},{"startTap":true,"duration":1,"angle":300,"type":"hold","time":69.5,"angle2":330},{"startTap":true,"duration":0.5,"angle":0,"type":"hold","time":70,"angle2":30},{"startTap":true,"duration":3.5,"angle":60,"type":"hold","time":70.5,"angle2":-300},{"type":"hold","angle2":-180,"angle":180,"time":70.5,"duration":3.5},{"type":"hold","angle2":-60,"angle":300,"time":70.5,"duration":3.5},{"type":"hold","angle2":240,"angle":180,"time":65,"duration":7.5},{"startTap":true,"duration":5.5,"angle":180,"type":"hold","time":73,"angle2":300},{"startTap":true,"duration":5.5,"angle":180,"type":"hold","time":73,"angle2":420},{"startTap":true,"duration":5.5,"angle":180,"type":"hold","time":73,"angle2":60},{"startTap":true,"duration":5.5,"angle":180,"type":"hold","time":73,"angle2":-60},{"type":"mineHold","angle2":255,"angle":285,"time":51,"duration":0},{"type":"mineHold","angle2":15,"angle":45,"time":52,"duration":0},{"type":"mineHold","angle2":-15,"angle":15,"time":51,"duration":0.5},{"type":"mineHold","angle2":135,"angle":165,"time":51,"duration":0},{"type":"mineHold","angle2":165,"angle":195,"time":50.5,"duration":0.5},{"type":"mineHold","angle2":105,"angle":135,"time":51,"duration":0.5},{"type":"mineHold","angle2":225,"angle":255,"time":51,"duration":0.5},{"type":"mineHold","angle2":165,"angle":225,"time":51.5,"duration":0.5},{"startTap":true,"endTap":true,"type":"hold","angle":180,"angle2":120,"time":65,"duration":8.5},{"startTap":true,"duration":4,"angle":30,"type":"hold","time":74.5,"angle2":0},{"startTap":true,"duration":3.5,"angle":330,"type":"hold","time":75,"angle2":360},{"startTap":true,"duration":3,"angle":270,"type":"hold","time":75.5,"angle2":240},{"startTap":true,"duration":2.5,"angle":210,"type":"hold","time":76,"angle2":240},{"startTap":true,"duration":2,"angle":150,"type":"hold","time":76.5,"angle2":120},{"startTap":true,"duration":1.5,"angle":90,"type":"hold","time":77,"angle2":120},{"startTap":true,"endTap":true,"type":"hold","angle":150,"angle2":180,"time":77.5,"duration":1},{"startTap":true,"endTap":true,"type":"hold","angle":210,"angle2":180,"time":78,"duration":0.5},{"type":"hold","angle2":120,"angle":180,"time":78.5,"duration":2},{"type":"hold","angle2":150,"angle":180,"time":78.5,"duration":2},{"type":"hold","angle2":210,"angle":180,"time":78.5,"duration":2},{"type":"hold","angle2":240,"angle":180,"time":78.5,"duration":2},{"type":"hold","angle2":180,"angle":240,"time":78.5,"duration":2},{"type":"hold","angle2":300,"angle":240,"time":78.5,"duration":2},{"type":"hold","angle2":210,"angle":240,"time":78.5,"duration":2},{"type":"hold","angle2":270,"angle":240,"time":78.5,"duration":2},{"type":"hold","angle2":240,"angle":300,"time":78.5,"duration":2},{"type":"hold","angle2":360,"angle":300,"time":78.5,"duration":2},{"type":"hold","angle2":270,"angle":300,"time":78.5,"duration":2},{"type":"hold","angle2":330,"angle":300,"time":78.5,"duration":2},{"type":"hold","angle2":-60,"angle":0,"time":78.5,"duration":2},{"type":"hold","angle2":60,"angle":0,"time":78.5,"duration":2},{"type":"hold","angle2":-30,"angle":0,"time":78.5,"duration":2},{"type":"hold","angle2":30,"angle":0,"time":78.5,"duration":2},{"type":"hold","angle2":0,"angle":60,"time":78.5,"duration":2},{"type":"hold","angle2":120,"angle":60,"time":78.5,"duration":2},{"type":"hold","angle2":30,"angle":60,"time":78.5,"duration":2},{"type":"hold","angle2":90,"angle":60,"time":78.5,"duration":2},{"type":"hold","angle2":60,"angle":120,"time":78.5,"duration":2},{"type":"hold","angle2":180,"angle":120,"time":78.5,"duration":2},{"type":"hold","angle2":90,"angle":120,"time":78.5,"duration":2},{"type":"hold","angle2":150,"angle":120,"time":78.5,"duration":2},{"type":"mineHold","angle2":75,"angle":45,"time":52,"duration":0.5},{"angle":30,"time":32.25,"type":"side"},{"angle":270,"time":32.25,"type":"side"},{"angle":150,"time":32.25,"type":"side"},{"type":"block","angle":30,"tap":true,"time":46.5},{"type":"block","angle":270,"tap":true,"time":46.5},{"type":"block","angle":150,"tap":true,"time":46.5},{"angle":30,"time":49.5,"type":"block"},{"angle":150,"time":49.5,"type":"block"},{"angle":210,"time":50,"type":"block"},{"angle":270,"time":49.5,"type":"block"},{"angle":90,"time":50,"type":"block"},{"angle":330,"time":50,"type":"block"},{"type":"block","angle":270,"tap":true,"time":50.5},{"type":"block","angle":30,"tap":true,"time":50.5},{"type":"block","angle":150,"tap":true,"time":50.5},{"type":"block","angle":300,"tap":true,"time":83.5},{"startTap":true,"duration":5.5,"angle":240,"type":"hold","time":85,"angle2":270},{"startTap":true,"duration":5,"angle":300,"type":"hold","time":85.5,"angle2":330},{"startTap":true,"duration":4.5,"angle":0,"type":"hold","time":86,"angle2":30},{"startTap":true,"duration":4,"angle":60,"type":"hold","time":86.5,"angle2":90},{"angle":90,"time":73.75,"type":"block"},{"angle":45,"time":74.25,"type":"block"},{"startTap":true,"duration":0,"angle":120,"type":"hold","time":73.5,"angle2":120},{"type":"block","angle":360,"tap":true,"time":81},{"angle":90,"time":81.75,"type":"block"},{"startTap":true,"duration":9,"angle":60,"type":"hold","time":81.5,"angle2":90},{"type":"hold","angle2":90,"angle":120,"time":82,"duration":8.5},{"angle":150,"time":82.25,"type":"block"},{"startTap":true,"duration":8,"angle":180,"type":"hold","time":82.5,"angle2":270},{"startTap":true,"duration":7.5,"angle":240,"type":"hold","time":83,"angle2":150},{"startTap":true,"duration":8,"angle":180,"type":"hold","time":82.5,"angle2":510},{"type":"hold","angle2":570,"angle":300,"time":82.5,"duration":8},{"type":"hold","angle2":390,"angle":60,"time":82.5,"duration":8},{"type":"block","angle":300,"tap":true,"time":84.5},{"type":"block","angle":360,"tap":true,"time":84},{"type":"hold","angle2":30,"angle":300,"time":82.5,"duration":8},{"type":"hold","angle2":-150,"angle":180,"time":82.5,"duration":8},{"type":"hold","holdEase":"inSine","angle2":-270,"angle":60,"time":82.5,"duration":8},{"startTap":true,"duration":3.5,"angle":120,"type":"hold","time":87,"angle2":-30},{"startTap":true,"duration":3,"angle":180,"type":"hold","time":87.5,"angle2":330},{"startTap":true,"duration":2.5,"angle":120,"type":"hold","time":88,"angle2":270},{"startTap":true,"holdEase":"linear","duration":2,"angle2":-90,"angle":60,"time":88.5,"type":"hold"},{"startTap":true,"duration":1.5,"angle":0,"type":"hold","time":89,"angle2":90},{"type":"hold","angle2":150,"angle":300,"time":85.5,"duration":5},{"angle":300,"time":89.5,"type":"block"},{"angle":270,"time":89.75,"type":"block"},{"angle":240,"time":90,"type":"block"},{"angle":210,"time":90.25,"type":"block"},{"speedMult":2,"segments":19,"type":"hold","angle":270,"angle2":990,"time":91.5,"duration":0},{"speedMult":2,"segments":30,"type":"hold","angle":90,"angle2":1170,"time":92.5,"duration":0},{"speedMult":2,"segments":28,"type":"hold","angle":0,"angle2":1080,"time":93.5,"duration":0},{"speedMult":2,"segments":33,"type":"hold","angle":60,"angle2":780,"time":94.5,"duration":0},{"speedMult":2,"segments":23,"type":"hold","angle":300,"angle2":1020,"time":95,"duration":0},{"type":"hold","segments":20,"duration":0,"angle":210,"angle2":930,"time":95.5,"speedMult":2},{"startTap":true,"endTap":true,"type":"hold","angle":300,"angle2":300,"time":66.5,"duration":0},{"type":"hold","angle2":150,"angle":150,"time":90.5,"duration":0},{"type":"hold","angle2":90,"angle":90,"time":90.5,"duration":0},{"type":"hold","angle2":30,"angle":30,"time":90.5,"duration":0},{"type":"hold","angle2":330,"angle":330,"time":90.5,"duration":0},{"type":"hold","angle2":270,"angle":270,"time":90.5,"duration":0},{"type":"hold","angle2":510,"angle":180,"time":96.5,"duration":32},{"type":"hold","angle2":-120,"angle":210,"time":97,"duration":31.5},{"type":"hold","angle2":570,"angle":240,"time":97.5,"duration":31},{"type":"hold","angle2":-60,"angle":270,"time":98,"duration":30.5},{"type":"hold","angle2":630,"angle":300,"time":98.5,"duration":30},{"type":"hold","angle2":0,"angle":330,"time":99,"duration":29.5},{"type":"hold","holdEase":"inOutBack","angle2":0,"angle":360,"time":99.5,"duration":29},{"type":"hold","holdEase":"inOutBack","angle2":690,"angle":330,"time":100,"duration":28.5},{"type":"hold","holdEase":"inOutBack","angle2":-60,"angle":300,"time":100.5,"duration":28},{"type":"hold","holdEase":"inOutBack","angle2":630,"angle":270,"time":101,"duration":27.5},{"type":"hold","holdEase":"inOutBack","angle2":-120,"angle":240,"time":101.5,"duration":27},{"type":"hold","holdEase":"inOutBack","angle2":570,"angle":210,"time":102,"duration":26.5},{"type":"hold","holdEase":"inOutBack","angle2":-180,"angle":180,"time":102.5,"duration":26},{"type":"hold","holdEase":"inOutBack","angle2":510,"angle":150,"time":103,"duration":25.5},{"type":"hold","holdEase":"inOutBack","angle2":-240,"angle":120,"time":103.5,"duration":25},{"type":"hold","holdEase":"inOutCubic","angle2":-360,"angle":90,"time":104,"duration":24.5},{"type":"hold","holdEase":"inOutCubic","angle2":-330,"angle":120,"time":104.5,"duration":24},{"type":"hold","holdEase":"inOutCubic","angle2":-300,"angle":150,"time":105,"duration":23.5},{"type":"hold","holdEase":"inOutCubic","angle2":-270,"angle":180,"time":105.5,"duration":23},{"type":"hold","holdEase":"inOutCubic","angle2":-240,"angle":210,"time":106,"duration":22.5},{"type":"hold","holdEase":"inOutCubic","angle2":-210,"angle":240,"time":106.5,"duration":22},{"type":"hold","holdEase":"inOutCubic","angle2":-180,"angle":270,"time":107,"duration":21.5},{"type":"hold","holdEase":"inCubic","angle2":390,"angle":300,"time":107.5,"duration":21},{"type":"hold","holdEase":"inSine","angle2":420,"angle":270,"time":108,"duration":20.5},{"type":"hold","holdEase":"inSine","angle2":90,"angle":240,"time":108.5,"duration":20},{"type":"hold","holdEase":"inSine","angle2":120,"angle":210,"time":109,"duration":19.5},{"type":"hold","holdEase":"inSine","angle2":-30,"angle":180,"time":109.5,"duration":19},{"type":"hold","holdEase":"linear","angle2":-90,"angle":150,"time":110,"duration":18.5},{"type":"hold","holdEase":"linear","angle2":360,"angle":120,"time":110.5,"duration":18},{"type":"hold","angle2":-150,"angle":90,"time":111,"duration":17.5},{"type":"hold","angle2":300,"angle":60,"time":111.5,"duration":17},{"type":"hold","angle2":-180,"angle":30,"time":112,"duration":16.5},{"type":"hold","angle2":180,"angle":0,"time":112.5,"duration":16},{"type":"hold","angle2":600,"angle":390,"time":113,"duration":15.5},{"type":"hold","holdEase":"inSine","angle2":150,"angle":60,"time":113.5,"duration":15},{"angle":180,"time":128.5,"type":"extraTap"},{"type":"hold","angle2":-150,"angle":90,"time":114,"duration":14.5},{"type":"hold","angle2":390,"angle":120,"time":114.5,"duration":14},{"type":"hold","holdEase":"linear","angle2":540,"angle":150,"time":115,"duration":13.5},{"type":"hold","holdEase":"inSine","angle2":90,"angle":180,"time":115.5,"duration":13},{"type":"hold","holdEase":"inSine","angle2":120,"angle":210,"time":116,"duration":12.5},{"type":"hold","holdEase":"inBack","angle2":390,"angle":240,"time":116.5,"duration":12},{"type":"hold","holdEase":"inBack","angle2":420,"angle":270,"time":117,"duration":11.5},{"type":"hold","holdEase":"inBack","angle2":450,"angle":300,"time":117.5,"duration":11},{"type":"hold","holdEase":"inBack","angle2":480,"angle":330,"time":118,"duration":10.5},{"type":"hold","holdEase":"inBack","angle2":510,"angle":360,"time":118.5,"duration":10},{"type":"hold","holdEase":"inBack","angle2":540,"angle":390,"time":119,"duration":9.5},{"type":"hold","holdEase":"inBack","angle2":210,"angle":60,"time":119.5,"duration":9},{"type":"hold","holdEase":"inBack","angle2":240,"angle":90,"time":120,"duration":8.5},{"type":"hold","holdEase":"inBack","angle2":270,"angle":120,"time":120.5,"duration":8},{"type":"hold","holdEase":"inBack","angle2":300,"angle":150,"time":121,"duration":7.5},{"type":"hold","holdEase":"inBack","angle2":330,"angle":180,"time":121.5,"duration":7},{"type":"hold","holdEase":"inBack","angle2":360,"angle":210,"time":122,"duration":6.5},{"type":"hold","holdEase":"inBack","angle2":390,"angle":240,"time":122.5,"duration":6},{"angle":270,"time":123,"type":"block"},{"angle":300,"time":123.5,"type":"block"},{"angle":360,"time":124,"type":"block"},{"angle":120,"time":125,"type":"block"},{"angle":60,"time":124.5,"type":"block"},{"angle":180,"time":125.5,"type":"block"},{"angle":270,"time":126,"type":"block"},{"angle":360,"time":126.5,"type":"block"},{"angle":90,"time":127,"type":"block"},{"angle":180,"time":127.5,"type":"block"},{"angle":300,"time":128,"type":"block"},{"startTap":true,"endTap":true,"type":"hold","angle":180,"angle2":180,"time":128.5,"duration":0},{"startTap":true,"endTap":true,"type":"hold","angle":150,"angle2":150,"time":128.5,"duration":0},{"startTap":true,"endTap":true,"type":"hold","angle":120,"angle2":120,"time":128.5,"duration":0},{"startTap":true,"endTap":true,"type":"hold","angle":90,"angle2":90,"time":128.5,"duration":0},{"startTap":true,"endTap":true,"type":"hold","angle":60,"angle2":60,"time":128.5,"duration":0},{"startTap":true,"endTap":true,"type":"hold","angle":30,"angle2":30,"time":128.5,"duration":0},{"startTap":true,"endTap":true,"type":"hold","angle":0,"angle2":0,"time":128.5,"duration":0},{"startTap":true,"endTap":true,"type":"hold","angle":330,"angle2":330,"time":128.5,"duration":0},{"startTap":true,"endTap":true,"type":"hold","angle":300,"angle2":300,"time":128.5,"duration":0},{"startTap":true,"endTap":true,"type":"hold","angle":270,"angle2":270,"time":128.5,"duration":0},{"startTap":true,"endTap":true,"type":"hold","angle":240,"angle2":240,"time":128.5,"duration":0},{"startTap":true,"endTap":true,"type":"hold","angle":210,"angle2":210,"time":128.5,"duration":0},{"startTap":true,"duration":0,"angle":240,"type":"hold","time":72.5,"angle2":240},{"startTap":true,"endTap":true,"type":"hold","angle":300,"angle2":300,"time":72,"duration":0},{"type":"hold","angle2":-75,"angle":-90,"time":130.5,"duration":0},{"type":"hold","angle2":180,"angle":165,"time":131.5,"duration":0},{"type":"hold","angle2":150,"angle":135,"time":133.5,"duration":0},{"type":"hold","angle2":-120,"angle":-135,"time":134.5,"duration":0},{"type":"hold","angle2":-22.5,"angle":-37.5,"time":135.5,"duration":0},{"type":"hold","holdEase":"inOutBack","angle2":75,"angle":60,"time":136,"duration":0.5},{"type":"hold","angle2":67.5,"angle":67.5,"time":136.25,"duration":0},{"type":"hold","holdEase":"inOutBack","angle2":52.5,"angle":45,"time":129.5,"duration":0.5},{"type":"hold","holdEase":"inOutBack","angle2":37.5,"angle":45,"time":129.5,"duration":0.5},{"type":"hold","holdEase":"inOutBack","angle2":22.5,"angle":15,"time":132.5,"duration":0.5},{"type":"hold","holdEase":"inOutBack","angle2":7.5,"angle":15,"time":132.5,"duration":0.5},{"type":"hold","holdEase":"inOutBack","angle2":157.5,"angle":150,"time":137.5,"duration":0.5},{"type":"hold","holdEase":"inOutBack","angle2":142.5,"angle":150,"time":137.5,"duration":0.5},{"type":"hold","angle2":22.5,"angle":37.5,"time":138.5,"duration":0},{"type":"hold","angle2":285,"angle":300,"time":139.5,"duration":0},{"type":"hold","angle2":300,"angle":285,"time":141.5,"duration":0},{"type":"hold","angle2":60,"angle":45,"time":140.5,"duration":0},{"type":"hold","angle2":142.5,"angle":127.5,"time":141,"duration":0},{"type":"hold","angle2":352.5,"angle":337.5,"time":142.5,"duration":0},{"type":"hold","angle2":225,"angle":240,"time":143.5,"duration":0},{"type":"hold","holdEase":"inOutBack","angle2":75,"angle":60,"time":144,"duration":0.5},{"type":"hold","angle2":67.5,"angle":67.5,"time":144.25,"duration":0},{"type":"hold","angle2":135,"angle":120,"time":145,"duration":0},{"type":"hold","angle2":7.5,"angle":22.5,"time":145.5,"duration":0},{"type":"hold","angle2":225,"angle":210,"time":146,"duration":0},{"type":"hold","angle2":345,"angle":330,"time":146.5,"duration":0},{"type":"hold","angle2":142.5,"angle":157.5,"time":147,"duration":0},{"type":"hold","angle2":285,"angle":270,"time":147.5,"duration":0},{"type":"hold","angle2":45,"angle":30,"time":148,"duration":0},{"type":"hold","angle2":112.5,"angle":97.5,"time":148.5,"duration":0},{"type":"hold","angle2":330,"angle":315,"time":149,"duration":0},{"type":"hold","angle2":202.5,"angle":217.5,"time":149.5,"duration":0},{"type":"hold","angle2":30,"angle":15,"time":150,"duration":0},{"type":"hold","angle2":120,"angle":135,"time":150.5,"duration":0},{"type":"hold","angle2":330,"angle":315,"time":151,"duration":0},{"type":"hold","angle2":210,"angle":225,"time":151.5,"duration":0},{"type":"hold","holdEase":"outSine","angle2":78.75,"angle":75,"time":152,"duration":0.25},{"type":"hold","holdEase":"outSine","angle2":82.5,"angle":78.75,"time":152.25,"duration":0.25},{"type":"hold","holdEase":"outQuad","angle2":90,"angle":82.5,"time":152.5,"duration":0.25},{"type":"hold","holdEase":"outQuad","angle2":97.5,"angle":90,"time":152.75,"duration":0.25},{"type":"hold","holdEase":"outCubic","angle2":108.75,"angle":97.5,"time":153,"duration":0.25},{"type":"hold","holdEase":"outCubic","angle2":120,"angle":108.75,"time":153.25,"duration":0.25},{"type":"hold","holdEase":"outQuart","angle2":135,"angle":120,"time":153.5,"duration":0.25},{"type":"hold","holdEase":"outQuart","angle2":150,"angle":135,"time":153.75,"duration":0.25},{"type":"hold","holdEase":"outQuint","angle2":168.75,"angle":150,"time":154,"duration":0.25},{"type":"hold","holdEase":"outQuart","angle2":187.5,"angle":168.75,"time":154.25,"duration":0.25},{"type":"hold","holdEase":"outQuint","angle2":210,"angle":187.5,"time":154.5,"duration":0.25},{"type":"hold","holdEase":"outQuint","angle2":232.5,"angle":210,"time":154.75,"duration":0.25},{"type":"hold","holdEase":"outExpo","angle2":262.5,"angle":232.5,"time":155,"duration":0.25},{"type":"hold","holdEase":"outExpo","angle2":292.5,"angle":262.5,"time":155.25,"duration":0.25},{"type":"hold","holdEase":"outCirc","angle2":330,"angle":292.5,"time":155.5,"duration":0.25},{"type":"hold","holdEase":"outCirc","angle2":367.5,"angle":330,"time":155.75,"duration":0.25},{"type":"hold","holdEase":"outCirc","angle2":48.75,"angle":7.5,"time":156,"duration":0.25},{"type":"hold","holdEase":"outBack","angle2":93.75,"angle":48.75,"time":156.25,"duration":0.25},{"type":"hold","angle2":165,"angle":150,"time":157,"duration":0},{"type":"hold","angle2":262.5,"angle":247.5,"time":157.5,"duration":0},{"angle":45,"holdEase":"inOutBack","type":"hold","speedMult":1.5,"angle2":52.5,"time":158.5,"duration":0.5},{"speedMult":1.5,"duration":0.5,"holdEase":"inOutBack","angle":45,"angle2":37.5,"time":158.5,"type":"hold"},{"angle":315,"type":"hold","duration":0.5,"speedMult":1.5,"angle2":307.5,"time":159.5,"holdEase":"inOutBack"},{"speedMult":1.5,"holdEase":"inOutBack","type":"hold","angle2":322.5,"angle":315,"time":159.5,"duration":0.5},{"startTap":true,"duration":6,"angle":120,"type":"hold","time":160.5,"angle2":30},{"type":"hold","angle2":210,"angle":120,"time":160.5,"duration":6},{"startTap":true,"duration":5.5,"angle":180,"type":"hold","time":161,"angle2":120},{"type":"hold","angle2":270,"angle":180,"time":161,"duration":5.5},{"startTap":true,"duration":5,"angle":240,"type":"hold","time":161.5,"angle2":150},{"type":"hold","angle2":330,"angle":240,"time":161.5,"duration":5},{"startTap":true,"duration":4.5,"angle":300,"type":"hold","time":162,"angle2":390},{"type":"hold","angle2":210,"angle":300,"time":162,"duration":4.5},{"startTap":true,"holdEase":"inCirc","duration":4,"angle2":330,"angle":0,"time":162.5,"type":"hold"},{"type":"hold","holdEase":"inCirc","angle2":390,"angle":60,"time":162.5,"duration":4},{"type":"hold","holdEase":"inCirc","angle2":450,"angle":120,"time":162.5,"duration":4},{"type":"hold","holdEase":"inCirc","angle2":510,"angle":180,"time":162.5,"duration":4},{"type":"hold","holdEase":"inCirc","angle2":570,"angle":240,"time":162.5,"duration":4},{"type":"hold","holdEase":"inCirc","angle2":630,"angle":300,"time":162.5,"duration":4},{"type":"hold","holdEase":"inCirc","angle2":-300,"angle":30,"time":166.5,"duration":4},{"type":"hold","holdEase":"inCirc","angle2":-240,"angle":90,"time":166.5,"duration":4},{"type":"hold","holdEase":"inCirc","angle2":-180,"angle":150,"time":166.5,"duration":4},{"type":"hold","holdEase":"inCirc","angle2":-120,"angle":210,"time":166.5,"duration":4},{"type":"hold","holdEase":"inCirc","angle2":-60,"angle":270,"time":166.5,"duration":4},{"startTap":true,"holdEase":"inCirc","duration":4,"angle2":0,"angle":330,"time":166.5,"type":"hold"},{"type":"hold","holdEase":"inCirc","angle2":330,"angle":0,"time":170.5,"duration":4},{"type":"hold","holdEase":"inCirc","angle2":390,"angle":60,"time":170.5,"duration":4},{"type":"hold","holdEase":"inCirc","angle2":450,"angle":120,"time":170.5,"duration":4},{"type":"hold","holdEase":"inCirc","angle2":510,"angle":180,"time":170.5,"duration":4},{"startTap":true,"holdEase":"inCirc","duration":4,"angle2":570,"angle":240,"time":170.5,"type":"hold"},{"type":"hold","holdEase":"inCirc","angle2":630,"angle":300,"time":170.5,"duration":4},{"type":"hold","holdEase":"inCirc","angle2":-300,"angle":30,"time":174.5,"duration":4},{"type":"hold","holdEase":"inCirc","angle2":-240,"angle":90,"time":174.5,"duration":4},{"startTap":true,"holdEase":"inCirc","duration":4,"angle2":-180,"angle":150,"time":174.5,"type":"hold"},{"type":"hold","holdEase":"inCirc","angle2":-120,"angle":210,"time":174.5,"duration":4},{"type":"hold","holdEase":"inCirc","angle2":-60,"angle":270,"time":174.5,"duration":4},{"type":"hold","holdEase":"inCirc","angle2":0,"angle":330,"time":174.5,"duration":4},{"type":"hold","holdEase":"inCirc","angle2":330,"angle":0,"time":178.5,"duration":4},{"type":"hold","holdEase":"inCirc","angle2":390,"angle":60,"time":178.5,"duration":4},{"type":"hold","holdEase":"inCirc","angle2":450,"angle":120,"time":178.5,"duration":4},{"type":"hold","holdEase":"inCirc","angle2":510,"angle":180,"time":178.5,"duration":4},{"startTap":true,"holdEase":"inCirc","duration":4,"angle2":570,"angle":240,"time":178.5,"type":"hold"},{"type":"hold","holdEase":"inCirc","angle2":630,"angle":300,"time":178.5,"duration":4},{"type":"hold","holdEase":"inCirc","angle2":-300,"angle":30,"time":182.5,"duration":10},{"type":"hold","holdEase":"inCirc","angle2":-240,"angle":90,"time":182.5,"duration":10},{"type":"hold","holdEase":"inCirc","angle2":-180,"angle":150,"time":182.5,"duration":10},{"type":"hold","holdEase":"inCirc","angle2":-120,"angle":210,"time":182.5,"duration":10},{"type":"hold","holdEase":"inCirc","angle2":-120,"angle":270,"time":182.5,"duration":10},{"type":"hold","holdEase":"inCirc","angle2":0,"angle":330,"time":182.5,"duration":10},{"type":"hold","holdEase":"inCirc","angle2":-240,"angle":90,"time":190.5,"duration":8},{"type":"hold","holdEase":"inCirc","angle2":-180,"angle":150,"time":190.5,"duration":8},{"startTap":true,"holdEase":"inCirc","duration":8,"angle2":-120,"angle":210,"time":190.5,"type":"hold"},{"type":"hold","holdEase":"inCirc","angle2":-60,"angle":270,"time":190.5,"duration":8},{"type":"hold","holdEase":"inCirc","angle2":0,"angle":330,"time":190.5,"duration":8},{"type":"hold","holdEase":"inCirc","angle2":330,"angle":0,"time":202.5,"duration":12},{"type":"hold","holdEase":"inCirc","angle2":390,"angle":60,"time":202.5,"duration":12},{"type":"hold","holdEase":"inCirc","angle2":450,"angle":120,"time":202.5,"duration":12},{"type":"hold","holdEase":"inCirc","angle2":510,"angle":180,"time":202.5,"duration":12},{"startTap":true,"holdEase":"inCirc","duration":12,"angle2":570,"angle":240,"time":202.5,"type":"hold"},{"type":"hold","holdEase":"inCirc","angle2":630,"angle":300,"time":202.5,"duration":12},{"type":"hold","holdEase":"inCirc","angle2":-300,"angle":30,"time":206.5,"duration":4},{"type":"hold","holdEase":"inCirc","angle2":-240,"angle":90,"time":206.5,"duration":4},{"type":"hold","holdEase":"inCirc","angle2":-180,"angle":150,"time":206.5,"duration":4},{"type":"hold","holdEase":"inCirc","angle2":-120,"angle":210,"time":206.5,"duration":4},{"type":"hold","holdEase":"inCirc","angle2":-60,"angle":270,"time":206.5,"duration":4},{"startTap":true,"holdEase":"inCirc","duration":4,"angle2":0,"angle":330,"time":206.5,"type":"hold"},{"startTap":true,"holdEase":"inCirc","duration":8,"angle2":330,"angle":0,"time":210.5,"type":"hold"},{"type":"hold","holdEase":"inCirc","angle2":390,"angle":60,"time":210.5,"duration":8},{"type":"hold","holdEase":"inCirc","angle2":450,"angle":120,"time":210.5,"duration":8},{"type":"hold","holdEase":"inCirc","angle2":510,"angle":180,"time":210.5,"duration":8},{"type":"hold","holdEase":"inCirc","angle2":570,"angle":240,"time":210.5,"duration":8},{"type":"hold","holdEase":"inCirc","angle2":630,"angle":300,"time":210.5,"duration":8},{"type":"hold","holdEase":"inCirc","angle2":-300,"angle":30,"time":214.5,"duration":8},{"type":"hold","holdEase":"inCirc","angle2":-240,"angle":90,"time":214.5,"duration":8},{"type":"hold","holdEase":"inCirc","angle2":-180,"angle":150,"time":214.5,"duration":8},{"type":"hold","holdEase":"inCirc","angle2":-120,"angle":210,"time":214.5,"duration":8},{"type":"hold","holdEase":"inCirc","angle2":-60,"angle":270,"time":214.5,"duration":8},{"type":"hold","holdEase":"inCirc","angle2":0,"angle":330,"time":214.5,"duration":8},{"type":"hold","holdEase":"inCirc","angle2":330,"angle":0,"time":218.5,"duration":4},{"startTap":true,"holdEase":"inCirc","duration":4,"angle":60,"angle2":390,"time":218.5,"type":"hold"},{"type":"hold","holdEase":"inCirc","angle2":450,"angle":120,"time":218.5,"duration":4},{"endTap":true,"holdEase":"inCirc","duration":4,"angle2":510,"angle":180,"time":218.5,"type":"hold"},{"type":"hold","holdEase":"inCirc","angle2":570,"angle":240,"time":218.5,"duration":4},{"type":"hold","holdEase":"inCirc","angle2":630,"angle":300,"time":218.5,"duration":4},{"startTap":true,"holdEase":"outSine","duration":3,"angle2":90,"angle":60,"time":163.5,"type":"hold"},{"type":"hold","holdEase":"outSine","angle2":30,"angle":60,"time":163.5,"duration":3},{"type":"hold","holdEase":"inSine","angle2":30,"angle":60,"time":163.5,"duration":3},{"type":"hold","holdEase":"inSine","angle2":90,"angle":60,"time":163.5,"duration":3},{"startTap":true,"holdEase":"inSine","duration":2,"angle2":150,"angle":180,"time":164.5,"type":"hold"},{"type":"hold","holdEase":"outSine","angle2":150,"angle":180,"time":164.5,"duration":2},{"type":"hold","holdEase":"inSine","angle2":210,"angle":180,"time":164.5,"duration":2},{"type":"hold","holdEase":"outSine","angle2":210,"angle":180,"time":164.5,"duration":2},{"type":"hold","holdEase":"outSine","angle2":330,"angle":300,"time":165.5,"duration":1},{"type":"hold","holdEase":"outSine","angle2":270,"angle":300,"time":165.5,"duration":1},{"type":"hold","holdEase":"inSine","angle2":330,"angle":300,"time":165.5,"duration":1},{"startTap":true,"holdEase":"inSine","duration":1,"angle2":270,"angle":300,"time":165.5,"type":"hold"},{"type":"hold","angle2":90,"angle":120,"time":163,"duration":3.5},{"startTap":true,"duration":3.5,"angle":120,"type":"hold","time":163,"angle2":150},{"startTap":true,"duration":2.5,"angle":240,"type":"hold","time":164,"angle2":270},{"type":"hold","angle2":210,"angle":240,"time":164,"duration":2.5},{"type":"hold","angle2":390,"angle":360,"time":165,"duration":1.5},{"startTap":true,"duration":1.5,"angle":0,"type":"hold","time":165,"angle2":-30},{"startTap":true,"duration":0.5,"angle":360,"type":"hold","time":166,"angle2":330},{"type":"hold","angle2":30,"angle":0,"time":166,"duration":0.5},{"startTap":true,"duration":3.5,"angle":270,"type":"hold","time":167,"angle2":300},{"type":"hold","angle2":240,"angle":270,"time":167,"duration":3.5},{"startTap":true,"duration":3,"angle":210,"type":"hold","time":167.5,"angle2":180},{"type":"hold","angle2":240,"angle":210,"time":167.5,"duration":3},{"startTap":true,"duration":2.5,"angle":150,"type":"hold","time":168,"angle2":120},{"type":"hold","angle2":180,"angle":150,"time":168,"duration":2.5},{"startTap":true,"duration":2,"angle":90,"type":"hold","time":168.5,"angle2":60},{"type":"hold","angle2":120,"angle":90,"time":168.5,"duration":2},{"startTap":true,"duration":1.5,"angle":30,"type":"hold","time":169,"angle2":60},{"type":"hold","angle2":0,"angle":30,"time":169,"duration":1.5},{"startTap":true,"duration":1,"angle":330,"type":"hold","time":169.5,"angle2":360},{"type":"hold","angle2":300,"angle":330,"time":169.5,"duration":1},{"startTap":true,"duration":0.5,"angle":270,"type":"hold","time":170,"angle2":300},{"type":"hold","angle2":240,"angle":270,"time":170,"duration":0.5},{"type":"hold","angle2":270,"angle":300,"time":171,"duration":3.5},{"startTap":true,"duration":3.5,"angle":300,"type":"hold","time":171,"angle2":330},{"startTap":true,"holdEase":"inSine","duration":3,"angle2":390,"angle":360,"time":171.5,"type":"hold"},{"type":"hold","holdEase":"inSine","angle2":330,"angle":360,"time":171.5,"duration":3},{"type":"hold","holdEase":"outSine","angle2":30,"angle":0,"time":171.5,"duration":3},{"type":"hold","holdEase":"outSine","angle2":330,"angle":360,"time":171.5,"duration":3},{"type":"hold","angle2":270,"angle":360,"time":171.5,"duration":3},{"type":"hold","angle2":90,"angle":0,"time":171.5,"duration":3},{"type":"mineHold","angle2":690,"angle":330,"time":172,"duration":1},{"startTap":true,"duration":1.5,"angle":0,"type":"hold","time":173,"angle2":30},{"type":"hold","angle2":-30,"angle":0,"time":173,"duration":1.5},{"startTap":true,"duration":1,"angle":60,"type":"hold","time":173.5,"angle2":30},{"type":"hold","angle2":90,"angle":60,"time":173.5,"duration":1},{"startTap":true,"duration":0.5,"angle":120,"type":"hold","time":174,"angle2":150},{"type":"hold","angle2":90,"angle":120,"time":174,"duration":0.5},{"type":"block","angle":60,"tap":true,"time":175.5},{"type":"block","angle":120,"tap":true,"time":176},{"startTap":true,"duration":3.5,"angle":90,"type":"hold","time":175,"angle2":60},{"type":"hold","angle2":120,"angle":90,"time":175,"duration":3.5},{"type":"hold","holdEase":"outSine","angle2":240,"angle":180,"time":176.5,"duration":2},{"type":"hold","holdEase":"outSine","angle2":480,"angle":540,"time":176.5,"duration":2},{"type":"hold","angle2":180,"angle":180,"time":176.5,"duration":2},{"type":"hold","angle2":300,"angle":180,"time":176.5,"duration":2},{"type":"hold","angle2":60,"angle":180,"time":176.5,"duration":2},{"startTap":true,"holdEase":"inSine","duration":2,"angle2":240,"angle":180,"time":176.5,"type":"hold"},{"type":"hold","holdEase":"inSine","angle2":120,"angle":180,"time":176.5,"duration":2},{"type":"mineHold","holdEase":"inSine","angle2":540,"angle":180,"time":177,"duration":1},{"type":"block","angle":300,"tap":true,"time":179},{"type":"mineHold","angle2":375,"angle":345,"time":180,"duration":0},{"type":"mineHold","angle2":15,"angle":375,"time":181,"duration":1},{"type":"side","angle":360,"tap":true,"time":180.5},{"startTap":true,"duration":3.5,"angle":90,"type":"hold","time":183,"angle2":60},{"type":"hold","angle2":120,"angle":90,"time":183,"duration":3.5},{"startTap":true,"duration":3,"angle":150,"type":"hold","time":183.5,"angle2":180},{"type":"hold","angle2":120,"angle":150,"time":183.5,"duration":3},{"type":"hold","holdEase":"inSine","angle2":300,"angle":270,"time":184.5,"duration":2},{"type":"hold","holdEase":"inSine","angle2":240,"angle":270,"time":184.5,"duration":2},{"type":"hold","holdEase":"outSine","angle2":300,"angle":270,"time":184.5,"duration":2},{"startTap":true,"holdEase":"outSine","duration":2,"angle2":240,"angle":270,"time":184.5,"type":"hold"},{"type":"hold","angle2":240,"angle":210,"time":184,"duration":2.5},{"startTap":true,"duration":2.5,"angle":210,"type":"hold","time":184,"angle2":180},{"type":"mineHold","holdEase":"inSine","angle2":630,"angle":270,"time":185,"duration":1},{"type":"block","angle":0,"tap":true,"time":179.5},{"type":"block","angle":300,"tap":true,"time":186},{"startTap":true,"holdEase":"inSine","duration":2,"angle2":90,"angle":120,"time":188.5,"type":"hold"},{"type":"hold","holdEase":"inSine","angle2":150,"angle":120,"time":188.5,"duration":2},{"type":"hold","holdEase":"outSine","angle2":90,"angle":120,"time":188.5,"duration":2},{"type":"hold","holdEase":"outSine","angle2":150,"angle":120,"time":188.5,"duration":2},{"type":"hold","holdEase":"inSine","angle2":90,"angle":60,"time":189,"duration":1.5},{"startTap":true,"holdEase":"inSine","duration":1.5,"angle2":30,"angle":60,"time":189,"type":"hold"},{"type":"hold","holdEase":"outSine","angle2":90,"angle":60,"time":189,"duration":1.5},{"type":"hold","holdEase":"outSine","angle2":30,"angle":60,"time":189,"duration":1.5},{"type":"hold","holdEase":"inSine","angle2":390,"angle":360,"time":189.5,"duration":1},{"type":"hold","holdEase":"inSine","angle2":330,"angle":360,"time":189.5,"duration":1},{"type":"hold","holdEase":"outSine","angle2":-30,"angle":0,"time":189.5,"duration":1},{"startTap":true,"holdEase":"outSine","duration":1,"angle2":30,"angle":0,"time":189.5,"type":"hold"},{"type":"block","angle":300,"tap":true,"time":190},{"startTap":true,"holdEase":"inCirc","duration":7,"angle2":360,"angle":30,"time":191.5,"type":"hold"},{"type":"hold","holdEase":"inCirc","angle2":420,"angle":90,"time":191.5,"duration":11},{"type":"hold","holdEase":"inCirc","angle2":480,"angle":150,"time":191.5,"duration":11},{"type":"hold","holdEase":"inCirc","angle2":540,"angle":210,"time":191.5,"duration":11},{"type":"hold","holdEase":"inCirc","angle2":600,"angle":270,"time":191.5,"duration":11},{"type":"hold","holdEase":"inCirc","angle2":660,"angle":330,"time":191.5,"duration":11},{"type":"hold","holdEase":"inCirc","angle2":540,"angle":210,"time":190.5,"duration":8},{"startTap":true,"duration":3.5,"angle":300,"type":"hold","time":187,"angle2":330},{"type":"hold","angle2":270,"angle":300,"time":187,"duration":3.5},{"startTap":true,"duration":3,"angle":240,"type":"hold","time":187.5,"angle2":210},{"type":"hold","angle2":270,"angle":240,"time":187.5,"duration":3},{"startTap":true,"duration":2.5,"angle":180,"type":"hold","time":188,"angle2":210},{"type":"hold","angle2":150,"angle":180,"time":188,"duration":2.5},{"type":"hold","holdEase":"inCirc","angle2":-300,"angle":30,"time":191.5,"duration":7},{"type":"hold","holdEase":"inCirc","angle2":-300,"angle":30,"time":192.5,"duration":10},{"type":"hold","holdEase":"inCirc","angle2":-240,"angle":90,"time":192.5,"duration":10},{"type":"hold","holdEase":"inCirc","angle2":-180,"angle":150,"time":192.5,"duration":10},{"startTap":true,"holdEase":"inCirc","duration":10,"angle2":-120,"angle":210,"time":192.5,"type":"hold"},{"type":"hold","holdEase":"inCirc","angle2":-60,"angle":270,"time":192.5,"duration":10},{"type":"hold","holdEase":"inCirc","angle2":0,"angle":330,"time":192.5,"duration":10},{"type":"mineHold","angle2":-510,"angle":210,"time":193,"duration":2.5},{"type":"mineHold","holdEase":"linear","angle2":1020,"angle":120,"time":196,"duration":2.25},{"type":"block","angle":120,"tap":true,"time":195.5},{"type":"mineHold","angle2":120,"angle":75,"time":196,"duration":0},{"type":"mineHold","angle2":75,"angle":75,"time":194.75,"duration":1.25},{"type":"side","angle":120,"tap":true,"time":196.5},{"type":"hold","holdEase":"inCirc","angle2":-300,"angle":30,"time":198.5,"duration":7},{"type":"hold","holdEase":"inCirc","angle2":-240,"angle":90,"time":198.5,"duration":7},{"type":"hold","holdEase":"inCirc","angle2":-180,"angle":150,"time":198.5,"duration":7},{"type":"hold","holdEase":"inCirc","angle2":-120,"angle":210,"time":198.5,"duration":7},{"type":"hold","holdEase":"inCirc","angle2":-60,"angle":270,"time":198.5,"duration":7},{"type":"hold","holdEase":"inCirc","angle2":0,"angle":330,"time":198.5,"duration":7},{"type":"hold","angle2":60,"angle":60,"time":202.5,"duration":12},{"startTap":true,"duration":3.5,"angle":330,"type":"hold","time":199,"angle2":360},{"type":"hold","angle2":300,"angle":330,"time":199,"duration":3.5},{"startTap":true,"duration":3,"angle":270,"type":"hold","time":199.5,"angle2":300},{"type":"hold","angle2":240,"angle":270,"time":199.5,"duration":3},{"startTap":true,"duration":2.5,"angle":210,"type":"hold","time":200,"angle2":180},{"type":"hold","angle2":240,"angle":210,"time":200,"duration":2.5},{"startTap":true,"duration":1.5,"angle":90,"type":"hold","time":201,"angle2":60},{"type":"hold","angle2":120,"angle":90,"time":201,"duration":1.5},{"startTap":true,"duration":2,"angle":150,"type":"hold","time":200.5,"angle2":180},{"type":"hold","angle2":120,"angle":150,"time":200.5,"duration":2},{"startTap":true,"duration":0.5,"angle":330,"type":"hold","time":202,"angle2":300},{"type":"hold","angle2":360,"angle":330,"time":202,"duration":0.5},{"startTap":true,"duration":1,"angle":30,"type":"hold","time":201.5,"angle2":60},{"type":"hold","angle2":0,"angle":30,"time":201.5,"duration":1},{"type":"hold","angle2":60,"angle":30,"time":207,"duration":3.5},{"startTap":true,"duration":3.5,"angle":30,"type":"hold","time":207,"angle2":0},{"startTap":true,"duration":3,"angle":90,"type":"hold","time":207.5,"angle2":60},{"type":"hold","angle2":120,"angle":90,"time":207.5,"duration":3},{"startTap":true,"duration":2.5,"angle":150,"type":"hold","time":208,"angle2":120},{"type":"hold","angle2":180,"angle":150,"time":208,"duration":2.5},{"startTap":true,"duration":3.5,"angle":180,"type":"hold","time":203.5,"angle2":150},{"type":"hold","angle2":210,"angle":180,"time":203.5,"duration":3.5},{"startTap":true,"duration":3,"angle":120,"type":"hold","time":203,"angle2":90},{"startTap":true,"duration":3,"angle":120,"type":"hold","time":203,"angle2":150},{"type":"mineHold","angle2":480,"angle":120,"time":204,"duration":1},{"startTap":true,"duration":1.5,"angle":150,"type":"hold","time":205,"angle2":210},{"type":"hold","angle2":90,"angle":150,"time":205,"duration":1.5},{"startTap":true,"duration":1,"angle":90,"type":"hold","time":205.5,"angle2":150},{"type":"hold","angle2":30,"angle":90,"time":205.5,"duration":1},{"startTap":true,"duration":0.5,"angle":30,"type":"hold","time":206,"angle2":-30},{"type":"hold","angle2":90,"angle":30,"time":206,"duration":0.5},{"type":"hold","angle2":210,"angle":240,"time":202.5,"duration":12},{"type":"hold","angle2":270,"angle":240,"time":202.5,"duration":12},{"startTap":true,"holdEase":"inSine","duration":2,"angle2":240,"angle":210,"time":208.5,"type":"hold"},{"type":"hold","holdEase":"inSine","angle2":180,"angle":210,"time":208.5,"duration":2},{"type":"hold","holdEase":"outSine","angle2":180,"angle":210,"time":208.5,"duration":2},{"type":"hold","holdEase":"outSine","angle2":240,"angle":210,"time":208.5,"duration":2},{"type":"mineHold","holdEase":"linear","angle2":570,"angle":210,"time":209,"duration":1},{"type":"mineHold","angle2":-720,"angle":360,"time":211,"duration":3},{"type":"side","angle":360,"tap":true,"time":211.5},{"startTap":true,"duration":3.5,"angle":90,"type":"hold","time":215,"angle2":120},{"type":"hold","angle2":60,"angle":90,"time":215,"duration":3.5},{"type":"hold","angle2":60,"angle":30,"time":215.5,"duration":3},{"startTap":true,"duration":3,"angle":30,"type":"hold","time":215.5,"angle2":0},{"startTap":true,"duration":2.5,"angle":330,"type":"hold","time":216,"angle2":360},{"type":"hold","angle2":300,"angle":330,"time":216,"duration":2.5},{"type":"block","angle":270,"tap":true,"time":216.5},{"type":"block","angle":210,"tap":true,"time":217},{"type":"block","angle":150,"tap":true,"time":217.5},{"type":"block","angle":120,"tap":true,"time":219},{"type":"block","angle":180,"tap":true,"time":219.5},{"type":"block","angle":240,"tap":true,"time":220},{"type":"block","angle":300,"tap":true,"time":220.5},{"type":"block","angle":0,"tap":true,"time":221},{"type":"block","angle":60,"tap":true,"time":221.5},{"type":"block","angle":120,"tap":true,"time":222},{"type":"block","angle":90,"tap":true,"time":218},{"startTap":true,"duration":0,"angle":150,"type":"hold","time":222.5,"angle2":510},{"type":"block","angle":30,"tap":true,"time":223.5},{"type":"block","angle":90,"tap":true,"time":223},{"type":"block","angle":330,"tap":true,"time":224},{"type":"hold","holdEase":"inCubic","angle2":435,"angle":270,"time":224.5,"duration":56},{"type":"hold","holdEase":"inCubic","angle2":75,"angle":240,"time":224.5,"duration":56},{"type":"hold","holdEase":"inCubic","angle2":390,"angle":225,"time":225,"duration":55.5},{"type":"hold","holdEase":"inCubic","angle2":30,"angle":195,"time":225,"duration":55.5},{"type":"hold","holdEase":"inCubic","angle2":345,"angle":180,"time":225.5,"duration":55},{"type":"hold","holdEase":"inCubic","angle2":-15,"angle":150,"time":225.5,"duration":55},{"type":"hold","holdEase":"inCubic","angle2":300,"angle":135,"time":226,"duration":54.5},{"type":"hold","holdEase":"inCubic","angle2":-60,"angle":105,"time":226,"duration":54.5},{"type":"hold","holdEase":"inCubic","angle2":255,"angle":90,"time":226.5,"duration":54},{"type":"hold","holdEase":"inCubic","angle2":-105,"angle":60,"time":226.5,"duration":54},{"type":"hold","holdEase":"inCubic","angle2":570,"angle":405,"time":227,"duration":53.5},{"type":"hold","holdEase":"inCubic","angle2":210,"angle":375,"time":227,"duration":53.5},{"type":"hold","holdEase":"inCubic","angle2":525,"angle":360,"time":227.5,"duration":53},{"type":"hold","holdEase":"inCubic","angle2":165,"angle":330,"time":227.5,"duration":53},{"type":"hold","holdEase":"inCubic","angle2":480,"angle":315,"time":228,"duration":52.5},{"type":"hold","holdEase":"inCubic","angle2":120,"angle":285,"time":228,"duration":52.5},{"type":"hold","holdEase":"inCubic","angle2":435,"angle":270,"time":228.5,"duration":52},{"type":"hold","holdEase":"inCubic","angle2":75,"angle":240,"time":228.5,"duration":52},{"type":"hold","holdEase":"inCubic","angle2":390,"angle":225,"time":229,"duration":51.5},{"type":"hold","holdEase":"inCubic","angle2":30,"angle":195,"time":229,"duration":51.5},{"type":"hold","holdEase":"inCubic","angle2":345,"angle":180,"time":229.5,"duration":51},{"type":"hold","holdEase":"inCubic","angle2":-15,"angle":150,"time":229.5,"duration":51},{"type":"hold","holdEase":"inCubic","angle2":300,"angle":135,"time":230,"duration":50.5},{"type":"hold","holdEase":"inCubic","angle2":-60,"angle":105,"time":230,"duration":50.5},{"type":"hold","holdEase":"inCubic","angle2":255,"angle":90,"time":230.5,"duration":50},{"type":"hold","holdEase":"inCubic","angle2":-105,"angle":60,"time":230.5,"duration":50},{"type":"hold","holdEase":"inCubic","angle2":210,"angle":45,"time":231,"duration":49.5},{"type":"hold","holdEase":"inCubic","angle2":-150,"angle":15,"time":231,"duration":49.5},{"type":"hold","holdEase":"inCubic","angle2":525,"angle":360,"time":231.5,"duration":49},{"type":"hold","holdEase":"inCubic","angle2":165,"angle":330,"time":231.5,"duration":49},{"type":"hold","holdEase":"inCubic","angle2":480,"angle":315,"time":232,"duration":48.5},{"type":"hold","holdEase":"inCubic","angle2":120,"angle":285,"time":232,"duration":48.5},{"type":"hold","holdEase":"inCubic","angle2":435,"angle":270,"time":232.5,"duration":48},{"type":"hold","holdEase":"inCubic","angle2":75,"angle":240,"time":232.5,"duration":48},{"type":"hold","holdEase":"inCubic","angle2":390,"angle":225,"time":233,"duration":47.5},{"type":"hold","holdEase":"inCubic","angle2":30,"angle":195,"time":233,"duration":47.5},{"type":"hold","holdEase":"inCubic","angle2":345,"angle":180,"time":233.5,"duration":47},{"type":"hold","holdEase":"inCubic","angle2":-15,"angle":150,"time":233.5,"duration":47},{"type":"hold","holdEase":"inCubic","angle2":300,"angle":135,"time":234,"duration":46.5},{"type":"hold","holdEase":"inCubic","angle2":-60,"angle":105,"time":234,"duration":46.5},{"type":"hold","holdEase":"inCubic","angle2":255,"angle":90,"time":234.5,"duration":46},{"type":"hold","holdEase":"inCubic","angle2":-105,"angle":60,"time":234.5,"duration":46},{"type":"hold","holdEase":"inCubic","angle2":570,"angle":405,"time":235,"duration":45.5},{"type":"hold","holdEase":"inCubic","angle2":210,"angle":375,"time":235,"duration":45.5},{"type":"hold","holdEase":"inCubic","angle2":525,"angle":360,"time":235.5,"duration":45},{"type":"hold","holdEase":"inCubic","angle2":165,"angle":330,"time":235.5,"duration":45},{"type":"hold","holdEase":"inCubic","angle2":480,"angle":315,"time":236,"duration":44.5},{"type":"hold","holdEase":"inCubic","angle2":120,"angle":285,"time":236,"duration":44.5},{"type":"hold","holdEase":"inCubic","angle2":435,"angle":270,"time":236.5,"duration":44},{"type":"hold","holdEase":"inCubic","angle2":75,"angle":240,"time":236.5,"duration":44},{"type":"hold","holdEase":"inCubic","angle2":390,"angle":225,"time":237,"duration":43.5},{"type":"hold","holdEase":"inCubic","angle2":30,"angle":195,"time":237,"duration":43.5},{"type":"hold","holdEase":"inCubic","angle2":345,"angle":180,"time":237.5,"duration":43},{"type":"hold","holdEase":"inCubic","angle2":-15,"angle":150,"time":237.5,"duration":43},{"type":"hold","holdEase":"inCubic","angle2":300,"angle":135,"time":238,"duration":42.5},{"type":"hold","holdEase":"inCubic","angle2":-60,"angle":105,"time":238,"duration":42.5},{"type":"hold","holdEase":"inCubic","angle2":255,"angle":90,"time":238.5,"duration":42},{"type":"hold","holdEase":"inCubic","angle2":-105,"angle":60,"time":238.5,"duration":42},{"type":"hold","holdEase":"inCubic","angle2":570,"angle":405,"time":239,"duration":41.5},{"type":"hold","holdEase":"inCubic","angle2":210,"angle":375,"time":239,"duration":41.5},{"type":"hold","holdEase":"inCubic","angle2":525,"angle":360,"time":239.5,"duration":41},{"type":"hold","holdEase":"inCubic","angle2":165,"angle":330,"time":239.5,"duration":41},{"type":"hold","holdEase":"inCubic","angle2":480,"angle":315,"time":240,"duration":40.5},{"type":"hold","holdEase":"inCubic","angle2":120,"angle":285,"time":240,"duration":40.5},{"type":"hold","holdEase":"inCubic","angle2":435,"angle":270,"time":240.5,"duration":40},{"type":"hold","holdEase":"inCubic","angle2":75,"angle":240,"time":240.5,"duration":40},{"type":"hold","holdEase":"inCubic","angle2":390,"angle":225,"time":241,"duration":39.5},{"type":"hold","holdEase":"inCubic","angle2":30,"angle":195,"time":241,"duration":39.5},{"type":"hold","holdEase":"inCubic","angle2":345,"angle":180,"time":241.5,"duration":39},{"type":"hold","holdEase":"inCubic","angle2":-15,"angle":150,"time":241.5,"duration":39},{"type":"hold","holdEase":"inCubic","angle2":300,"angle":135,"time":242,"duration":38.5},{"type":"hold","holdEase":"inCubic","angle2":-60,"angle":105,"time":242,"duration":38.5},{"type":"hold","holdEase":"inCubic","angle2":255,"angle":90,"time":242.5,"duration":38},{"type":"hold","holdEase":"inCubic","angle2":-105,"angle":60,"time":242.5,"duration":38},{"type":"hold","holdEase":"inCubic","angle2":570,"angle":405,"time":243,"duration":37.5},{"type":"hold","holdEase":"inCubic","angle2":210,"angle":375,"time":243,"duration":37.5},{"type":"hold","holdEase":"inCubic","angle2":525,"angle":360,"time":243.5,"duration":37},{"type":"hold","holdEase":"inCubic","angle2":165,"angle":330,"time":243.5,"duration":37},{"type":"hold","holdEase":"inCubic","angle2":480,"angle":315,"time":244,"duration":36.5},{"type":"hold","holdEase":"inCubic","angle2":120,"angle":285,"time":244,"duration":36.5},{"type":"hold","holdEase":"inCubic","angle2":435,"angle":270,"time":244.5,"duration":36},{"type":"hold","holdEase":"inCubic","angle2":75,"angle":240,"time":244.5,"duration":36},{"type":"hold","holdEase":"inCubic","angle2":390,"angle":225,"time":245,"duration":35.5},{"type":"hold","holdEase":"inCubic","angle2":30,"angle":195,"time":245,"duration":35.5},{"type":"hold","holdEase":"inCubic","angle2":345,"angle":180,"time":245.5,"duration":35},{"type":"hold","holdEase":"inCubic","angle2":-15,"angle":150,"time":245.5,"duration":35},{"type":"hold","holdEase":"inCubic","angle2":300,"angle":135,"time":246,"duration":34.5},{"type":"hold","holdEase":"inCubic","angle2":-60,"angle":105,"time":246,"duration":34.5},{"type":"hold","holdEase":"inCubic","angle2":255,"angle":90,"time":246.5,"duration":34},{"type":"hold","holdEase":"inCubic","angle2":-105,"angle":60,"time":246.5,"duration":34},{"type":"hold","holdEase":"inCubic","angle2":570,"angle":405,"time":247,"duration":33.5},{"type":"hold","holdEase":"inCubic","angle2":210,"angle":375,"time":247,"duration":33.5},{"type":"hold","holdEase":"inCubic","angle2":525,"angle":360,"time":247.5,"duration":33},{"type":"hold","holdEase":"inCubic","angle2":165,"angle":330,"time":247.5,"duration":33},{"type":"hold","holdEase":"inCubic","angle2":480,"angle":315,"time":248,"duration":32.5},{"type":"hold","holdEase":"inCubic","angle2":120,"angle":285,"time":248,"duration":32.5},{"type":"hold","holdEase":"inCubic","angle2":435,"angle":270,"time":248.5,"duration":32},{"type":"hold","holdEase":"inCubic","angle2":75,"angle":240,"time":248.5,"duration":32},{"type":"hold","holdEase":"inCubic","angle2":390,"angle":225,"time":249,"duration":31.5},{"type":"hold","holdEase":"inCubic","angle2":30,"angle":195,"time":249,"duration":31.5},{"type":"hold","holdEase":"inCubic","angle2":345,"angle":180,"time":249.5,"duration":31},{"type":"hold","holdEase":"inCubic","angle2":-15,"angle":150,"time":249.5,"duration":31},{"type":"hold","holdEase":"inCubic","angle2":300,"angle":135,"time":250,"duration":30.5},{"type":"hold","holdEase":"inCubic","angle2":-60,"angle":105,"time":250,"duration":30.5},{"type":"hold","holdEase":"inCubic","angle2":255,"angle":90,"time":250.5,"duration":30},{"type":"hold","holdEase":"inCubic","angle2":-105,"angle":60,"time":250.5,"duration":30},{"type":"hold","holdEase":"inCubic","angle2":570,"angle":405,"time":251,"duration":29.5},{"type":"hold","holdEase":"inCubic","angle2":210,"angle":375,"time":251,"duration":29.5},{"type":"hold","holdEase":"inCubic","angle2":525,"angle":360,"time":251.5,"duration":29},{"type":"hold","holdEase":"inCubic","angle2":165,"angle":330,"time":251.5,"duration":29},{"type":"hold","holdEase":"inCubic","angle2":480,"angle":315,"time":252,"duration":28.5},{"type":"hold","holdEase":"inCubic","angle2":120,"angle":285,"time":252,"duration":28.5},{"type":"hold","holdEase":"inCubic","angle2":435,"angle":270,"time":252.5,"duration":28},{"type":"hold","holdEase":"inCubic","angle2":75,"angle":240,"time":252.5,"duration":28},{"type":"hold","holdEase":"inCubic","angle2":390,"angle":225,"time":253,"duration":27.5},{"type":"hold","holdEase":"inCubic","angle2":30,"angle":195,"time":253,"duration":27.5},{"type":"hold","holdEase":"inCubic","angle2":345,"angle":180,"time":253.5,"duration":27},{"type":"hold","holdEase":"inCubic","angle2":-15,"angle":150,"time":253.5,"duration":27},{"type":"hold","holdEase":"inCubic","angle2":300,"angle":135,"time":254,"duration":26.5},{"type":"hold","holdEase":"inCubic","angle2":-60,"angle":105,"time":254,"duration":26.5},{"type":"hold","holdEase":"inCubic","angle2":255,"angle":90,"time":254.5,"duration":26},{"type":"hold","holdEase":"inCubic","angle2":-105,"angle":60,"time":254.5,"duration":26},{"type":"hold","holdEase":"inCubic","angle2":570,"angle":405,"time":255,"duration":25.5},{"type":"hold","holdEase":"inCubic","angle2":210,"angle":375,"time":255,"duration":25.5},{"type":"hold","holdEase":"inCubic","angle2":525,"angle":360,"time":255.5,"duration":25},{"type":"hold","holdEase":"inCubic","angle2":165,"angle":330,"time":255.5,"duration":25},{"type":"hold","holdEase":"inCubic","angle2":480,"angle":315,"time":256,"duration":24.5},{"type":"hold","holdEase":"inCubic","angle2":120,"angle":285,"time":256,"duration":24.5},{"type":"hold","holdEase":"inCubic","angle2":435,"angle":270,"time":256.5,"duration":24},{"type":"hold","holdEase":"inCubic","angle2":75,"angle":240,"time":256.5,"duration":24},{"type":"hold","holdEase":"inCubic","angle2":390,"angle":225,"time":257,"duration":23.5},{"type":"hold","holdEase":"inCubic","angle2":30,"angle":195,"time":257,"duration":23.5},{"type":"hold","holdEase":"inCubic","angle2":345,"angle":180,"time":257.5,"duration":23},{"type":"hold","holdEase":"inCubic","angle2":-15,"angle":150,"time":257.5,"duration":23},{"type":"hold","holdEase":"inCubic","angle2":300,"angle":135,"time":258,"duration":22.5},{"type":"hold","holdEase":"inCubic","angle2":-60,"angle":105,"time":258,"duration":22.5},{"type":"hold","holdEase":"inCubic","angle2":255,"angle":90,"time":258.5,"duration":22},{"type":"hold","holdEase":"inCubic","angle2":-105,"angle":60,"time":258.5,"duration":22},{"type":"hold","holdEase":"inCubic","angle2":570,"angle":405,"time":259,"duration":21.5},{"type":"hold","holdEase":"inCubic","angle2":210,"angle":375,"time":259,"duration":21.5},{"type":"hold","holdEase":"inCubic","angle2":525,"angle":360,"time":259.5,"duration":21},{"type":"hold","holdEase":"inCubic","angle2":165,"angle":330,"time":259.5,"duration":21},{"type":"hold","holdEase":"inCubic","angle2":480,"angle":315,"time":260,"duration":20.5},{"type":"hold","holdEase":"inCubic","angle2":120,"angle":285,"time":260,"duration":20.5},{"type":"hold","holdEase":"inCubic","angle2":435,"angle":270,"time":260.5,"duration":20},{"type":"hold","holdEase":"inCubic","angle2":75,"angle":240,"time":260.5,"duration":20},{"type":"hold","holdEase":"inCubic","angle2":390,"angle":225,"time":261,"duration":19.5},{"type":"hold","holdEase":"inCubic","angle2":30,"angle":195,"time":261,"duration":19.5},{"type":"hold","holdEase":"inCubic","angle2":345,"angle":180,"time":261.5,"duration":19},{"type":"hold","holdEase":"inCubic","angle2":-15,"angle":150,"time":261.5,"duration":19},{"type":"hold","holdEase":"inCubic","angle2":300,"angle":135,"time":262,"duration":18.5},{"type":"hold","holdEase":"inCubic","angle2":-60,"angle":105,"time":262,"duration":18.5},{"type":"hold","holdEase":"inCubic","angle2":255,"angle":90,"time":262.5,"duration":18},{"type":"hold","holdEase":"inCubic","angle2":-105,"angle":60,"time":262.5,"duration":18},{"type":"hold","holdEase":"inCubic","angle2":570,"angle":405,"time":263,"duration":17.5},{"type":"hold","holdEase":"inCubic","angle2":210,"angle":375,"time":263,"duration":17.5},{"type":"hold","holdEase":"inCubic","angle2":525,"angle":360,"time":263.5,"duration":17},{"type":"hold","holdEase":"inCubic","angle2":165,"angle":330,"time":263.5,"duration":17},{"type":"hold","holdEase":"inCubic","angle2":480,"angle":315,"time":264,"duration":16.5},{"type":"hold","holdEase":"inCubic","angle2":120,"angle":285,"time":264,"duration":16.5},{"type":"hold","holdEase":"inCubic","angle2":435,"angle":270,"time":264.5,"duration":16},{"type":"hold","holdEase":"inCubic","angle2":75,"angle":240,"time":264.5,"duration":16},{"type":"hold","holdEase":"inCubic","angle2":390,"angle":225,"time":265,"duration":15.5},{"type":"hold","holdEase":"inCubic","angle2":30,"angle":195,"time":265,"duration":15.5},{"type":"hold","holdEase":"inCubic","angle2":345,"angle":180,"time":265.5,"duration":15},{"type":"hold","holdEase":"inCubic","angle2":-15,"angle":150,"time":265.5,"duration":15},{"type":"hold","holdEase":"inCubic","angle2":300,"angle":135,"time":266,"duration":14.5},{"type":"hold","holdEase":"inCubic","angle2":-60,"angle":105,"time":266,"duration":14.5},{"type":"hold","holdEase":"inCubic","angle2":255,"angle":90,"time":266.5,"duration":14},{"type":"hold","holdEase":"inCubic","angle2":-105,"angle":60,"time":266.5,"duration":14},{"type":"hold","holdEase":"inCubic","angle2":570,"angle":405,"time":267,"duration":13.5},{"type":"hold","holdEase":"inCubic","angle2":210,"angle":375,"time":267,"duration":13.5},{"type":"hold","holdEase":"inCubic","angle2":525,"angle":360,"time":267.5,"duration":13},{"type":"hold","holdEase":"inCubic","angle2":165,"angle":330,"time":267.5,"duration":13},{"type":"hold","holdEase":"inCubic","angle2":480,"angle":315,"time":268,"duration":12.5},{"type":"hold","holdEase":"inCubic","angle2":120,"angle":285,"time":268,"duration":12.5},{"type":"hold","holdEase":"inCubic","angle2":435,"angle":270,"time":268.5,"duration":12},{"type":"hold","holdEase":"inCubic","angle2":75,"angle":240,"time":268.5,"duration":12},{"type":"hold","holdEase":"inCubic","angle2":390,"angle":225,"time":269,"duration":11.5},{"type":"hold","holdEase":"inCubic","angle2":30,"angle":195,"time":269,"duration":11.5},{"type":"hold","holdEase":"inCubic","angle2":345,"angle":180,"time":269.5,"duration":11},{"type":"hold","holdEase":"inCubic","angle2":-15,"angle":150,"time":269.5,"duration":11},{"type":"hold","holdEase":"inCubic","angle2":300,"angle":135,"time":270,"duration":10.5},{"type":"hold","holdEase":"inCubic","angle2":-60,"angle":105,"time":270,"duration":10.5},{"type":"hold","holdEase":"inCubic","angle2":255,"angle":90,"time":270.5,"duration":10},{"type":"hold","holdEase":"inCubic","angle2":-105,"angle":60,"time":270.5,"duration":10},{"type":"hold","holdEase":"inCubic","angle2":570,"angle":405,"time":271,"duration":9.5},{"type":"hold","holdEase":"inCubic","angle2":210,"angle":375,"time":271,"duration":9.5},{"type":"hold","holdEase":"inCubic","angle2":525,"angle":360,"time":271.5,"duration":9},{"type":"hold","holdEase":"inCubic","angle2":165,"angle":330,"time":271.5,"duration":9},{"type":"hold","holdEase":"inCubic","angle2":480,"angle":315,"time":272,"duration":8.5},{"type":"hold","holdEase":"inCubic","angle2":120,"angle":285,"time":272,"duration":8.5},{"angle":285,"time":280,"type":"block"},{"angle":315,"time":280,"type":"block"},{"angle":330,"time":279.5,"type":"block"},{"angle":360,"time":279.5,"type":"block"},{"angle":15,"time":279,"type":"block"},{"angle":45,"time":279,"type":"block"},{"angle":60,"time":278.5,"type":"block"},{"angle":90,"time":278.5,"type":"block"},{"angle":105,"time":278,"type":"block"},{"angle":135,"time":278,"type":"block"},{"angle":150,"time":277.5,"type":"block"},{"angle":180,"time":277.5,"type":"block"},{"angle":195,"time":277,"type":"block"},{"angle":225,"time":277,"type":"block"},{"angle":240,"time":276.5,"type":"block"},{"angle":270,"time":276.5,"type":"block"},{"angle":285,"time":276,"type":"block"},{"angle":315,"time":276,"type":"block"},{"angle":330,"time":275.5,"type":"block"},{"angle":0,"time":275.5,"type":"block"},{"angle":15,"time":275,"type":"block"},{"angle":45,"time":275,"type":"block"},{"angle":60,"time":274.5,"type":"block"},{"angle":90,"time":274.5,"type":"block"},{"angle":105,"time":274,"type":"block"},{"angle":135,"time":274,"type":"block"},{"angle":150,"time":273.5,"type":"block"},{"angle":180,"time":273.5,"type":"block"},{"angle":195,"time":273,"type":"block"},{"angle":225,"time":273,"type":"block"},{"angle":240,"time":272.5,"type":"block"},{"angle":270,"time":272.5,"type":"block"},{"type":"hold","angle2":60,"angle":30,"time":182.5,"duration":4},{"speedMult":2,"segments":23,"type":"hold","angle":157.5,"angle2":877.5,"time":91,"duration":0},{"type":"block","angle":180,"tap":true,"time":90.5},{"type":"block","angle":0,"tap":true,"time":186.5},{"type":"hold","angle2":360,"angle":270,"time":11.5,"duration":2},{"type":"block","angle":330,"tap":true,"time":12},{"type":"block","angle":30,"tap":true,"time":12.5},{"type":"block","angle":90,"tap":true,"time":13},{"type":"block","angle":120,"tap":true,"time":13.5},{"type":"block","angle":150,"tap":true,"time":14}]