{"properties":{"offset":8,"formatversion":13,"speed":70},"events":[{"file":"mayday.ogg","bpm":150,"type":"play","angle":270,"volume":1,"time":0,"offset":0.071000002324581},{"time":-4.5,"duration":4.5,"angle":390,"value":10000000000,"var":"extraHoldLeniency","type":"ease"},{"newWidth":360,"angle":330,"time":3,"enabled":true,"paddle":1,"ease":"linear","duration":0.5,"type":"paddles"},{"newWidth":70,"angle":292.5,"time":3.6666667461395,"enabled":true,"paddle":1,"ease":"linear","duration":0,"type":"paddles"},{"newWidth":360,"angle":360,"time":8,"enabled":true,"paddle":1,"ease":"linear","duration":0,"type":"paddles"},{"newWidth":70,"angle":60,"time":8.5625,"enabled":true,"paddle":1,"ease":"linear","duration":0,"type":"paddles"},{"enabled":false,"paddle":2,"type":"paddles","angle":300,"ease":"linear","time":8.5625,"duration":0},{"newWidth":360,"angle":270,"time":11,"enabled":true,"paddle":1,"ease":"linear","duration":0,"type":"paddles"},{"newWidth":70,"angle":270,"time":11.5625,"enabled":true,"paddle":1,"ease":"linear","duration":0,"type":"paddles"},{"newWidth":360,"angle":15,"time":13.5,"enabled":true,"paddle":1,"ease":"linear","duration":0,"type":"paddles"},{"newWidth":70,"duration":0,"type":"paddles","angle":0,"ease":"linear","time":14.0625,"paddle":1},{"newWidth":30,"angle":-30,"time":23.5,"duration":5,"enabled":true,"type":"paddles","ease":"linear","paddle":2,"newAngle":120},{"newWidth":30,"angle":0,"time":23.5,"duration":5,"enabled":true,"type":"paddles","ease":"linear","paddle":3,"newAngle":-120},{"newWidth":360,"duration":0,"type":"paddles","angle":270,"ease":"linear","time":55.75,"paddle":1},{"enabled":false,"paddle":3,"type":"paddles","angle":150,"ease":"linear","time":55.75,"duration":0},{"newWidth":70,"angle":300,"time":56.75,"enabled":true,"paddle":1,"ease":"linear","duration":0,"type":"paddles"},{"enabled":false,"paddle":2,"type":"paddles","angle":30,"ease":"linear","time":55.75,"duration":0},{"newWidth":360,"angle":270,"time":66,"enabled":true,"paddle":1,"ease":"linear","duration":0,"type":"paddles"},{"newWidth":70,"angle":300,"time":66.583335876465,"enabled":true,"paddle":1,"ease":"linear","duration":0,"type":"paddles"},{"newWidth":360,"angle":240,"time":69,"enabled":true,"paddle":1,"ease":"linear","duration":0,"type":"paddles"},{"newWidth":70,"angle":300,"time":69.583335876465,"enabled":true,"paddle":1,"ease":"linear","duration":0,"type":"paddles"},{"newWidth":360,"duration":0,"type":"paddles","angle":30,"ease":"linear","time":69.75,"paddle":1},{"newWidth":70,"angle":60,"time":70.75,"enabled":true,"paddle":1,"ease":"linear","duration":0,"type":"paddles"},{"newWidth":360,"angle":60,"time":73.5,"enabled":true,"paddle":1,"ease":"linear","duration":0,"type":"paddles"},{"newWidth":70,"duration":0,"type":"paddles","angle":60,"ease":"linear","time":74.125,"paddle":1},{"newWidth":360,"angle":180,"time":78,"enabled":true,"paddle":1,"ease":"linear","duration":0,"type":"paddles"},{"newWidth":360,"duration":0,"type":"paddles","angle":180,"ease":"linear","time":6,"paddle":1},{"newWidth":70,"duration":0,"type":"paddles","angle":180,"ease":"linear","time":6.6666665077209,"paddle":1},{"newWidth":70,"angle":120,"time":63.5,"enabled":true,"paddle":1,"ease":"linear","duration":0,"type":"paddles"},{"newWidth":70,"angle":300,"time":80.75,"enabled":true,"paddle":1,"ease":"linear","duration":0,"type":"paddles"},{"newWidth":360,"angle":150,"time":82,"enabled":true,"paddle":1,"ease":"linear","duration":0,"type":"paddles"},{"newWidth":70,"angle":180,"time":83,"enabled":true,"paddle":1,"ease":"linear","duration":0,"type":"paddles"},{"newWidth":360,"angle":180,"time":90,"enabled":true,"paddle":1,"ease":"linear","duration":0,"type":"paddles"},{"newWidth":70,"duration":0,"type":"paddles","angle":180,"ease":"linear","time":90.583335876465,"paddle":1},{"time":-4.5,"duration":4.5,"angle":90,"value":10,"var":"noteRadius","type":"ease"},{"newWidth":360,"angle":270,"time":128,"enabled":true,"paddle":1,"ease":"linear","duration":0,"type":"paddles"},{"newWidth":70,"angle":330,"time":129,"enabled":true,"paddle":1,"ease":"linear","duration":0,"type":"paddles"},{"newWidth":360,"angle":330,"time":162,"enabled":true,"paddle":1,"ease":"linear","duration":0,"type":"paddles"},{"newWidth":60,"angle":300,"time":163,"enabled":true,"paddle":1,"ease":"linear","duration":0,"type":"paddles"},{"newWidth":360,"angle":330,"time":166,"enabled":true,"paddle":1,"ease":"linear","duration":0,"type":"paddles"},{"newWidth":60,"angle":330,"time":167,"enabled":true,"paddle":1,"ease":"linear","duration":0,"type":"paddles"},{"newWidth":360,"angle":360,"time":170,"enabled":true,"paddle":1,"ease":"linear","duration":0,"type":"paddles"},{"newWidth":60,"angle":330,"time":171,"enabled":true,"paddle":1,"ease":"linear","duration":0,"type":"paddles"},{"newWidth":360,"angle":360,"time":174,"enabled":true,"paddle":1,"ease":"linear","duration":0,"type":"paddles"},{"newWidth":60,"angle":360,"time":175,"enabled":true,"paddle":1,"ease":"linear","duration":0,"type":"paddles"},{"newWidth":360,"angle":360,"time":178.25,"enabled":true,"paddle":1,"ease":"linear","duration":0,"type":"paddles"},{"newWidth":60,"angle":330,"time":179,"enabled":true,"paddle":1,"ease":"linear","duration":0,"type":"paddles"},{"newWidth":360,"angle":0,"time":182,"enabled":true,"paddle":1,"ease":"linear","duration":0,"type":"paddles"},{"newWidth":60,"angle":0,"time":183,"enabled":true,"paddle":1,"ease":"linear","duration":0,"type":"paddles"},{"newWidth":360,"angle":360,"time":186.125,"enabled":true,"paddle":1,"ease":"linear","duration":0,"type":"paddles"},{"newWidth":60,"angle":330,"time":187,"enabled":true,"paddle":1,"ease":"linear","duration":0,"type":"paddles"},{"newWidth":60,"angle":0,"time":195,"enabled":true,"paddle":1,"ease":"linear","duration":0,"type":"paddles"},{"newWidth":360,"angle":360,"time":198.25,"enabled":true,"paddle":1,"ease":"linear","duration":0,"type":"paddles"},{"newWidth":60,"angle":0,"time":199,"enabled":true,"paddle":1,"ease":"linear","duration":0,"type":"paddles"},{"newWidth":360,"angle":360,"time":202,"enabled":true,"paddle":1,"ease":"linear","duration":0,"type":"paddles"},{"newWidth":60,"angle":330,"time":203,"enabled":true,"paddle":1,"ease":"linear","duration":0,"type":"paddles"},{"newWidth":360,"angle":0,"time":206,"enabled":true,"paddle":1,"ease":"linear","duration":0,"type":"paddles"},{"newWidth":60,"angle":0,"time":207.25,"enabled":true,"paddle":1,"ease":"linear","duration":0,"type":"paddles"},{"newWidth":360,"angle":0,"time":210,"enabled":true,"paddle":1,"ease":"linear","duration":0,"type":"paddles"},{"newWidth":60,"angle":0,"time":210.75,"enabled":true,"paddle":1,"ease":"linear","duration":0,"type":"paddles"},{"newWidth":360,"angle":30,"time":214,"enabled":true,"paddle":1,"ease":"linear","duration":0,"type":"paddles"},{"newWidth":60,"angle":360,"time":215,"enabled":true,"paddle":1,"ease":"linear","duration":0,"type":"paddles"},{"newWidth":360,"angle":0,"time":218,"enabled":true,"paddle":1,"ease":"linear","duration":0,"type":"paddles"},{"newWidth":60,"angle":330,"time":219,"enabled":true,"paddle":1,"ease":"linear","duration":0,"type":"paddles"},{"newWidth":360,"angle":120,"time":222.25,"enabled":true,"paddle":1,"ease":"linear","duration":0,"type":"paddles"},{"newWidth":70,"angle":0,"time":223,"enabled":true,"paddle":1,"ease":"linear","duration":0,"type":"paddles"},{"newWidth":360,"angle":180,"time":190,"enabled":true,"paddle":1,"ease":"linear","duration":0,"type":"paddles"},{"newWidth":60,"angle":210,"time":192.75,"enabled":true,"paddle":1,"ease":"linear","duration":0,"type":"paddles"},{"newWidth":180,"angle":0,"time":224,"enabled":true,"paddle":1,"ease":"linear","duration":0,"type":"paddles"},{"angle":292.5,"time":285,"type":"showResults"},{"newWidth":360,"angle":45,"time":280,"enabled":true,"paddle":1,"ease":"linear","duration":0,"type":"paddles"},{"newWidth":30,"angle":30,"time":23.5,"enabled":true,"paddle":1,"ease":"linear","duration":5,"type":"paddles"},{"newWidth":65,"angle":60,"time":158.5,"enabled":true,"paddle":1,"ease":"linear","duration":0,"type":"paddles"},{"newWidth":60,"angle":330,"time":159.5,"enabled":true,"paddle":1,"ease":"linear","duration":0,"type":"paddles"},{"newWidth":360,"angle":120,"time":205.25,"enabled":true,"paddle":1,"ease":"linear","duration":0,"type":"paddles"},{"type":"ease","angle":90,"value":0,"var":"vfx.angleTwist.offset","time":25.5},{"r":0,"b":15,"angle":210,"color":0,"type":"setColor","duration":4.5,"time":-4.5,"g":0},{"r":0,"b":36,"angle":180,"color":7,"type":"setColor","duration":5.5,"time":-4.5,"g":0},{"type":"setBgColor","angle":150,"color":7,"time":-4.5},{"time":-4.5,"duration":4.5,"angle":240,"value":5,"var":"vfx.tapWidthPulse","type":"ease"},{"enable":true,"type":"outline","angle":120,"color":2,"time":-4.5},{"r":255,"b":255,"angle":300,"color":6,"type":"setColor","duration":4.5,"time":-4.5,"g":255},{"type":"ease","angle":330,"value":10000,"var":"vfx.tapPulsePeriod","time":-4.5},{"r":255,"b":255,"angle":360,"color":1,"type":"setColor","duration":4.5,"time":-4.5,"g":255},{"r":0,"b":0,"type":"setColor","angle":315,"time":-5,"color":0,"g":0},{"ox":350,"id":"space","x":300,"recolor":5,"angle":337.5,"time":24.5,"y":180,"type":"deco","drawLayer":"bg","oy":350,"sprite":"spr_space.png"},{"r":255,"b":255,"angle":315,"color":5,"type":"setColor","duration":8,"time":24.5,"g":255},{"r":0,"b":0,"type":"setColor","angle":300,"color":5,"time":18,"g":0},{"r":0,"b":0,"angle":270,"color":6,"type":"setColor","duration":5,"time":18,"g":0},{"r":0,"b":0,"angle":240,"color":1,"type":"setColor","duration":5,"time":18,"g":0},{"type":"setColor","angle":210,"time":18,"color":0,"duration":5},{"r":0,"b":0,"angle":180,"color":7,"duration":5,"type":"setColor","time":18,"g":0},{"type":"setColor","angle":300,"color":6,"time":24.5},{"r":255,"b":255,"angle":270,"color":1,"type":"setColor","duration":3,"time":24.5,"g":255},{"type":"setColor","angle":240,"time":24.5,"color":0},{"type":"setColor","angle":180,"duration":0,"time":24.5,"color":7},{"type":"setColor","angle":120,"color":0,"time":-2},{"ox":25,"sx":0.65000003576279,"sy":0.65000003576279,"sprite":"circle.png","angle":22.5,"time":17,"recolor":4,"id":"star1","oy":25,"type":"deco","order":0,"y":-13,"x":300},{"r":255,"b":255,"type":"setColor","angle":300,"color":4,"time":14.5,"g":255},{"id":"star1","x":300,"y":180,"angle":45,"time":17,"type":"deco","duration":1.3500000238419,"order":1,"sx":0.65000003576279,"sy":0.65000003576279},{"id":"star1","type":"deco","angle":22.5,"hide":true,"time":18},{"ox":25,"sx":0.65000003576279,"sy":0.65000003576279,"sprite":"circle.png","angle":270,"time":16.5,"recolor":4,"id":"star2","oy":25,"type":"deco","order":0,"y":347,"x":14},{"id":"star2","x":300,"y":180,"angle":240,"time":16.5,"type":"deco","order":1,"duration":2.3800001144409},{"id":"star2","type":"deco","angle":210,"time":18.5,"hide":true},{"ox":25,"sx":0.65000003576279,"sy":0.65000003576279,"sprite":"circle.png","angle":120,"time":17.5,"id":"star3","oy":25,"y":364,"type":"deco","order":0,"recolor":4,"x":487},{"id":"star3","x":300,"y":180,"angle":150,"time":17.5,"duration":1.8700000047684,"order":1,"type":"deco"},{"id":"star3","type":"deco","angle":150,"hide":true,"time":19},{"ox":25,"sx":0.65000003576279,"sy":0.65000003576279,"sprite":"circle.png","angle":30,"time":18,"recolor":4,"id":"star4","x":487,"type":"deco","order":0,"y":-5,"oy":25},{"id":"star4","x":300,"y":180,"angle":60,"time":18,"type":"deco","order":1,"duration":1.8700000047684},{"id":"star4","type":"deco","angle":60,"hide":true,"time":19.5},{"ox":25,"sx":0.65000003576279,"sy":0.65000003576279,"sprite":"circle.png","angle":270,"time":18.5,"oy":25,"id":"star5","recolor":4,"type":"deco","order":0,"y":347,"x":14},{"id":"star5","x":300,"y":180,"angle":240,"time":18.5,"type":"deco","order":1,"duration":2.3800001144409},{"id":"star5","type":"deco","angle":210,"time":20.5,"hide":true},{"ox":25,"sx":0.65000003576279,"sy":0.65000003576279,"sprite":"circle.png","angle":120,"time":20,"y":180,"x":565,"id":"star6","type":"deco","order":0,"recolor":4,"oy":25},{"id":"star6","x":300,"y":180,"angle":90,"time":20,"duration":1.8999999761581,"order":1,"type":"deco"},{"id":"star6","type":"deco","angle":120,"time":21.5,"hide":true},{"ox":25,"sx":0.65000003576279,"sy":0.65000003576279,"sprite":"circle.png","angle":210,"time":21.25,"x":211,"recolor":4,"id":"star7","type":"deco","order":0,"oy":25,"y":390},{"id":"star7","x":300,"y":180,"angle":180,"time":21.25,"duration":1.6499999761581,"type":"deco","order":1,"sx":0.65000003576279,"sy":0.65000003576279},{"id":"star7","type":"deco","angle":210,"time":22.5,"hide":true},{"ox":25,"sx":0.65000003576279,"sy":0.65000003576279,"sprite":"circle.png","angle":22.5,"time":22,"recolor":4,"y":-13,"id":"star8","type":"deco","order":0,"x":300,"oy":25},{"id":"star8","x":300,"y":180,"angle":45,"time":22,"type":"deco","order":1,"duration":1.3500000238419},{"id":"star8","type":"deco","angle":30,"time":23,"hide":true},{"ox":25,"sx":0.65000003576279,"sy":0.65000003576279,"sprite":"circle.png","angle":120,"time":22,"oy":25,"id":"star9","recolor":4,"type":"deco","order":0,"x":565,"y":180},{"id":"star9","x":300,"y":180,"angle":90,"time":22,"type":"deco","order":1,"duration":1.8999999761581},{"id":"star9","type":"deco","angle":120,"time":23.5,"hide":true},{"r":180,"id":"space","duration":10,"angle":90,"time":32.5,"type":"deco"},{"time":24.5,"duration":12,"angle":0,"value":6,"var":"vfx.hwaves.strength","type":"ease"},{"var":"vfx.hwaves.strength","type":"ease","angle":90,"value":0,"time":32,"duration":1},{"duration":1,"type":"ease","angle":90,"value":10,"var":"vfx.hwaves.strength","time":31.5},{"r":200,"id":"space","type":"deco","angle":60,"time":42.5,"duration":4},{"r":180,"id":"space","type":"deco","angle":30,"time":47.5,"duration":2},{"r":-100,"id":"space","type":"deco","angle":0,"time":49.5,"duration":20},{"r":0,"b":0,"angle":135,"color":5,"type":"setColor","duration":10,"time":96.5,"g":0},{"type":"noise","angle":225,"chance":0.30000001192093,"time":128.5,"color":1},{"enable":true,"type":"hom","angle":255,"time":128.5},{"r":0,"b":0,"angle":195,"color":1,"type":"setColor","duration":0.5,"time":128.5,"g":0},{"type":"ease","angle":90,"value":1,"var":"vfx.hwaves.strength","time":152},{"type":"ease","angle":120,"value":2,"var":"vfx.hwaves.strength","time":153},{"type":"ease","angle":180,"value":3,"var":"vfx.hwaves.strength","time":154},{"type":"ease","angle":270,"value":4,"var":"vfx.hwaves.strength","time":155},{"var":"vfx.hwaves.strength","duration":2,"angle":60,"value":8,"time":156,"type":"ease"},{"var":"vfx.hwaves.strength","type":"ease","angle":90,"value":0,"time":158.5,"duration":2},{"type":"noise","angle":105,"color":0,"chance":0.5,"time":160.5},{"enable":true,"type":"hom","angle":90,"time":160.5},{"r":360,"id":"space","duration":6,"angle":135,"ease":"outSine","time":160.5,"type":"deco"},{"r":255,"b":255,"type":"setColor","angle":150,"color":5,"time":160.5,"g":255},{"r":0,"b":0,"type":"setColor","angle":165,"color":6,"time":160.5,"g":0},{"r":255,"b":255,"type":"setColor","angle":180,"time":160.5,"color":1,"g":255},{"r":0,"b":0,"angle":195,"time":160.5,"type":"setColor","duration":0.5,"order":1,"color":0,"g":0},{"r":0,"b":0,"type":"setColor","angle":210,"time":160.5,"color":7,"g":0},{"r":180,"id":"space","type":"deco","angle":120,"ease":"inSine","time":166.5,"duration":5},{"r":0,"id":"space","duration":5,"angle":75,"ease":"outSine","time":171.5,"type":"deco"},{"r":360,"id":"space","type":"deco","angle":90,"ease":"outSine","time":176.5,"duration":16},{"r":0,"b":0,"angle":120,"time":96.5,"type":"setColor","duration":10,"color":0,"g":0},{"type":"ease","angle":105,"value":20,"var":"p.bodyRadius","time":128.5},{"r":0,"b":0,"angle":135,"time":215,"type":"setColor","duration":20,"color":1,"g":0},{"enable":true,"type":"outline","angle":120,"time":215,"color":2},{"time":224,"duration":50,"angle":15,"value":5,"var":"p.bodyRadius","type":"ease"},{"time":224,"duration":70,"angle":30,"value":0,"var":"p.paddleDistance","type":"ease"},{"time":224,"duration":50,"angle":45,"value":2,"var":"noteRadius","type":"ease"},{"enable":false,"type":"hom","angle":315,"time":224},{"type":"ease","var":"vfx.pixelate","duration":30,"angle":105,"value":1.2000000476837,"time":97,"ease":"linear"},{"type":"ease","angle":15,"value":1,"var":"vfx.pixelate","time":128.5},{"id":"space","type":"deco","angle":225,"time":222.5,"recolor":5},{"r":0,"b":0,"angle":210,"time":222.5,"duration":5,"type":"setColor","color":5,"g":0},{"type":"ease","var":"vfx.pixelate","duration":4,"angle":105,"value":1.2000000476837,"time":152,"ease":"inSine"},{"type":"ease","angle":75,"value":1,"var":"vfx.pixelate","time":160.5},{"time":158,"duration":1,"angle":105,"value":1,"var":"vfx.pixelate","type":"ease"},{"time":192.5,"duration":2,"angle":165,"value":10,"var":"vfx.hwaves.strength","type":"ease"},{"type":"ease","duration":0.5,"angle":165,"value":0,"time":194,"var":"vfx.hwaves.strength"},{"duration":2,"type":"ease","angle":135,"value":1.2000000476837,"var":"vfx.pixelate","time":192.5},{"time":194,"duration":0.5,"angle":135,"value":1,"var":"vfx.pixelate","type":"ease"},{"r":255,"b":255,"type":"setColor","angle":105,"color":1,"time":192.5,"g":255},{"r":255,"b":255,"type":"setColor","angle":45,"time":192.5,"color":5,"g":255},{"r":255,"b":255,"angle":225,"color":0,"type":"setColor","order":0,"time":160.5,"g":255},{"r":255,"b":255,"angle":300,"color":0,"type":"setColor","order":0,"time":192.5,"g":255},{"r":0,"b":0,"angle":225,"color":0,"duration":1,"type":"setColor","order":1,"time":192.5,"g":0},{"type":"noise","angle":345,"color":0,"chance":0.30000001192093,"time":192.5},{"enable":true,"type":"hom","angle":0,"time":192.5},{"r":190,"b":190,"angle":90,"time":161,"type":"setColor","duration":30,"color":1,"g":190},{"r":0,"id":"space","duration":8,"angle":285,"ease":"outSine","time":192.5,"type":"deco"},{"r":-360,"id":"space","type":"deco","angle":105,"time":199.5,"duration":30},{"duration":2,"var":"p.x","type":"ease","angle":225,"ease":"inOutSine","time":65,"value":275},{"duration":7,"var":"p.x","type":"ease","angle":292.5,"ease":"inSine","time":67.5,"value":325},{"duration":6.5,"var":"p.x","type":"ease","angle":67.5,"ease":"outSine","time":75,"value":300},{"type":"ease","angle":270,"value":100,"var":"vfx.angleTwist.offset","time":66.5},{"type":"noise","angle":247.5,"time":66.5,"chance":0.30000001192093,"color":1},{"enable":true,"type":"hom","angle":225,"time":66.5},{"type":"noise","angle":247.5,"time":67,"chance":0,"color":0},{"enable":false,"type":"hom","angle":225,"time":67},{"r":0,"b":0,"angle":202.5,"time":66.5,"duration":0.5,"type":"setColor","color":1,"g":0},{"r":255,"b":255,"angle":180,"time":67,"duration":4,"type":"setColor","color":1,"g":255},{"type":"noise","angle":360,"time":74.5,"chance":0.30000001192093,"color":1},{"type":"noise","angle":360,"time":75,"chance":0,"color":0},{"enable":true,"type":"hom","angle":315,"time":74.5},{"enable":false,"type":"hom","angle":315,"time":75},{"r":0,"b":0,"angle":247.5,"color":1,"duration":0.5,"type":"setColor","time":74.5,"g":0},{"r":255,"b":255,"angle":247.5,"color":1,"duration":4,"type":"setColor","time":75,"g":255},{"r":0,"b":0,"angle":202.5,"time":82.5,"duration":0.5,"type":"setColor","color":1,"g":0},{"r":255,"b":255,"angle":202.5,"time":83,"duration":4,"type":"setColor","color":1,"g":255},{"enable":true,"type":"hom","angle":225,"time":82.5},{"enable":false,"type":"hom","angle":225,"time":83},{"type":"noise","angle":247.5,"chance":0.30000001192093,"color":1,"time":82.5},{"type":"noise","angle":247.5,"chance":0,"color":0,"time":83},{"type":"noise","angle":225,"chance":0.30000001192093,"color":1,"time":90.5},{"type":"noise","angle":225,"chance":0,"color":0,"time":91},{"r":0,"b":0,"angle":247.5,"color":1,"duration":0.5,"type":"setColor","time":90.5,"g":0},{"r":255,"b":255,"angle":247.5,"color":1,"duration":4,"type":"setColor","time":91,"g":255},{"enable":true,"type":"hom","angle":292.5,"time":90.5},{"enable":false,"type":"hom","angle":292.5,"time":91},{"type":"ease","angle":135,"value":0,"var":"vfx.angleTwist.offset","time":90.5},{"type":"ease","angle":67.5,"value":-40,"time":74.5,"var":"vfx.angleTwist.offset"},{"type":"ease","angle":157.5,"value":120,"var":"vfx.angleTwist.offset","time":82.5},{"r":300,"id":"space","type":"deco","angle":157.5,"time":66.5,"duration":10},{"r":0,"id":"space","type":"deco","angle":90,"time":74.5,"duration":10},{"r":200,"id":"space","duration":8,"angle":135,"time":82.5,"type":"deco"},{"type":"ease","angle":45,"value":100,"var":"vfx.angleTwist.offset","time":160.5},{"type":"ease","angle":22.5,"value":-100,"var":"vfx.angleTwist.offset","time":192.5},{"type":"ease","angle":180,"value":0,"var":"vfx.angleTwist.offset","time":222.5},{"type":"noise","angle":135,"color":1,"time":222.5,"chance":0.30000001192093},{"type":"noise","angle":135,"color":0,"time":223,"chance":0},{"enable":false,"type":"hom","angle":112.5,"time":223},{"enable":true,"type":"hom","angle":112.5,"time":222.5},{"r":0,"b":0,"angle":45,"color":1,"time":222.5,"type":"setColor","order":1,"duration":0.5,"g":0},{"r":255,"b":255,"angle":22.5,"color":1,"time":222.5,"duration":0,"order":0,"type":"setColor","g":255},{"ox":25,"sx":0.65000003576279,"sy":0.65000003576279,"sprite":"circle.png","angle":22.5,"time":57,"y":-15,"oy":25,"id":"star10","type":"deco","order":0,"recolor":4,"x":300},{"id":"star10","x":300,"y":180,"angle":45,"time":57,"sx":0.65000003576279,"duration":1.3500000238419,"order":1,"type":"deco","sy":0.65000003576279},{"id":"star10","type":"deco","angle":22.5,"hide":true,"time":58},{"ox":25,"sx":0.65000003576279,"sy":0.65000003576279,"sprite":"circle.png","angle":112.5,"time":57,"id":"star11","oy":25,"y":367,"type":"deco","order":0,"x":490,"recolor":4},{"id":"star11","x":300,"y":180,"angle":135,"time":57,"sy":0.65000003576279,"duration":1.8600000143051,"order":1,"type":"deco","sx":0.65000003576279},{"id":"star11","type":"deco","angle":157.5,"hide":true,"time":58.5},{"ox":25,"sx":0.65000003576279,"sy":0.65000003576279,"sprite":"circle.png","angle":270,"time":57.5,"x":35,"oy":25,"recolor":4,"type":"deco","order":0,"id":"star12","y":180},{"id":"star12","x":300,"y":180,"angle":247.5,"time":57.5,"duration":1.8999999761581,"order":1,"type":"deco"},{"id":"star12","type":"deco","angle":292.5,"hide":true,"time":59},{"ox":25,"sx":0.65000003576279,"sy":0.65000003576279,"sprite":"circle.png","angle":180,"time":58.25,"recolor":4,"oy":25,"x":389,"type":"deco","order":0,"y":390,"id":"star13"},{"id":"star13","x":300,"y":180,"angle":157.5,"time":58.25,"sx":0.65000003576279,"type":"deco","order":1,"duration":1.6499999761581,"sy":0.65000003576279},{"id":"star13","type":"deco","angle":135,"hide":true,"time":59.5},{"ox":25,"sx":0.65000003576279,"sy":0.65000003576279,"sprite":"circle.png","angle":45,"time":59.25,"id":"star14","recolor":4,"oy":25,"type":"deco","order":0,"x":389,"y":-30},{"id":"star14","sy":0.65000003576279,"y":180,"angle":22.5,"time":59.25,"x":300,"type":"deco","order":1,"duration":1.6499999761581,"sx":0.65000003576279},{"id":"star14","type":"deco","angle":45,"hide":true,"time":60.5},{"ox":25,"sx":0.65000003576279,"sy":0.65000003576279,"sprite":"circle.png","angle":247.5,"time":60,"id":"star15","recolor":4,"x":58,"type":"deco","order":0,"oy":25,"y":284},{"id":"star15","sy":0.65000003576279,"y":180,"angle":225,"time":60,"sx":0.65000003576279,"type":"deco","order":1,"duration":1.8999999761581,"x":300},{"id":"star15","type":"deco","angle":225,"time":61.5,"hide":true},{"ox":25,"sx":0.65000003576279,"sy":0.65000003576279,"sprite":"circle.png","angle":45,"time":61.25,"recolor":4,"oy":25,"y":-30,"type":"deco","order":0,"x":389,"id":"star16"},{"id":"star16","x":300,"y":180,"angle":22.5,"time":61.25,"sy":0.65000003576279,"type":"deco","order":1,"duration":1.6499999761581,"sx":0.65000003576279},{"id":"star16","type":"deco","angle":45,"hide":true,"time":62.5},{"ox":25,"sx":0.65000003576279,"sy":0.65000003576279,"sprite":"circle.png","angle":292.5,"time":61.5,"y":284,"recolor":4,"id":"star17","type":"deco","order":0,"x":58,"oy":25},{"id":"star17","x":300,"y":180,"angle":270,"time":61.5,"sy":0.65000003576279,"duration":1.8999999761581,"order":1,"sx":0.65000003576279,"type":"deco"},{"id":"star17","type":"deco","angle":225,"hide":true,"time":63},{"ox":25,"sx":0.65000003576279,"sy":0.65000003576279,"sprite":"circle.png","angle":180,"time":62.25,"y":390,"id":"star18","recolor":4,"type":"deco","order":0,"x":389,"oy":25},{"sx":0.65000003576279,"x":300,"y":180,"angle":157.5,"time":62.25,"id":"star18","type":"deco","order":1,"duration":1.6499999761581,"sy":0.65000003576279},{"id":"star18","type":"deco","angle":180,"hide":true,"time":63.5},{"ox":25,"sx":0.65000003576279,"sy":0.65000003576279,"sprite":"circle.png","angle":180,"time":89.75,"oy":25,"x":389,"id":"star19","type":"deco","order":0,"recolor":4,"y":390},{"id":"star19","sy":0.65000003576279,"y":180,"angle":157.5,"time":89.75,"sx":0.65000003576279,"type":"deco","order":1,"duration":1.6499999761581,"x":300},{"id":"star19","type":"deco","angle":180,"time":91,"hide":true},{"ox":25,"sx":0.65000003576279,"sy":0.65000003576279,"sprite":"circle.png","angle":270,"time":90,"id":"star20","y":180,"x":35,"type":"deco","order":0,"recolor":4,"oy":25},{"id":"star20","x":300,"y":180,"angle":247.5,"time":90,"duration":1.8999999761581,"order":1,"type":"deco"},{"id":"star20","type":"deco","angle":300,"time":91.5,"hide":true},{"ox":25,"sx":0.65000003576279,"sy":0.65000003576279,"sprite":"circle.png","angle":120,"time":91,"recolor":4,"oy":25,"y":180,"type":"deco","order":0,"id":"star21","x":565},{"id":"star21","x":300,"y":180,"angle":90,"time":91,"duration":1.8999999761581,"order":1,"type":"deco"},{"id":"star21","type":"deco","angle":120,"hide":true,"time":92.5},{"ox":25,"sx":0.65000003576279,"sy":0.65000003576279,"sprite":"circle.png","angle":30,"time":92.5,"y":-15,"oy":25,"x":300,"type":"deco","order":0,"id":"star22","recolor":4},{"sx":0.65000003576279,"x":300,"y":180,"angle":60,"time":92.5,"sy":0.65000003576279,"type":"deco","order":1,"duration":1.3500000238419,"id":"star22"},{"id":"star22","type":"deco","angle":30,"hide":true,"time":93.5},{"ox":25,"sx":0.65000003576279,"sy":0.65000003576279,"sprite":"circle.png","angle":90,"time":92.5,"recolor":4,"y":14,"oy":25,"type":"deco","order":0,"id":"star23","x":584},{"id":"star23","x":300,"y":180,"angle":60,"time":92.5,"duration":2.3800001144409,"order":1,"type":"deco"},{"id":"star23","type":"deco","angle":30,"time":94.5,"hide":true},{"id":"star24","x":300,"y":180,"angle":300,"time":93,"duration":2.3800001144409,"order":1,"type":"deco"},{"ox":25,"sx":0.65000003576279,"sy":0.65000003576279,"sprite":"circle.png","angle":270,"time":93,"y":14,"id":"star24","recolor":4,"type":"deco","order":0,"oy":25,"x":16},{"id":"star24","type":"deco","angle":270,"hide":true,"time":95},{"ox":25,"sx":0.65000003576279,"sy":0.65000003576279,"sprite":"circle.png","angle":225,"time":94,"y":409,"recolor":4,"id":"star26","type":"deco","order":0,"oy":25,"x":164},{"id":"star26","sy":0.65000003576279,"y":180,"angle":247.5,"time":94,"x":300,"duration":1.8600000143051,"order":1,"type":"deco","sx":0.65000003576279},{"id":"star26","type":"deco","angle":247.5,"time":95.5,"hide":true},{"type":"ease","angle":45,"value":1.2000000476837,"var":"vfx.pixelate","time":34.5},{"type":"ease","angle":22.5,"value":1,"var":"vfx.pixelate","time":35},{"type":"ease","angle":22.5,"value":1.2000000476837,"var":"vfx.pixelate","time":38.5},{"type":"ease","angle":45,"value":1,"var":"vfx.pixelate","time":39},{"type":"ease","angle":337.5,"value":1.2000000476837,"var":"vfx.pixelate","time":42.5},{"type":"ease","angle":360,"value":1,"var":"vfx.pixelate","time":43},{"type":"ease","angle":45,"value":1.2000000476837,"var":"vfx.pixelate","time":46.5},{"type":"ease","angle":45,"value":1,"var":"vfx.pixelate","time":47},{"type":"ease","angle":45,"value":1.2000000476837,"var":"vfx.pixelate","time":50.5},{"type":"ease","angle":67.5,"value":1,"var":"vfx.pixelate","time":51},{"type":"ease","angle":45,"value":1,"var":"vfx.pixelate","time":55},{"type":"ease","angle":45,"value":1.2000000476837,"var":"vfx.pixelate","time":54.5}],"metadata":{"artistLink":"https://www.youtube.com/@TheFatRat","artist":"TheFatRat","charter":"Piger","bgData":{"greenChannel":{"r":29,"b":129,"g":45},"yellowChannel":{"r":44,"b":184,"g":86},"magentaChannel":{"r":78,"b":216,"g":159},"cyanChannel":{"r":174,"b":231,"g":200},"redChannel":{"r":12,"b":42,"g":11},"image":"bg.png","blueChannel":{"r":25,"b":82,"g":26}},"songName":"MAYDAY feat. Laura Brehm (Cut Ver.)","bg":true,"difficulty":7,"description":"Im running out of air...\n\nSpecial thanks to Ratøri for teaching me how to use the editor and creating decorations!\n"}}