{"events":[{"time":0,"type":"play","file":"wowzers.ogg","volume":5,"angle":90,"bpm":132},{"g":8,"name":"song starts","b":8,"time":7,"type":"bookmark","description":"","angle":67.5,"r":192},{"time":-10,"voidColor":5,"angle":157.5,"type":"setBgColor","color":2},{"time":1,"g":255,"type":"setColor","b":255,"angle":135,"r":255,"color":2},{"g":255,"b":225,"color":2,"duration":1.5,"time":5,"angle":90,"type":"setColor","r":0},{"time":-10,"g":255,"type":"setColor","b":255,"angle":202.5,"r":255,"color":3},{"time":1,"g":255,"type":"setColor","b":255,"angle":112.5,"r":255,"color":1},{"g":0,"b":0,"color":1,"duration":1.5,"time":5,"angle":135,"type":"setColor","r":0},{"x":0,"y":0,"sx":0.60000002384186,"time":-10,"type":"deco","drawLayer":"bg","id":"1","sprite":"gay city.png","angle":247.5,"sy":0.60000002384186},{"g":40,"b":40,"color":7,"duration":1.5,"time":5,"angle":157.5,"type":"setColor","r":40},{"g":123,"b":123,"color":6,"duration":1.5,"time":5,"angle":180,"type":"setColor","r":123},{"g":146,"b":0,"color":4,"duration":1.5,"time":5,"angle":202.5,"type":"setColor","r":11},{"g":95,"b":0,"color":3,"duration":1.5,"time":5,"angle":225,"type":"setColor","r":152},{"time":-10,"g":255,"type":"setColor","b":255,"angle":292.5,"r":255,"color":6},{"time":-10,"g":255,"type":"setColor","b":255,"angle":315,"r":255,"color":7},{"time":-10,"g":255,"angle":180,"b":255,"type":"setColor","r":255,"color":4},{"time":-10,"g":0,"angle":90,"b":0,"type":"setColor","r":0,"color":5},{"time":-10,"enable":false,"angle":337.5,"var":"vfx.drawUI","type":"setBoolean"},{"time":5,"enable":true,"type":"setBoolean","var":"vfx.drawUI","angle":67.5},{"duration":0.5,"ease":"inOutBack","value":-270,"type":"ease","angle":112.5,"var":"vfx.comboX","time":22.5},{"x":150,"y":-100,"recolor":1,"type":"deco","time":22,"angle":67.5,"outline":true,"id":"2","sprite":"strangehorizon.png","drawLayer":"bg","sy":0.40000000596046,"sx":0.40000000596046},{"time":22.5,"y":0,"ease":"inOutBack","id":"2","angle":67.5,"type":"deco","duration":0.5},{"time":35,"y":-100,"ease":"inOutBack","id":"2","angle":22.5,"type":"deco","duration":1},{"x":140,"y":-100,"recolor":1,"angle":67.5,"time":36.5,"type":"deco","outline":true,"id":"3","sprite":"feastyoureyes.png","drawLayer":"bg","sy":0.3999999165535,"sx":0.3999999165535},{"time":38,"y":5,"ease":"inOutBack","id":"3","angle":45,"type":"deco","duration":1},{"time":2,"value":2,"angle":135,"var":"vfx.hglitch.strength","type":"ease"},{"time":2,"value":0.5,"angle":112.5,"var":"vfx.hglitch.resolution","type":"ease"},{"g":204,"b":0,"color":0,"duration":1.5,"time":5,"angle":247.5,"type":"setColor","r":12},{"time":50,"y":-100,"ease":"inOutBack","id":"3","angle":90,"type":"deco","duration":1},{"x":30,"y":-100,"recolor":1,"angle":90,"time":54,"type":"deco","outline":true,"id":"4","sprite":"anewdreamland.png","drawLayer":"bg","sy":0.3999999165535,"sx":0.3999999165535},{"time":-10,"value":0,"angle":22.5,"var":"vfx.canvPos.sy","type":"ease"},{"time":-10,"value":1,"angle":45,"var":"vfx.canvPos.ky","type":"ease"},{"time":1.5,"ease":"inOutBack","value":0,"type":"ease","angle":67.5,"var":"vfx.canvPos.ky","duration":3},{"duration":3,"ease":"inOutBack","value":1,"angle":90,"type":"ease","var":"vfx.canvPos.sy","time":1.5},{"time":-10,"enable":true,"angle":135,"type":"outline","color":0},{"x":0,"y":0,"time":-10,"type":"deco","id":"1234","sprite":"top.png","angle":112.5,"outline":true},{"time":56,"y":5,"ease":"inOutBack","id":"4","type":"deco","angle":112.5,"duration":0.5},{"time":65.5,"y":-100,"ease":"inOutBack","id":"4","type":"deco","angle":270,"duration":2},{"x":75,"y":-100,"recolor":1,"drawLayer":"bg","time":71,"sx":0.3999999165535,"outline":true,"id":"5","sprite":"alongtheway.png","type":"deco","sy":0.3999999165535,"angle":67.5},{"time":71.75,"y":8,"ease":"inOutBack","id":"5","type":"deco","angle":135,"duration":0.5},{"time":81,"y":-100,"ease":"inOutBack","id":"5","angle":202.5,"type":"deco","duration":2},{"x":50,"y":-100,"recolor":1,"angle":45,"time":87.5,"sx":0.3999999165535,"id":"6","outline":true,"sprite":"noonecan.png","type":"deco","sy":0.3999999165535,"drawLayer":"bg"},{"time":88,"y":10,"ease":"inOutBack","id":"6","type":"deco","angle":45,"duration":0.5},{"time":100.5,"y":-100,"ease":"inOutBack","id":"6","type":"deco","angle":112.5,"duration":2},{"x":75,"y":-100,"recolor":1,"drawLayer":"bg","time":102,"sx":0.3999999165535,"outline":true,"id":"7","sprite":"theskysopenedup.png","angle":90,"sy":0.3999999165535,"type":"deco"},{"time":103,"y":10,"ease":"inOutBack","id":"7","angle":90,"type":"deco","duration":2},{"time":186,"type":"showResults","angle":90},{"time":115,"ease":"outCirc","value":0.5,"angle":22.5,"type":"ease","var":"scrollSpeed","duration":2},{"time":117,"ease":"inCirc","value":2,"type":"ease","angle":90,"var":"scrollSpeed","duration":2},{"time":115,"y":-100,"ease":"inOutBack","id":"7","angle":90,"type":"deco","duration":2},{"x":235,"y":-100,"recolor":1,"sx":0.3999999165535,"time":117,"angle":67.5,"id":"8","outline":true,"sprite":"runningwild.png","type":"deco","sy":0.3999999165535,"drawLayer":"bg"},{"time":117.5,"y":5,"ease":"inOutBack","id":"8","type":"deco","duration":2,"angle":337.5},{"time":122,"y":-100,"ease":"inOutBack","id":"8","angle":90,"duration":2,"type":"deco"},{"x":20,"y":-100,"recolor":1,"drawLayer":"bg","time":122,"sx":0.3999999165535,"outline":true,"id":"9","sprite":"letyourheart.png","angle":112.5,"sy":0.3999999165535,"type":"deco"},{"time":123.5,"y":10,"ease":"inOutBack","id":"9","type":"deco","duration":2,"angle":90},{"time":132,"y":-100,"ease":"inOutBack","id":"9","angle":180,"type":"deco","duration":2},{"x":200,"y":-100,"recolor":1,"sx":0.40000000596046,"time":133,"type":"deco","outline":true,"id":"10","sprite":"freshspringbreeze.png","drawLayer":"bg","sy":0.40000000596046,"angle":180},{"time":134,"y":10,"ease":"inOutBack","id":"10","angle":135,"type":"deco","duration":2},{"time":138,"y":-100,"ease":"inOutBack","id":"10","angle":45,"type":"deco","duration":2},{"x":25,"y":-100,"recolor":1,"type":"deco","time":138,"sx":0.3999999165535,"id":"11","outline":true,"sprite":"adventureiswaiting.png","angle":67.5,"sy":0.3999999165535,"drawLayer":"bg"},{"time":139,"y":10,"ease":"inOutBack","id":"11","angle":315,"duration":2,"type":"deco"},{"time":158.5,"y":-100,"ease":"inOutBack","id":"11","angle":22.5,"duration":10,"type":"deco"},{"time":161,"value":1,"angle":45,"var":"scrollSpeed","type":"ease"},{"g":255,"b":255,"color":2,"time":183,"duration":1.5,"type":"setColor","angle":90,"r":255},{"g":255,"b":255,"color":1,"time":183,"duration":1.5,"type":"setColor","angle":135,"r":255},{"g":255,"b":255,"color":7,"time":183,"duration":1.5,"type":"setColor","angle":157.5,"r":255},{"g":255,"b":255,"color":6,"time":183,"duration":1.5,"type":"setColor","angle":180,"r":255},{"g":255,"b":255,"color":4,"time":183,"duration":1.5,"type":"setColor","angle":202.5,"r":255},{"g":255,"b":255,"color":3,"time":183,"duration":1.5,"type":"setColor","angle":225,"r":255},{"time":183.5,"enable":false,"type":"setBoolean","var":"vfx.drawUI","angle":67.5},{"g":255,"b":255,"color":0,"time":183,"duration":1.5,"type":"setColor","angle":247.5,"r":255},{"time":183,"ease":"inOutBack","value":0,"angle":67.5,"type":"ease","var":"vfx.canvPos.sy","duration":3},{"time":183,"ease":"inOutBack","value":1,"type":"ease","angle":112.5,"var":"vfx.canvPos.ky","duration":3}],"properties":{"speed":70,"offset":8,"startingBeat":-3,"formatversion":13},"metadata":{"songName":"Welcome to the New World!","artist":"Neichel; Shinya Kumazaki; Tadashi Ikegami; Taro Nagata; Yuuta Ogasawara","bg":true,"bgData":{"yellowChannel":{"g":0,"r":0,"b":0},"redChannel":{"g":255,"r":0,"b":255},"blueChannel":{"g":95,"r":152,"b":0},"greenChannel":{"g":146,"r":11,"b":0},"image":"gay city.png","magentaChannel":{"g":123,"r":123,"b":123},"cyanChannel":{"g":40,"r":40,"b":40}},"difficulty":0,"charter":"Tri The Kitten","description":"i guess you can say this land truly has been forgotten, huh kirby?\n\n\"poyo\"\n\nMechanics used: Sides, Mines\n\nITS NOT ENCHANTMENT TABLE LANGUAGE ITS NEW WORLD GET IT RIGHT","artistLink":""}}