{"properties":{"offset":8,"formatversion":13,"speed":100,"loadBeat":-1},"metadata":{"artistLink":"","songName":"Bank of America Notice","description":"Please press 0 for details, and the Chinese customer service will serve you.","difficulty":2,"artist":"Chinese Voice Department","bg":false,"charter":"Random22"},"events":[{"time":-0.5,"type":"play","volume":5,"angle":292.5,"file":"Chinese Voice Department.ogg","bpm":129.58000183105,"offset":3.335000038147},{"time":-1,"g":16,"angle":292.5,"color":2,"b":46,"r":255,"type":"setColor"},{"time":-1,"g":36,"angle":315,"color":3,"type":"setColor","b":108,"r":3},{"drawLayer":"bg","sprite":"Bank-of-America-Logo.png","time":-1,"id":"BG","type":"deco","x":0,"y":0,"angle":247.5},{"time":0.87732625007629,"angle":247.5,"type":"deco","id":"TXT","x":0,"y":0,"sprite":"TXT1.png"},{"time":5.2142238616943,"angle":247.5,"id":"TXT","type":"deco","sprite":"TXT2.png"},{"time":12.514197349548,"angle":247.5,"id":"TXT","type":"deco","sprite":"TXT3.png"},{"time":16.315614700317,"angle":247.5,"id":"TXT","type":"deco","sprite":"TXT4.png"},{"time":22.452463150024,"angle":247.5,"id":"TXT","type":"deco","sprite":"TXT5.png"},{"time":27.327482223511,"angle":247.5,"id":"TXT","type":"deco","sprite":"TXT6.png"},{"time":33,"hide":true,"id":"TXT","type":"deco","angle":247.5}]}