[{"angle":315,"tap":true,"time":-0,"type":"block"},{"type":"block","angle":326.25,"time":-0.0625},{"type":"block","angle":337.5,"time":-0.125},{"type":"block","angle":348.75,"time":-0.25},{"type":"block","angle":270,"time":0.5},{"type":"block","angle":225,"time":1},{"type":"block","angle":180,"time":1.5},{"type":"block","angle":225,"time":2},{"type":"block","angle":247.5,"time":2.5},{"type":"block","angle":292.5,"time":3},{"type":"block","angle":337.5,"time":3.5},{"type":"side","angle":270,"time":4},{"type":"block","angle":202.5,"time":4.5},{"type":"block","angle":157.5,"time":5},{"type":"block","angle":202.5,"time":5.5},{"type":"block","angle":247.5,"time":6},{"type":"block","angle":202.5,"time":6.5},{"type":"block","angle":157.5,"time":7},{"type":"block","angle":112.5,"time":7.5},{"angle":33.75,"tap":true,"time":8,"type":"block"},{"type":"block","angle":45,"time":7.9375},{"type":"block","angle":56.25,"time":7.875},{"type":"block","angle":67.5,"time":7.8125},{"type":"block","angle":337.5,"time":8.5},{"type":"block","angle":22.5,"time":9},{"type":"block","angle":67.5,"time":9.5},{"type":"block","angle":112.5,"time":10},{"type":"block","angle":157.5,"time":10.5},{"type":"block","angle":112.5,"time":11},{"type":"block","angle":67.5,"time":11.5},{"type":"side","angle":135,"time":12},{"type":"block","angle":180,"time":12.5},{"type":"block","angle":225,"time":13},{"type":"block","angle":180,"time":13.5},{"type":"block","angle":225,"time":14},{"type":"block","angle":270,"time":14.5},{"type":"block","angle":315,"time":15},{"type":"block","angle":270,"time":15.5},{"angle":202.5,"tap":true,"time":16,"type":"block"},{"type":"block","angle":213.75,"time":15.9375},{"type":"block","angle":225,"time":15.875},{"type":"block","angle":236.25,"time":15.8125},{"type":"block","angle":157.5,"time":16.5},{"type":"block","angle":202.5,"time":17},{"type":"block","angle":247.5,"time":17.5},{"type":"block","angle":292.5,"time":18},{"type":"block","angle":247.5,"time":18.5},{"type":"block","angle":202.5,"time":19},{"type":"block","angle":157.5,"time":19.5},{"type":"side","angle":90,"time":20},{"type":"block","angle":45,"time":20.5},{"type":"block","angle":0,"time":21},{"type":"block","angle":45,"time":21.5},{"type":"block","angle":90,"time":22},{"type":"block","angle":135,"time":22.5},{"type":"block","angle":180,"time":23},{"type":"block","angle":225,"time":23.5},{"angle":292.5,"tap":true,"time":24,"type":"side"},{"angle":292.5,"tap":true,"time":25,"type":"side"},{"type":"block","angle":337.5,"time":24.333333969116},{"type":"block","angle":22.5,"time":24.666666030884},{"type":"block","angle":247.5,"time":25.333333969116},{"type":"block","angle":202.5,"time":25.666666030884},{"type":"block","angle":247.5,"time":26},{"type":"block","angle":292.5,"time":26.5},{"type":"block","angle":247.5,"time":27},{"type":"block","angle":202.5,"time":27.5},{"type":"side","angle":292.5,"time":28},{"type":"block","angle":337.5,"time":28.5},{"type":"block","angle":22.5,"time":29},{"type":"block","angle":337.5,"time":29.5},{"angle":292.5,"tap":true,"time":30,"type":"block"},{"angle":270,"duration":0.5,"holdEase":"outSine","angle2":225,"type":"hold","time":33},{"angle":225,"duration":0.5,"holdEase":"inSine","angle2":292.5,"type":"hold","time":33.5},{"angle":315,"time":34,"endAngle":292.5,"spinEase":"inExpo","tap":true,"type":"block"},{"angle":326.25,"time":33.9375,"endAngle":281.25,"spinEase":"inExpo","type":"block"},{"angle":337.5,"time":33.875,"endAngle":270,"spinEase":"inExpo","type":"block"},{"angle":348.75,"time":33.8125,"endAngle":258.75,"spinEase":"inExpo","type":"block"},{"type":"block","angle":337.5,"time":34.5},{"type":"block","angle":292.5,"time":35},{"type":"block","angle":247.5,"time":35.5},{"type":"block","angle":202.5,"time":36},{"type":"block","angle":247.5,"time":36.5},{"type":"block","angle":292.5,"time":37},{"type":"block","angle":337.5,"time":37.5},{"type":"side","angle":67.5,"time":38},{"type":"block","angle":135,"time":38.5},{"type":"block","angle":90,"time":39},{"type":"block","angle":45,"time":39.5},{"type":"block","angle":0,"time":40},{"type":"block","angle":315,"time":40.5},{"angle":270,"tap":true,"time":41,"type":"block"}]