{"events":[{"angle":90,"type":"play","volume":1,"bpm":135,"time":0,"offset":0.059999983757734,"file":"otis.ogg"},{"angle":0,"enable":true,"type":"outline","time":-2,"color":3},{"angle":270,"time":350,"type":"showResults"},{"angle":180,"type":"paddles","duration":0,"paddle":1,"newWidth":50,"time":-2,"ease":"linear"},{"angle":337.5,"order":-1,"time":15,"duration":0,"type":"paddles","newWidth":120,"paddle":1,"ease":"linear"},{"angle":348.75,"type":"paddles","duration":1,"paddle":1,"newWidth":90,"time":15,"ease":"inCirc"},{"angle":337.5,"description":"","r":255,"time":0.0625,"name":"intro","type":"bookmark","g":0,"b":0},{"angle":180,"description":"","r":255,"time":16,"name":"start!","type":"bookmark","g":0,"b":0},{"angle":337.5,"rotationinfluence":0.25,"sx":1.2000000476837,"sy":1.2000000476837,"time":-2,"y":-384,"sprite":"background.png","x":-384,"type":"deco","drawLayer":"bg","id":"parented bg","parentid":"@player"},{"angle":270,"description":"","r":255,"time":80,"name":"start 2","type":"bookmark","g":0,"b":0},{"angle":90,"type":"paddles","duration":2,"paddle":1,"newWidth":70,"time":78,"ease":"outBack"},{"angle":-90,"description":"","r":255,"time":112,"name":"theme 1","type":"bookmark","g":0,"b":0},{"angle":180,"paddle":2,"duration":2,"enabled":true,"type":"paddles","newAngle":180,"newWidth":60,"time":110,"ease":"outCirc"},{"angle":-180,"description":"","r":255,"time":144,"name":"woh","type":"bookmark","g":0,"b":0},{"angle":360,"description":"","r":255,"time":176,"name":"woh 2","type":"bookmark","g":0,"b":0},{"angle":-90,"var":"scrollSpeed","type":"ease","duration":2,"time":142,"value":3,"ease":"inBack"},{"angle":90,"description":"","r":255,"time":208,"name":"best part","type":"bookmark","g":0,"b":0},{"angle":315,"var":"vfx.angleTwist.offset","type":"ease","duration":1,"time":15,"value":-90,"ease":"outSine"},{"angle":157.5,"var":"vfx.angleTwist.offset","type":"ease","time":46,"value":0,"duration":1},{"angle":315,"start":0,"ease":"outSine","value":90,"duration":2,"var":"vfx.angleTwist.offset","type":"ease","time":47},{"angle":382.5,"var":"vfx.angleTwist.offset","type":"ease","time":78,"value":0,"duration":1},{"angle":157.5,"start":0,"ease":"outSine","value":-180,"duration":1,"var":"vfx.angleTwist.offset","type":"ease","time":110},{"angle":-22.5,"var":"vfx.angleTwist.offset","type":"ease","duration":2,"time":144,"value":360,"ease":"outCirc"},{"angle":360,"var":"vfx.angleTwist.offset","type":"ease","duration":2,"time":160,"value":-360,"ease":"outSine"},{"angle":90,"var":"scrollSpeed","type":"ease","time":174,"value":2,"duration":2},{"duration":2,"var":"scrollSpeed","type":"ease","angle":-90,"time":206,"value":0.80000001192093,"ease":"outExpo"},{"duration":2,"var":"vfx.angleTwist.offset","type":"ease","angle":-101.25,"time":206,"value":0,"ease":"outCirc"},{"angle":90,"type":"paddles","newAngle":0,"paddle":2,"ease":"outBack","time":207,"duration":0.5},{"duration":0,"enabled":false,"type":"paddles","angle":90,"ease":"linear","time":207.5,"paddle":2},{"angle":-360,"type":"paddles","duration":0.5,"paddle":1,"newWidth":120,"time":184,"ease":"outBack"},{"angle":0,"type":"paddles","duration":0.5,"paddle":1,"newWidth":70,"time":184.5,"ease":"linear"},{"angle":540,"type":"paddles","duration":0.5,"paddle":1,"newWidth":120,"time":192,"ease":"outBack"},{"angle":180,"type":"paddles","duration":0.5,"paddle":1,"newWidth":70,"time":192.5,"ease":"linear"},{"angle":-360,"type":"paddles","duration":0.5,"paddle":1,"newWidth":120,"time":200,"ease":"outBack"},{"angle":22.5,"type":"paddles","duration":0.5,"paddle":1,"newWidth":70,"time":200.5,"ease":"linear"},{"angle":0,"description":"","r":255,"time":272,"name":"ending","type":"bookmark","g":0,"b":0},{"duration":2,"var":"scrollSpeed","type":"ease","angle":270,"time":208,"value":1.5,"ease":"outBack"},{"angle":281.25,"var":"vfx.angleTwist.offset","type":"ease","duration":1,"time":208,"value":360,"ease":"outCirc"},{"angle":258.75,"type":"paddles","duration":0.25,"paddle":1,"newWidth":120,"time":208,"ease":"outBack"},{"angle":90,"type":"paddles","duration":1,"paddle":1,"newWidth":80,"time":209,"ease":"linear"},{"duration":2,"var":"vfx.angleTwist.offset","type":"ease","angle":270,"time":288,"value":-180,"ease":"outSine"},{"duration":2,"var":"vfx.angleTwist.offset","type":"ease","angle":-427.5,"time":320,"value":180,"ease":"outSine"},{"angle":180,"type":"paddles","duration":0,"paddle":1,"newWidth":80,"time":335.5,"ease":"linear"},{"angle":180,"type":"paddles","duration":10,"paddle":1,"newWidth":20,"time":337,"ease":"outQuad"},{"duration":10,"var":"vfx.angleTwist.offset","type":"ease","angle":168.75,"time":337,"value":0,"ease":"outQuad"},{"duration":10,"var":"scrollSpeed","type":"ease","angle":191.25,"time":337,"value":0.5,"ease":"outQuad"},{"duration":2,"type":"paddles","angle":0,"paddle":1,"ease":"outSine","time":347,"newWidth":0},{"duration":0,"enabled":false,"type":"paddles","ease":"linear","paddle":1,"time":348.5,"angle":0},{"angle":270,"type":"paddles","duration":2,"paddle":1,"newWidth":70,"time":304,"ease":"linear"},{"angle":191.25,"type":"paddles","duration":2,"paddle":1,"newWidth":60,"time":110,"ease":"outCirc"},{"angle":101.25,"type":"paddles","duration":2,"paddle":1,"newWidth":70,"time":174,"ease":"linear"},{"angle":112.5,"type":"paddles","duration":2,"paddle":2,"newWidth":70,"time":174,"ease":"linear"},{"angle":0,"type":"setColor","r":0,"g":0,"time":-1,"color":0,"b":0},{"angle":33.75,"type":"setColor","r":255,"g":255,"time":-1,"color":3,"b":255},{"angle":270,"enable":true,"type":"hom","time":0},{"angle":45,"type":"noise","time":-2,"color":0,"chance":0.10000000149012},{"angle":292.5,"r":50,"time":0,"color":2,"duration":14,"type":"setColor","g":50,"b":50},{"angle":382.5,"type":"setColor","r":0,"g":0,"time":-1,"color":2,"b":0},{"angle":247.5,"var":"vfx.canvPos.sx","type":"ease","time":0,"value":1.1499999761581,"duration":14},{"duration":14,"var":"vfx.canvPos.sy","type":"ease","time":0,"value":1.1499999761581,"angle":236.25},{"duration":1,"var":"vfx.canvPos.sx","type":"ease","angle":11.25,"time":14,"value":1,"ease":"outCirc"},{"angle":22.5,"var":"vfx.canvPos.sy","type":"ease","duration":1,"time":14,"value":1,"ease":"outCirc"},{"angle":11.25,"rotationinfluence":1.5,"type":"deco","time":15,"id":"parented bg"},{"angle":270,"sx":1.2000000476837,"sy":1.2000000476837,"time":16,"parentid":"","order":-1,"sprite":"background.png","oy":320,"ox":320,"drawLayer":"bg","id":"bg","type":"deco"},{"angle":22.5,"type":"setColor","r":0,"g":0,"time":15,"color":0,"b":0},{"angle":56.25,"order":-1,"time":15,"color":2,"type":"setColor","g":255,"r":0,"b":160},{"angle":33.75,"type":"setColor","r":0,"g":255,"time":15,"color":1,"b":160},{"angle":112.5,"enable":false,"type":"hom","time":15},{"angle":123.75,"type":"noise","time":15,"color":0,"chance":0},{"angle":67.5,"r":0,"time":15,"color":2,"duration":1,"type":"setColor","g":50,"ease":"outSine","b":25},{"angle":135,"enable":false,"type":"outline","time":15,"color":0},{"angle":292.5,"type":"deco","hide":true,"id":"parented bg","time":16},{"duration":32,"type":"deco","r":-960,"time":16,"id":"bg","angle":281.25},{"angle":157.5,"start":50,"ease":"outCirc","value":0,"duration":1,"var":"vfx.hglitch.strength","type":"ease","time":16},{"angle":180,"type":"tag","tag":"color cycle 1","time":22,"angleOffset":false},{"angle":247.5,"type":"tag","tag":"color cycle 1","time":16,"angleOffset":false},{"duration":32,"type":"deco","r":0,"time":48,"id":"bg","angle":360},{"angleOffset":false,"type":"tag","tag":"color cycle 1","time":28,"angle":180},{"angleOffset":false,"type":"tag","tag":"color cycle 1","time":34,"angle":180},{"angleOffset":false,"type":"tag","tag":"color cycle 1","time":40,"angle":180},{"angle":168.75,"type":"tag","tag":"color cycle 1","time":46,"angleOffset":false},{"angle":225,"type":"tag","tag":"color cycle 1","time":82,"angleOffset":false},{"angleOffset":false,"type":"tag","tag":"color cycle 1","time":88,"angle":135},{"angleOffset":false,"type":"tag","tag":"color cycle 1","time":95,"angle":-225},{"angleOffset":false,"type":"tag","tag":"color cycle 1","time":101,"angle":135},{"angleOffset":false,"type":"tag","tag":"color cycle 1","time":107,"angle":225},{"angleOffset":false,"type":"tag","tag":"color cycle 1","time":113,"angle":180},{"duration":1,"type":"deco","r":180,"angle":270,"time":80.5,"id":"bg","ease":"outBack"},{"duration":32,"type":"deco","r":0,"time":112,"id":"bg","angle":0},{"angleOffset":false,"type":"tag","tag":"color cycle 1","time":119,"angle":180},{"angleOffset":false,"type":"tag","tag":"color cycle 1","time":125,"angle":180},{"angleOffset":false,"type":"tag","tag":"color cycle 1","time":131,"angle":180},{"angle":146.25,"type":"tag","tag":"color cycle 1","time":137,"angleOffset":false},{"angle":11.25,"type":"setColor","r":255,"g":255,"time":144,"color":0,"b":255},{"angle":67.5,"order":-1,"time":144,"color":2,"type":"setColor","g":255,"r":255,"b":255},{"angle":33.75,"r":255,"time":144,"color":1,"duration":4,"type":"setColor","g":0,"ease":"outSine","b":95},{"angle":78.75,"r":255,"time":144,"color":2,"duration":4,"type":"setColor","g":205,"ease":"outSine","b":230},{"angle":22.5,"order":-1,"time":144,"color":1,"type":"setColor","g":183,"r":236,"b":203},{"duration":16,"type":"deco","r":-960,"time":144,"id":"bg","angle":258.75},{"angleOffset":false,"type":"tag","tag":"color cycle 2","time":148,"angle":90},{"angle":90,"type":"tag","tag":"color cycle 2","time":156,"angleOffset":false},{"angle":90,"type":"tag","tag":"color cycle 2","time":164,"angleOffset":false},{"angle":-90,"type":"tag","tag":"color cycle 2","time":172,"angleOffset":false},{"angle":0,"type":"tag","tag":"color cycle 2","time":180,"angleOffset":false},{"angle":0,"type":"tag","tag":"color cycle 2","time":188,"angleOffset":false},{"angle":0,"type":"tag","tag":"color cycle 2","time":196,"angleOffset":false},{"angle":0,"type":"tag","tag":"color cycle 2","time":204,"angleOffset":false},{"angle":-180,"type":"tag","tag":"color cycle 2","time":212,"angleOffset":false},{"angleOffset":false,"type":"tag","tag":"color cycle 2","time":220,"angle":45},{"angle":-90,"type":"tag","tag":"color cycle 2","time":228,"angleOffset":false},{"angle":90,"type":"tag","tag":"color cycle 2","time":236,"angleOffset":false},{"angle":90,"type":"tag","tag":"color cycle 2","time":244,"angleOffset":false},{"angle":-90,"type":"tag","tag":"color cycle 2","time":252,"angleOffset":false},{"angle":0,"type":"tag","tag":"color cycle 2","time":260,"angleOffset":false},{"duration":2,"var":"vfx.angleTwist.offset","type":"ease","angle":427.5,"time":174,"value":-180,"ease":"outSine"},{"duration":48,"type":"deco","r":1920,"time":160,"id":"bg","angle":270},{"duration":80,"type":"deco","r":-2880,"time":208,"id":"bg","angle":247.5},{"angle":337.5,"r":255,"time":272,"color":1,"duration":1,"type":"setColor","g":255,"b":255},{"angle":-11.25,"r":255,"time":272,"color":0,"duration":2,"type":"setColor","g":0,"b":95},{"angle":-33.75,"r":255,"time":272,"color":2,"duration":2,"type":"setColor","g":55,"b":95},{"angle":180,"type":"tag","tag":"color cycle 3","time":274,"angleOffset":false},{"angleOffset":false,"type":"tag","tag":"color cycle 3","time":278,"angle":90},{"angle":-90,"type":"tag","tag":"color cycle 3","time":282,"angleOffset":false},{"angle":90,"type":"tag","tag":"color cycle 3","time":286,"angleOffset":false},{"angle":-90,"type":"tag","tag":"color cycle 3","time":289,"angleOffset":false},{"angle":90,"type":"tag","tag":"color cycle 3","time":293,"angleOffset":false},{"angle":-90,"type":"tag","tag":"color cycle 3","time":297,"angleOffset":false},{"angle":90,"type":"tag","tag":"color cycle 3","time":301,"angleOffset":false},{"angle":-90,"type":"tag","tag":"color cycle 3","time":305,"angleOffset":false},{"angle":90,"type":"tag","tag":"color cycle 3","time":309,"angleOffset":false},{"angle":-90,"type":"tag","tag":"color cycle 3","time":313,"angleOffset":false},{"angle":90,"type":"tag","tag":"color cycle 3","time":317,"angleOffset":false},{"angle":-90,"type":"tag","tag":"color cycle 3","time":321,"angleOffset":false},{"angle":90,"type":"tag","tag":"color cycle 3","time":325,"angleOffset":false},{"angle":-90,"type":"tag","tag":"color cycle 3","time":329,"angleOffset":false},{"angle":90,"type":"tag","tag":"color cycle 3","time":333,"angleOffset":false},{"duration":32,"type":"deco","r":1920,"time":288,"id":"bg","angle":292.5},{"angle":303.75,"type":"deco","r":0,"time":288,"id":"bg","order":-1},{"duration":15.5,"type":"deco","r":960,"time":320,"id":"bg","angle":270},{"angle":-360,"type":"tag","tag":"color cycle 1","time":52,"angleOffset":false},{"angle":-360,"type":"tag","tag":"color cycle 1","time":58,"angleOffset":false},{"angle":-360,"type":"tag","tag":"color cycle 1","time":64,"angleOffset":false},{"angle":-360,"type":"tag","tag":"color cycle 1","time":70,"angleOffset":false},{"angle":-360,"type":"tag","tag":"color cycle 1","time":76,"angleOffset":false},{"angle":191.25,"r":-990,"hide":true,"duration":11,"type":"deco","ease":"outSine","id":"bg","time":335.5},{"angle":270,"rotationinfluence":1.5,"sx":1.2000000476837,"sy":1.2000000476837,"time":335.5,"y":-384,"sprite":"background.png","x":-384,"type":"deco","drawLayer":"bg","id":"parented bg 2","parentid":"@player"},{"angle":157.5,"type":"deco","hide":true,"id":"parented bg 2","time":337},{"angle":213.75,"r":0,"time":337,"color":0,"duration":10,"type":"setColor","g":0,"ease":"outQuad","b":0},{"angle":247.5,"r":255,"time":337,"color":3,"duration":10,"type":"setColor","g":255,"ease":"outQuad","b":255},{"angle":596.25,"r":55,"time":337,"color":2,"duration":10,"type":"setColor","g":55,"ease":"outQuad","b":55},{"angle":630,"r":0,"time":347,"color":2,"duration":2,"type":"setColor","g":0,"ease":"outSine","b":0},{"angle":146.25,"type":"deco","time":337,"id":"bg","hide":false},{"angle":0,"start":1.25,"ease":"outSine","value":1,"repeats":31,"repeatDelay":2,"var":"scrollSpeed","type":"ease","duration":1,"time":17},{"angle":247.5,"var":"scrollSpeed","type":"ease","duration":2,"time":144,"value":1.5,"ease":"outSine"},{"angle":326.25,"type":"tag","tag":"scroll bouncy","time":214,"angleOffset":false},{"angle":180,"type":"tag","tag":"scroll bouncy","time":216,"angleOffset":false},{"angle":90,"type":"tag","tag":"scroll bouncy","time":220,"angleOffset":false},{"angleOffset":false,"type":"tag","tag":"scroll bouncy","time":222,"angle":180},{"angle":270,"type":"tag","tag":"scroll bouncy","time":212,"angleOffset":false},{"angle":180,"type":"tag","tag":"scroll bouncy","time":224,"angleOffset":false},{"angle":-360,"type":"tag","tag":"scroll bouncy","time":228,"angleOffset":false},{"angle":101.25,"type":"tag","tag":"scroll bouncy","time":230,"angleOffset":false},{"angle":101.25,"type":"tag","tag":"scroll bouncy","time":238,"angleOffset":false},{"angle":180,"type":"tag","tag":"scroll bouncy","time":232,"angleOffset":false},{"angle":56.25,"type":"tag","tag":"scroll bouncy","time":236,"angleOffset":false},{"angle":90,"type":"paddles","duration":1,"paddle":1,"newWidth":90,"time":239,"ease":"linear"},{"duration":1,"type":"deco","r":360,"angle":-270,"ease":"outBack","id":"bg","time":82.5},{"duration":1,"type":"deco","r":540,"angle":270,"ease":"outBack","id":"bg","time":84.5},{"duration":1,"type":"deco","r":720,"angle":-270,"time":86.5,"id":"bg","ease":"outBack"},{"duration":1,"type":"deco","r":540,"angle":-270,"ease":"outBack","id":"bg","time":88.5},{"duration":1,"type":"deco","r":360,"angle":270,"time":90.5,"id":"bg","ease":"outBack"},{"duration":1,"type":"deco","r":180,"angle":90,"time":92.5,"id":"bg","ease":"outBack"},{"duration":1,"type":"deco","r":0,"angle":270,"ease":"outBack","id":"bg","time":94.5},{"duration":2,"type":"deco","r":-960,"angle":270,"ease":"outCirc","id":"bg","time":110},{"duration":1,"type":"deco","r":180,"angle":270,"ease":"outBack","id":"bg","time":96.5},{"duration":1,"type":"deco","r":360,"time":98.5,"ease":"outBack","id":"bg","angle":-270},{"duration":1,"type":"deco","r":540,"angle":270,"time":100.5,"id":"bg","ease":"outBack"},{"duration":1,"type":"deco","r":720,"angle":-270,"ease":"outBack","id":"bg","time":102.5},{"duration":1,"type":"deco","r":540,"angle":-270,"time":104.5,"id":"bg","ease":"outBack"},{"duration":1,"type":"deco","r":360,"angle":270,"ease":"outBack","id":"bg","time":106.5},{"duration":1,"type":"deco","r":180,"angle":90,"ease":"outBack","id":"bg","time":108.5},{"angle":45,"type":"deco","r":0,"duration":1.5,"time":78,"id":"bg","ease":"outBack"}],"properties":{"loadBeat":-1,"offset":8,"formatversion":13,"speed":90},"metadata":{"bgData":{"redChannel":{"b":160,"g":255,"r":0},"blueChannel":{"b":95,"g":0,"r":255},"image":"cover.png","yellowChannel":{"b":255,"g":255,"r":255},"magentaChannel":{"b":25,"g":50,"r":0},"cyanChannel":{"b":230,"g":205,"r":255},"greenChannel":{"b":255,"g":255,"r":255}},"description":"[Flashing lights]\n\nenable restart on miss for the accurate super hexagon experience\n\n(don't actually do this please)","charter":"pois","bg":true,"songName":"Otis","artist":"chipzel","difficulty":8,"artistLink":"https://www.youtube.com/watch?v=JiWe8QoLUms"}}